cname,year,gggi_ggi,gggi_eas,gggi_pos,gggi_hss,gggi_pes,country
Afghanistan,2020,0.4444,0.5139,0.1796,0.9523,0.1317,Afghanistan
Afghanistan,2021,0.435,0.482,0.176,0.952,0.132,Afghanistan
Afghanistan,2022,0.405,0.482,0.188,0.952,0.0,Afghanistan
Albania,2005,0.6607,0.9888,0.6613,0.9553,0.0375,Albania
Albania,2006,0.6685,0.9925,0.6885,0.9553,0.0375,Albania
Albania,2007,0.6591,0.9907,0.6491,0.9553,0.0413,Albania
Albania,2008,0.6601,0.9906,0.6532,0.9553,0.0413,Albania
Albania,2009,0.6726,0.9942,0.6808,0.937,0.0785,Albania
Albania,2010,0.6748,0.9809,0.7129,0.9268,0.0784,Albania
Albania,2011,0.6655,0.989,0.6663,0.9313,0.0753,Albania
Albania,2012,0.6412,0.9755,0.6324,0.9313,0.0256,Albania
Albania,2013,0.6869,0.97,0.6534,0.9409,0.1834,Albania
Albania,2014,0.7009,0.9715,0.6715,0.9465,0.214,Albania
Albania,2015,0.7036,0.9863,0.6677,0.9465,0.214,Albania
Albania,2016,0.728,0.9864,0.673,0.9682,0.2844,Albania
Albania,2017,0.7339,0.9869,0.701,0.9632,0.2844,Albania
Albania,2019,0.7689,0.9986,0.743,0.9584,0.3755,Albania
Albania,2020,0.7699,0.9986,0.7484,0.956,0.3768,Albania
Albania,2021,0.787,0.999,0.774,0.956,0.419,Albania
Albania,2022,0.791,0.999,0.786,0.96,0.419,Albania
Albania,2023,0.7804,0.9576,0.7831,0.9618,0.4192,Albania
Algeria,2005,0.6018,0.9438,0.4428,0.9712,0.0495,Algeria
Algeria,2006,0.6068,0.9422,0.4643,0.9714,0.0495,Algeria
Algeria,2007,0.6111,0.9491,0.468,0.9714,0.0558,Algeria
Algeria,2008,0.6119,0.9505,0.4697,0.9714,0.0558,Algeria
Algeria,2009,0.6052,0.953,0.4666,0.9661,0.035,Algeria
Algeria,2010,0.5991,0.9502,0.4452,0.9661,0.035,Algeria
Algeria,2011,0.6112,0.9499,0.3776,0.9661,0.1511,Algeria
Algeria,2012,0.5966,0.9387,0.3307,0.9661,0.1511,Algeria
Algeria,2013,0.6182,0.9363,0.393,0.9661,0.1772,Algeria
Algeria,2014,0.6319,0.9463,0.4103,0.9661,0.2049,Algeria
Algeria,2015,0.642,0.9623,0.4346,0.9661,0.2049,Algeria
Algeria,2016,0.6286,0.9565,0.4425,0.9699,0.1455,Algeria
Algeria,2017,0.6291,0.9569,0.4519,0.9621,0.1455,Algeria
Algeria,2019,0.6336,0.9656,0.4613,0.9621,0.1454,Algeria
Algeria,2020,0.6329,0.9656,0.4562,0.9584,0.1514,Algeria
Algeria,2021,0.602,0.915,0.466,0.958,0.07,Algeria
Algeria,2022,0.573,0.951,0.317,0.958,0.065,Algeria
Algeria,2023,0.6118,0.9513,0.4701,0.9582,0.0678,Algeria
Angola,2005,0.6039,0.7792,0.5872,0.9796,0.0696,Angola
Angola,2006,0.6034,0.7792,0.5851,0.9796,0.0696,Angola
Angola,2007,0.6032,0.7779,0.5843,0.9796,0.0711,Angola
Angola,2008,0.6353,0.7779,0.5832,0.9796,0.2007,Angola
Angola,2009,0.6712,0.7854,0.6296,0.9796,0.2901,Angola
Angola,2010,0.6624,0.7864,0.5937,0.9796,0.2898,Angola
Angola,2012,0.6659,0.8062,0.6163,0.9796,0.2614,Angola
Angola,2013,0.6311,0.7211,0.5878,0.9754,0.2402,Angola
Angola,2014,0.6365,0.7255,0.5899,0.9796,0.2511,Angola
Angola,2015,0.6432,0.7777,0.5647,0.9796,0.2511,Angola
Angola,2016,0.6402,0.7628,0.5599,0.9761,0.2619,Angola
Angola,2017,0.6332,0.7447,0.6024,0.9796,0.2063,Angola
Angola,2019,0.6603,0.7591,0.6403,0.9796,0.2624,Angola
Angola,2020,0.6566,0.7591,0.6457,0.976,0.2455,Angola
Angola,2021,0.638,0.693,0.637,0.976,0.246,Angola
Angola,2022,0.656,0.738,0.605,0.976,0.305,Angola
Angola,2023,0.668,0.7433,0.5987,0.9764,0.3536,Angola
Azerbaijan,2006,0.6781,0.9715,0.7319,0.926,0.0831,Azerbaijan
Azerbaijan,2007,0.6856,0.9673,0.7863,0.9313,0.0575,Azerbaijan
Azerbaijan,2008,0.6626,0.9699,0.6863,0.9366,0.0575,Azerbaijan
Azerbaijan,2009,0.6446,0.9671,0.6352,0.9287,0.0473,Azerbaijan
Azerbaijan,2010,0.6577,0.9891,0.642,0.9331,0.0665,Azerbaijan
Azerbaijan,2011,0.6546,0.983,0.6489,0.92,0.0663,Azerbaijan
Azerbaijan,2012,0.6582,0.982,0.6591,0.9254,0.0663,Azerbaijan
Azerbaijan,2013,0.6753,0.984,0.7087,0.9441,0.0642,Azerbaijan
Azerbaijan,2014,0.6747,0.9842,0.7015,0.9497,0.0635,Azerbaijan
Azerbaijan,2015,0.6837,0.9878,0.728,0.9497,0.0695,Azerbaijan
Azerbaijan,2016,0.6762,0.9845,0.7165,0.9413,0.0625,Azerbaijan
Azerbaijan,2017,0.6798,0.9997,0.7156,0.9413,0.0625,Azerbaijan
Azerbaijan,2019,0.687,0.9963,0.748,0.9413,0.0626,Azerbaijan
Azerbaijan,2020,0.688,0.9963,0.7481,0.9388,0.0689,Azerbaijan
Azerbaijan,2021,0.687,0.995,0.744,0.941,0.069,Azerbaijan
Azerbaijan,2022,0.692,0.996,0.766,0.936,0.071,Azerbaijan
Azerbaijan,2023,0.6854,0.9853,0.7499,0.9379,0.0684,Azerbaijan
Argentina,2005,0.6829,0.9965,0.5513,0.9796,0.2044,Argentina
Argentina,2006,0.6982,0.996,0.6128,0.9796,0.2044,Argentina
Argentina,2007,0.7209,0.9941,0.607,0.9796,0.3027,Argentina
Argentina,2008,0.7211,0.9941,0.6029,0.9796,0.3077,Argentina
Argentina,2009,0.7187,0.9953,0.6024,0.9796,0.2976,Argentina
Argentina,2010,0.7236,0.9941,0.6124,0.9796,0.3084,Argentina
Argentina,2011,0.7212,0.9962,0.6075,0.9796,0.3018,Argentina
Argentina,2012,0.7195,0.9962,0.5887,0.9796,0.3136,Argentina
Argentina,2013,0.7317,0.9962,0.6312,0.9796,0.3197,Argentina
Argentina,2014,0.7344,0.9962,0.6146,0.9796,0.3474,Argentina
Argentina,2015,0.7352,0.9953,0.6156,0.9796,0.3505,Argentina
Argentina,2016,0.7324,0.9981,0.5956,0.9796,0.3565,Argentina
Argentina,2017,0.7326,0.9949,0.5994,0.9796,0.3565,Argentina
Argentina,2019,0.7462,0.9949,0.6234,0.9796,0.3868,Argentina
Argentina,2020,0.7516,1.0,0.639,0.9771,0.3901,Argentina
Argentina,2021,0.756,1.0,0.635,0.977,0.413,Argentina
Argentina,2022,0.762,1.0,0.644,0.977,0.429,Argentina
Argentina,2023,0.7717,1.0,0.651,0.9769,0.4587,Argentina
Australia,2005,0.7163,1.0,0.7259,0.9761,0.1634,Australia
Australia,2006,0.7204,1.0,0.744,0.9741,0.1634,Australia
Australia,2007,0.7241,1.0,0.7307,0.9741,0.1915,Australia
Australia,2008,0.7282,1.0,0.7477,0.9737,0.1915,Australia
Australia,2009,0.7271,1.0,0.7428,0.9739,0.1917,Australia
Australia,2010,0.7291,1.0,0.7565,0.9739,0.1861,Australia
Australia,2011,0.7294,1.0,0.7593,0.9735,0.1847,Australia
Australia,2012,0.739,1.0,0.7879,0.9735,0.1945,Australia
Australia,2013,0.7409,1.0,0.801,0.9737,0.1887,Australia
Australia,2014,0.733,1.0,0.7656,0.9737,0.1925,Australia
Australia,2015,0.7214,1.0,0.7192,0.9737,0.1925,Australia
Australia,2016,0.7314,1.0,0.7239,0.9702,0.2315,Australia
Australia,2017,0.7302,1.0,0.7185,0.971,0.2315,Australia
Australia,2019,0.731,1.0,0.7215,0.971,0.2314,Australia
Australia,2020,0.7314,1.0,0.6995,0.9677,0.2582,Australia
Australia,2021,0.738,0.985,0.741,0.968,0.258,Australia
Australia,2022,0.778,0.991,0.74,0.968,0.412,Australia
Australia,2023,0.7799,0.9911,0.7363,0.9681,0.4242,Australia
Austria,2005,0.6986,0.9802,0.5526,0.9796,0.2821,Austria
Austria,2006,0.706,0.9802,0.5824,0.9796,0.2821,Austria
Austria,2007,0.7153,0.9886,0.5872,0.9796,0.3057,Austria
Austria,2008,0.7031,0.9886,0.5701,0.9796,0.2744,Austria
Austria,2009,0.7091,0.9886,0.5952,0.9787,0.2742,Austria
Austria,2010,0.7165,0.9886,0.6245,0.9787,0.2744,Austria
Austria,2011,0.7391,0.9946,0.6515,0.9787,0.3318,Austria
Austria,2012,0.7437,1.0,0.6642,0.9787,0.3318,Austria
Austria,2013,0.7266,1.0,0.6704,0.9789,0.2573,Austria
Austria,2014,0.7328,1.0,0.7052,0.9796,0.2465,Austria
Austria,2015,0.7158,0.9871,0.6502,0.9796,0.2465,Austria
Austria,2016,0.7095,0.988,0.6596,0.9746,0.2157,Austria
Austria,2017,0.7185,1.0,0.6581,0.9741,0.2418,Austria
Austria,2019,0.7442,1.0,0.659,0.9741,0.3436,Austria
Austria,2020,0.7771,1.0,0.6654,0.9699,0.473,Austria
Austria,2021,0.781,0.994,0.673,0.97,0.487,Austria
Austria,2022,0.74,0.996,0.692,0.97,0.303,Austria
Austria,2023,0.7433,0.9947,0.7058,0.9698,0.3028,Austria
Bahamas (the),2008,0.7179,1.0,0.8264,0.9796,0.0655,Bahamas (the)
Bahamas (the),2009,0.7128,1.0,0.8288,0.9796,0.043,Bahamas (the)
Bahamas (the),2010,0.734,1.0,0.9135,0.9796,0.043,Bahamas (the)
Bahamas (the),2011,0.7156,1.0,0.8359,0.9796,0.0471,Bahamas (the)
Bahamas (the),2012,0.7128,1.0,0.8244,0.9796,0.0471,Bahamas (the)
Bahamas (the),2013,0.7269,1.0,0.8223,0.9796,0.1059,Bahamas (the)
Bahamas (the),2014,0.728,1.0,0.8229,0.9796,0.1095,Bahamas (the)
Bahamas (the),2015,0.7291,1.0,0.8271,0.9796,0.1095,Bahamas (the)
Bahamas (the),2016,0.7429,1.0,0.8708,0.9782,0.1224,Bahamas (the)
Bahamas (the),2017,0.7412,1.0,0.8627,0.9796,0.1224,Bahamas (the)
Bahamas (the),2019,0.7197,1.0,0.8382,0.9796,0.061,Bahamas (the)
Bahamas (the),2020,0.7251,1.0,0.8568,0.9796,0.064,Bahamas (the)
Bahrain,2005,0.5894,0.9893,0.3829,0.9617,0.0236,Bahrain
Bahrain,2006,0.5931,0.9893,0.3903,0.9612,0.0315,Bahrain
Bahrain,2007,0.5927,0.9917,0.3988,0.9612,0.0192,Bahrain
Bahrain,2008,0.6136,0.9911,0.483,0.9612,0.0192,Bahrain
Bahrain,2009,0.6217,0.9915,0.4967,0.9612,0.0376,Bahrain
Bahrain,2010,0.6232,0.9862,0.5079,0.9612,0.0376,Bahrain
Bahrain,2011,0.6298,0.9947,0.4967,0.9612,0.0667,Bahrain
Bahrain,2012,0.6334,0.9911,0.5146,0.9612,0.0667,Bahrain
Bahrain,2013,0.6261,0.9855,0.4803,0.9612,0.0774,Bahrain
Bahrain,2014,0.6441,0.9815,0.597,0.9612,0.0369,Bahrain
Bahrain,2015,0.615,0.9872,0.4746,0.9612,0.0369,Bahrain
Bahrain,2016,0.6316,0.9911,0.5371,0.9614,0.0369,Bahrain
Bahrain,2017,0.6271,0.9982,0.5152,0.958,0.0369,Bahrain
Bahrain,2019,0.6295,0.9846,0.5096,0.958,0.0658,Bahrain
Bahrain,2020,0.632,0.9846,0.5183,0.9588,0.0663,Bahrain
Bahrain,2021,0.632,0.995,0.507,0.959,0.066,Bahrain
Bahrain,2022,0.666,0.995,0.564,0.959,0.146,Bahrain
Bahrain,2023,0.666,0.986,0.5729,0.9589,0.1461,Bahrain
Bangladesh,2005,0.627,0.8681,0.423,0.9495,0.2673,Bangladesh
Bangladesh,2006,0.6314,0.8714,0.4374,0.9496,0.2673,Bangladesh
Bangladesh,2007,0.6531,0.9093,0.4436,0.9496,0.3098,Bangladesh
Bangladesh,2008,0.6526,0.9113,0.4552,0.95,0.2939,Bangladesh
Bangladesh,2009,0.6702,0.9139,0.4732,0.9557,0.3378,Bangladesh
Bangladesh,2010,0.6812,0.9168,0.4932,0.9557,0.3591,Bangladesh
Bangladesh,2011,0.6684,0.8575,0.4799,0.9557,0.3804,Bangladesh
Bangladesh,2012,0.6848,0.8846,0.4954,0.9557,0.4036,Bangladesh
Bangladesh,2013,0.6973,0.9402,0.4774,0.9663,0.4055,Bangladesh
Bangladesh,2014,0.7037,0.9482,0.4622,0.9714,0.433,Bangladesh
Bangladesh,2015,0.6983,0.9498,0.4103,0.9714,0.4616,Bangladesh
Bangladesh,2016,0.7194,0.954,0.4651,0.9661,0.4925,Bangladesh
Bangladesh,2017,0.7213,0.95,0.4412,0.9685,0.5256,Bangladesh
Bangladesh,2019,0.7256,0.9511,0.4375,0.9685,0.5451,Bangladesh
Bangladesh,2020,0.7192,0.9511,0.4181,0.9621,0.5455,Bangladesh
Bangladesh,2021,0.714,0.923,0.427,0.962,0.546,Bangladesh
Bangladesh,2022,0.722,0.936,0.438,0.962,0.552,Bangladesh
Bangladesh,2023,0.689,0.9397,0.3115,0.9618,0.543,Bangladesh
Armenia,2006,0.6651,0.999,0.7211,0.9227,0.0173,Armenia
Armenia,2007,0.6677,0.9993,0.6969,0.9279,0.0468,Armenia
Armenia,2008,0.6619,0.9992,0.6712,0.9332,0.0439,Armenia
Armenia,2009,0.6669,0.9994,0.669,0.937,0.0621,Armenia
Armenia,2010,0.6654,0.9994,0.658,0.9419,0.0623,Armenia
Armenia,2011,0.6636,0.9995,0.6446,0.9441,0.0662,Armenia
Armenia,2012,0.6634,0.9995,0.6384,0.9497,0.0662,Armenia
Armenia,2013,0.6622,0.9996,0.6478,0.9332,0.068,Armenia
Armenia,2014,0.6676,0.9997,0.6642,0.9386,0.068,Armenia
Armenia,2015,0.6693,0.9998,0.6706,0.9386,0.068,Armenia
Armenia,2016,0.6771,0.9985,0.6712,0.9392,0.0993,Armenia
Armenia,2017,0.6783,0.9995,0.6754,0.9392,0.0993,Armenia
Armenia,2019,0.6844,0.9981,0.6734,0.948,0.118,Armenia
Armenia,2020,0.6734,0.9981,0.6545,0.9502,0.091,Armenia
Armenia,2021,0.698,1.0,0.669,0.954,0.17,Armenia
Armenia,2022,0.721,0.999,0.716,0.955,0.215,Armenia
Armenia,2023,0.7211,0.9913,0.7074,0.9582,0.2275,Armenia
Barbados,2007,0.7188,0.9957,0.7706,0.9796,0.1295,Barbados
Barbados,2008,0.7236,1.0,0.7854,0.9796,0.1295,Barbados
Barbados,2009,0.7176,1.0,0.787,0.9796,0.1037,Barbados
Barbados,2010,0.717,1.0,0.7843,0.9796,0.1042,Barbados
Barbados,2011,0.7232,1.0,0.7905,0.9796,0.1226,Barbados
Barbados,2012,0.7301,1.0,0.7907,0.9796,0.1503,Barbados
Barbados,2013,0.7289,0.9976,0.7885,0.9796,0.1501,Barbados
Barbados,2014,0.7439,0.9976,0.8484,0.9796,0.1501,Barbados
Barbados,2015,0.7388,1.0,0.8253,0.9796,0.1501,Barbados
Barbados,2016,0.75,1.0,0.8769,0.9731,0.1501,Barbados
Barbados,2017,0.7532,1.0,0.8713,0.9757,0.1656,Barbados
Barbados,2019,0.7494,0.991,0.8082,0.9757,0.2225,Barbados
Barbados,2020,0.7686,0.991,0.8369,0.9681,0.2784,Barbados
Barbados,2021,0.765,0.993,0.832,0.968,0.266,Barbados
Barbados,2022,0.769,0.994,0.86,0.968,0.256,Barbados
Barbados,2023,0.7727,0.9951,0.848,0.9678,0.2799,Barbados
Belgium,2005,0.7078,1.0,0.6199,0.9796,0.2319,Belgium
Belgium,2006,0.7198,1.0,0.6684,0.9789,0.2319,Belgium
Belgium,2007,0.7163,0.991,0.6519,0.9789,0.2431,Belgium
Belgium,2008,0.7165,0.991,0.653,0.9789,0.2431,Belgium
Belgium,2009,0.7509,0.9909,0.7097,0.9787,0.3244,Belgium
Belgium,2010,0.7531,0.9909,0.7187,0.9787,0.3241,Belgium
Belgium,2011,0.7652,0.9918,0.7241,0.9787,0.3664,Belgium
Belgium,2012,0.7684,0.9918,0.7367,0.9787,0.3664,Belgium
Belgium,2013,0.7809,0.9921,0.7577,0.9789,0.3948,Belgium
Belgium,2014,0.7529,1.0,0.7622,0.9745,0.275,Belgium
Belgium,2015,0.7452,1.0,0.7311,0.9745,0.275,Belgium
Belgium,2016,0.7391,1.0,0.7162,0.9762,0.264,Belgium
Belgium,2017,0.7377,0.9996,0.7138,0.9734,0.264,Belgium
Belgium,2019,0.7501,1.0,0.7139,0.9734,0.3129,Belgium
Belgium,2020,0.7891,1.0,0.7088,0.9678,0.4799,Belgium
Belgium,2021,0.793,1.0,0.723,0.968,0.48,Belgium
Belgium,2022,0.796,1.0,0.728,0.968,0.486,Belgium
Belgium,2023,0.793,0.9999,0.7177,0.968,0.4864,Belgium
Bhutan,2012,0.6651,0.8843,0.7528,0.9725,0.0509,Bhutan
Bhutan,2013,0.6364,0.886,0.6368,0.9665,0.0563,Bhutan
Bhutan,2014,0.6462,0.9212,0.6408,0.9664,0.0563,Bhutan
Bhutan,2015,0.6417,0.9254,0.6188,0.9664,0.0563,Bhutan
Bhutan,2016,0.6384,0.9164,0.6218,0.9592,0.0563,Bhutan
Bhutan,2017,0.6379,0.9168,0.619,0.9597,0.0563,Bhutan
Bhutan,2019,0.6347,0.9537,0.5438,0.9597,0.0817,Bhutan
Bhutan,2020,0.6385,0.9537,0.5561,0.9626,0.0817,Bhutan
Bhutan,2021,0.637,0.955,0.537,0.962,0.093,Bhutan
Bhutan,2022,0.682,0.963,0.708,0.962,0.093,Bhutan
Bhutan,2023,0.651,0.9634,0.6336,0.9623,0.0448,Bhutan
Bolivia (Plurinational State of),2005,0.6335,0.917,0.5594,0.9703,0.0875,Bolivia (Plurinational State of)
Bolivia (Plurinational State of),2006,0.6574,0.968,0.6072,0.9668,0.0875,Bolivia (Plurinational State of)
Bolivia (Plurinational State of),2007,0.6667,0.9713,0.5837,0.9668,0.145,Bolivia (Plurinational State of)
Bolivia (Plurinational State of),2008,0.6693,0.9746,0.5906,0.9668,0.145,Bolivia (Plurinational State of)
Bolivia (Plurinational State of),2009,0.6751,0.9592,0.5957,0.9719,0.1735,Bolivia (Plurinational State of)
Bolivia (Plurinational State of),2010,0.6862,0.9646,0.6352,0.9719,0.1732,Bolivia (Plurinational State of)
Bolivia (Plurinational State of),2011,0.7222,0.9629,0.6365,0.9719,0.3175,Bolivia (Plurinational State of)
Bolivia (Plurinational State of),2012,0.734,0.9623,0.6841,0.9719,0.3175,Bolivia (Plurinational State of)
Bolivia (Plurinational State of),2013,0.7049,0.9697,0.6379,0.977,0.235,Bolivia (Plurinational State of)
Bolivia (Plurinational State of),2014,0.7488,0.9672,0.6337,0.9796,0.4146,Bolivia (Plurinational State of)
Bolivia (Plurinational State of),2015,0.7457,0.97,0.6189,0.9796,0.4146,Bolivia (Plurinational State of)
Bolivia (Plurinational State of),2016,0.7583,0.9565,0.6921,0.976,0.4084,Bolivia (Plurinational State of)
Bolivia (Plurinational State of),2017,0.7482,0.9759,0.6298,0.9787,0.4084,Bolivia (Plurinational State of)
Bolivia (Plurinational State of),2019,0.7345,0.9796,0.6227,0.9787,0.357,Bolivia (Plurinational State of)
Bolivia (Plurinational State of),2020,0.7224,0.9808,0.5953,0.9617,0.3517,Bolivia (Plurinational State of)
Bolivia (Plurinational State of),2021,0.734,0.98,0.642,0.962,0.352,Bolivia (Plurinational State of)
Bolivia (Plurinational State of),2022,0.73,0.984,0.658,0.962,0.317,Bolivia (Plurinational State of)
Bolivia (Plurinational State of),2023,0.746,0.9846,0.6534,0.9618,0.3842,Bolivia (Plurinational State of)
Bosnia and Herzegovina,2015,0.685,0.9959,0.5806,0.973,0.1906,Bosnia and Herzegovina
Bosnia and Herzegovina,2016,0.7024,0.9805,0.575,0.9788,0.2752,Bosnia and Herzegovina
Bosnia and Herzegovina,2017,0.7124,0.9805,0.5994,0.9796,0.2899,Bosnia and Herzegovina
Bosnia and Herzegovina,2019,0.7117,0.9674,0.6136,0.9761,0.2899,Bosnia and Herzegovina
Bosnia and Herzegovina,2020,0.7129,0.9674,0.6085,0.9735,0.302,Bosnia and Herzegovina
Bosnia and Herzegovina,2021,0.71,0.974,0.589,0.975,0.302,Bosnia and Herzegovina
Bosnia and Herzegovina,2022,0.698,0.98,0.601,0.97,0.24,Bosnia and Herzegovina
Bosnia and Herzegovina,2023,0.7099,0.992,0.6201,0.97,0.2574,Bosnia and Herzegovina
Botswana,2005,0.6897,0.9814,0.6926,0.9561,0.1287,Botswana
Botswana,2006,0.6797,0.9979,0.6397,0.9527,0.1287,Botswana
Botswana,2007,0.6839,0.9999,0.6492,0.9527,0.1338,Botswana
Botswana,2008,0.7071,0.9999,0.742,0.9527,0.1338,Botswana
Botswana,2009,0.6876,1.0,0.7359,0.9549,0.0597,Botswana
Botswana,2010,0.6832,1.0,0.7185,0.9549,0.0595,Botswana
Botswana,2011,0.6744,1.0,0.7076,0.9549,0.0353,Botswana
Botswana,2012,0.6752,1.0,0.7108,0.9549,0.0353,Botswana
Botswana,2013,0.7129,1.0,0.8166,0.9671,0.0679,Botswana
Botswana,2014,0.7102,1.0,0.8,0.9727,0.0679,Botswana
Botswana,2015,0.715,1.0,0.8193,0.9727,0.0679,Botswana
Botswana,2016,0.7198,1.0,0.8219,0.9782,0.079,Botswana
Botswana,2017,0.715,1.0,0.8016,0.9796,0.079,Botswana
Botswana,2019,0.7093,1.0,0.7787,0.9796,0.079,Botswana
Botswana,2020,0.7157,1.0,0.7994,0.9796,0.0839,Botswana
Botswana,2021,0.719,1.0,0.81,0.98,0.085,Botswana
Botswana,2022,0.719,1.0,0.807,0.98,0.088,Botswana
Botswana,2023,0.7304,1.0,0.8541,0.9796,0.0881,Botswana
Brazil,2005,0.6543,0.9724,0.6044,0.9796,0.061,Brazil
Brazil,2006,0.6637,0.9686,0.6449,0.9796,0.0617,Brazil
Brazil,2007,0.6737,1.0,0.6526,0.9796,0.0625,Brazil
Brazil,2008,0.6695,0.9991,0.6369,0.9796,0.0625,Brazil
Brazil,2009,0.6655,0.9904,0.6431,0.9796,0.0488,Brazil
Brazil,2010,0.6679,0.9904,0.649,0.9796,0.0526,Brazil
Brazil,2011,0.6909,1.0,0.6499,0.9796,0.1344,Brazil
Brazil,2012,0.6949,1.0,0.6561,0.9796,0.144,Brazil
Brazil,2013,0.6941,1.0,0.6491,0.9796,0.1476,Brazil
Brazil,2014,0.6862,1.0,0.6423,0.9796,0.1229,Brazil
Brazil,2015,0.6873,0.9977,0.6396,0.9796,0.1324,Brazil
Brazil,2016,0.6839,1.0,0.6553,0.9796,0.1007,Brazil
Brazil,2017,0.6813,1.0,0.6448,0.9796,0.1007,Brazil
Brazil,2019,0.6911,0.9995,0.6528,0.9796,0.1327,Brazil
Brazil,2020,0.6955,0.9995,0.665,0.9796,0.1377,Brazil
Brazil,2021,0.696,1.0,0.669,0.98,0.136,Brazil
Brazil,2022,0.726,0.992,0.67,0.98,0.263,Brazil
Brazil,2023,0.7157,0.996,0.6671,0.9796,0.22,Brazil
Belize,2006,0.6426,1.0,0.5521,0.9796,0.0389,Belize
Belize,2007,0.661,1.0,0.6094,0.9796,0.0549,Belize
Belize,2008,0.6636,0.9985,0.6215,0.9796,0.0549,Belize
Belize,2009,0.6536,0.9987,0.6362,0.9796,0.0,Belize
Belize,2010,0.6489,1.0,0.6162,0.9796,0.0,Belize
Belize,2011,0.6465,0.955,0.6414,0.9796,0.0099,Belize
Belize,2012,0.6449,0.9445,0.6458,0.9796,0.0099,Belize
Belize,2013,0.6701,1.0,0.653,0.9796,0.048,Belize
Belize,2014,0.6681,0.9937,0.651,0.9796,0.048,Belize
Belize,2015,0.6759,0.9899,0.686,0.9796,0.048,Belize
Belize,2016,0.692,0.9875,0.7723,0.9763,0.032,Belize
Belize,2017,0.6624,0.9896,0.6484,0.9796,0.032,Belize
Belize,2019,0.6707,0.9913,0.6798,0.9796,0.0321,Belize
Belize,2020,0.6987,0.9913,0.7488,0.9795,0.0751,Belize
Belize,2021,0.695,0.997,0.727,0.98,0.075,Belize
Belize,2022,0.696,0.996,0.72,0.98,0.09,Belize
Belize,2023,0.6956,1.0,0.7291,0.9796,0.0737,Belize
Brunei Darussalam,2007,0.6392,0.9934,0.57,0.9659,0.0275,Brunei Darussalam
Brunei Darussalam,2008,0.6524,0.9923,0.6239,0.9659,0.0275,Brunei Darussalam
Brunei Darussalam,2009,0.6748,0.9931,0.7404,0.9658,0.0,Brunei Darussalam
Brunei Darussalam,2010,0.6787,0.9938,0.7552,0.9658,0.0,Brunei Darussalam
Brunei Darussalam,2011,0.675,0.9937,0.7403,0.9658,0.0,Brunei Darussalam
Brunei Darussalam,2012,0.673,0.9889,0.7372,0.9658,0.0,Brunei Darussalam
Brunei Darussalam,2013,0.6719,0.9858,0.736,0.9657,0.0,Brunei Darussalam
Brunei Darussalam,2014,0.6845,0.9926,0.7797,0.9657,0.0,Brunei Darussalam
Brunei Darussalam,2015,0.6686,0.9915,0.6958,0.9657,0.0214,Brunei Darussalam
Brunei Darussalam,2016,0.6705,0.99,0.692,0.9691,0.031,Brunei Darussalam
Brunei Darussalam,2017,0.6857,0.9902,0.7521,0.9694,0.031,Brunei Darussalam
Brunei Darussalam,2019,0.6863,0.9922,0.7525,0.9694,0.031,Brunei Darussalam
Brunei Darussalam,2020,0.6776,0.9922,0.7218,0.9654,0.031,Brunei Darussalam
Brunei Darussalam,2021,0.68,0.997,0.726,0.966,0.031,Brunei Darussalam
Brunei Darussalam,2022,0.693,0.997,0.76,0.953,0.061,Brunei Darussalam
Brunei Darussalam,2023,0.6838,0.9973,0.7154,0.9536,0.0689,Brunei Darussalam
Bulgaria,2005,0.687,0.9889,0.6132,0.9791,0.1666,Bulgaria
Bulgaria,2006,0.7085,0.9889,0.6992,0.9791,0.1666,Bulgaria
Bulgaria,2007,0.7077,0.9901,0.6975,0.9791,0.1641,Bulgaria
Bulgaria,2008,0.7072,0.9921,0.6935,0.9791,0.1641,Bulgaria
Bulgaria,2009,0.6983,0.9925,0.6843,0.9791,0.1372,Bulgaria
Bulgaria,2010,0.6987,0.9923,0.6867,0.9791,0.1367,Bulgaria
Bulgaria,2011,0.7021,0.9924,0.696,0.9791,0.1409,Bulgaria
Bulgaria,2012,0.7097,0.9924,0.7067,0.9791,0.1606,Bulgaria
Bulgaria,2013,0.7444,0.9934,0.7288,0.9791,0.2764,Bulgaria
Bulgaria,2014,0.7217,0.9916,0.7012,0.9791,0.215,Bulgaria
Bulgaria,2015,0.7257,0.9926,0.7161,0.9791,0.215,Bulgaria
Bulgaria,2016,0.7562,0.9897,0.7097,0.9791,0.3461,Bulgaria
Bulgaria,2017,0.7555,0.9892,0.7076,0.9791,0.3461,Bulgaria
Bulgaria,2019,0.7269,0.9893,0.7148,0.9791,0.2245,Bulgaria
Bulgaria,2020,0.7459,0.9913,0.7381,0.9791,0.275,Bulgaria
Bulgaria,2021,0.74,0.995,0.737,0.979,0.25,Bulgaria
Bulgaria,2022,0.715,0.994,0.738,0.979,0.148,Bulgaria
Bulgaria,2023,0.7234,0.9925,0.7481,0.9791,0.1738,Bulgaria
Myanmar,2016,0.6913,0.9755,0.7544,0.9761,0.0592,Myanmar
Myanmar,2017,0.6898,0.9755,0.7377,0.9773,0.0688,Myanmar
Myanmar,2019,0.6654,0.9747,0.6298,0.9773,0.0797,Myanmar
Myanmar,2020,0.681,0.9747,0.6568,0.9796,0.1131,Myanmar
Myanmar,2021,0.677,0.977,0.637,0.98,0.114,Myanmar
Myanmar,2022,0.65,0.977,0.6,0.975,0.047,Myanmar
Burundi,2010,0.727,0.8565,0.8355,0.9685,0.2477,Burundi
Burundi,2011,0.7338,0.8644,0.8322,0.9685,0.2702,Burundi
Burundi,2012,0.7397,0.8895,0.8307,0.9685,0.2702,Burundi
Burundi,2013,0.7565,0.9013,0.863,0.9796,0.2822,Burundi
Burundi,2014,0.7476,0.8569,0.8454,0.9742,0.314,Burundi
Burundi,2015,0.7675,0.9166,0.8653,0.9742,0.314,Burundi
Burundi,2016,0.7553,0.8763,0.9107,0.9796,0.2549,Burundi
Burundi,2017,0.7406,0.8902,0.8392,0.9779,0.2549,Burundi
Burundi,2019,0.745,0.896,0.8365,0.9779,0.2695,Burundi
Burundi,2020,0.7688,0.896,0.8551,0.9793,0.345,Burundi
Burundi,2021,0.777,0.927,0.855,0.979,0.345,Burundi
Burundi,2022,0.763,0.942,0.81,0.979,0.32,Burundi
Burundi,2023,0.7568,0.9433,0.7843,0.9795,0.3203,Burundi
Belarus,2006,0.7113,0.9835,0.7282,0.9791,0.1546,Belarus
Belarus,2007,0.7099,0.9902,0.726,0.9791,0.1442,Belarus
Belarus,2008,0.7141,0.9901,0.7256,0.9791,0.1615,Belarus
Belarus,2013,0.73,0.9995,0.8203,0.9791,0.1211,Belarus
Belarus,2014,0.7345,0.9998,0.8132,0.9791,0.1458,Belarus
Belarus,2015,0.7369,0.9998,0.823,0.9791,0.1458,Belarus
Belarus,2016,0.7444,0.9995,0.827,0.9785,0.1726,Belarus
Belarus,2017,0.7467,0.9977,0.8378,0.9785,0.1726,Belarus
Belarus,2019,0.7464,0.9987,0.8375,0.9773,0.1722,Belarus
Belarus,2020,0.758,0.9987,0.8401,0.9773,0.2157,Belarus
Belarus,2021,0.75,0.99,0.818,0.977,0.216,Belarus
Belarus,2022,0.752,0.991,0.819,0.98,0.217,Belarus
Belarus,2023,0.733,0.9666,0.818,0.9796,0.168,Belarus
Cambodia,2005,0.6291,0.809,0.6754,0.9796,0.0525,Cambodia
Cambodia,2006,0.6353,0.8451,0.664,0.9796,0.0525,Cambodia
Cambodia,2007,0.6469,0.8559,0.6588,0.9796,0.0933,Cambodia
Cambodia,2008,0.641,0.8568,0.6488,0.9796,0.0786,Cambodia
Cambodia,2009,0.6482,0.8655,0.6383,0.9796,0.1095,Cambodia
Cambodia,2010,0.6464,0.8651,0.6315,0.9796,0.1093,Cambodia
Cambodia,2011,0.6457,0.8714,0.6402,0.9796,0.0916,Cambodia
Cambodia,2012,0.6509,0.8811,0.6514,0.9796,0.0916,Cambodia
Cambodia,2013,0.652,0.8833,0.654,0.9796,0.0911,Cambodia
Cambodia,2014,0.6621,0.8906,0.6808,0.9796,0.0976,Cambodia
Cambodia,2015,0.6581,0.8966,0.6585,0.9796,0.0976,Cambodia
Cambodia,2016,0.6757,0.9211,0.6982,0.9796,0.1037,Cambodia
Cambodia,2017,0.6835,0.9378,0.7188,0.9751,0.1022,Cambodia
Cambodia,2019,0.6942,0.9392,0.7593,0.9751,0.1031,Cambodia
Cambodia,2020,0.6843,0.9195,0.7293,0.9776,0.111,Cambodia
Cambodia,2021,0.69,0.966,0.71,0.978,0.107,Cambodia
Cambodia,2022,0.695,0.981,0.71,0.978,0.112,Cambodia
Cambodia,2023,0.6854,0.9675,0.7169,0.9776,0.0797,Cambodia
Cameroon,2005,0.5865,0.824,0.4951,0.966,0.0611,Cameroon
Cameroon,2006,0.5919,0.8264,0.5114,0.9686,0.0611,Cameroon
Cameroon,2007,0.6017,0.8343,0.5211,0.9686,0.0825,Cameroon
Cameroon,2008,0.6108,0.8421,0.5498,0.9686,0.0825,Cameroon
Cameroon,2009,0.611,0.8585,0.5414,0.9612,0.0829,Cameroon
Cameroon,2010,0.6073,0.8597,0.5252,0.9612,0.083,Cameroon
Cameroon,2011,0.6291,0.7816,0.6834,0.9612,0.0902,Cameroon
Cameroon,2012,0.656,0.847,0.7258,0.9612,0.0902,Cameroon
Cameroon,2014,0.6821,0.8573,0.7236,0.9676,0.1801,Cameroon
Cameroon,2015,0.6841,0.8619,0.7266,0.9676,0.1801,Cameroon
Cameroon,2016,0.6888,0.8678,0.7248,0.9718,0.1908,Cameroon
Cameroon,2017,0.7137,0.8755,0.8156,0.9728,0.1908,Cameroon
Cameroon,2019,0.686,0.8853,0.6895,0.9728,0.1964,Cameroon
Cameroon,2020,0.6918,0.8854,0.7065,0.9732,0.2021,Cameroon
Cameroon,2021,0.692,0.887,0.704,0.973,0.202,Cameroon
Cameroon,2022,0.693,0.895,0.694,0.973,0.21,Cameroon
Cameroon,2023,0.6934,0.8941,0.7048,0.9734,0.2015,Cameroon
Canada,2005,0.7165,0.9987,0.7296,0.9784,0.1592,Canada
Canada,2006,0.7198,0.9987,0.7428,0.9787,0.1592,Canada
Canada,2007,0.7136,0.9977,0.7441,0.9783,0.1343,Canada
Canada,2008,0.7196,0.9977,0.7641,0.9783,0.1383,Canada
Canada,2009,0.7372,0.9977,0.7768,0.9784,0.1959,Canada
Canada,2010,0.7407,0.9989,0.7759,0.9784,0.2095,Canada
Canada,2011,0.7381,0.9909,0.7877,0.978,0.1959,Canada
Canada,2012,0.7425,1.0,0.7959,0.978,0.1959,Canada
Canada,2013,0.7464,1.0,0.7928,0.9694,0.2233,Canada
Canada,2014,0.7401,1.0,0.773,0.9694,0.2182,Canada
Canada,2015,0.7309,1.0,0.7322,0.9694,0.2221,Canada
Canada,2016,0.7688,1.0,0.7445,0.97,0.3608,Canada
Canada,2017,0.771,1.0,0.7478,0.971,0.365,Canada
Canada,2019,0.7717,1.0,0.7513,0.971,0.3647,Canada
Canada,2020,0.7724,1.0,0.7412,0.9677,0.3807,Canada
Canada,2021,0.772,1.0,0.736,0.968,0.386,Canada
Canada,2022,0.77,1.0,0.74,0.968,0.374,Canada
Canada,2023,0.7608,0.996,0.7459,0.9675,0.3337,Canada
Cabo Verde,2011,0.718,0.9681,0.6231,0.9796,0.3011,Cabo Verde
Cabo Verde,2012,0.7122,0.9663,0.602,0.9796,0.3011,Cabo Verde
Cabo Verde,2013,0.7133,0.9648,0.6077,0.9796,0.3013,Cabo Verde
Cabo Verde,2014,0.7172,0.9701,0.5906,0.9796,0.3287,Cabo Verde
Cabo Verde,2015,0.7292,0.984,0.6102,0.9796,0.3429,Cabo Verde
Cabo Verde,2016,0.6856,0.98,0.6148,0.9694,0.1781,Cabo Verde
Cabo Verde,2017,0.702,0.9713,0.6843,0.9743,0.1781,Cabo Verde
Cabo Verde,2019,0.7248,0.9716,0.7905,0.9743,0.163,Cabo Verde
Cabo Verde,2020,0.716,0.9716,0.7605,0.9796,0.1523,Cabo Verde
Cabo Verde,2021,0.736,0.975,0.752,0.98,0.238,Cabo Verde
Cabo Verde,2022,0.761,0.981,0.747,0.98,0.334,Cabo Verde
Cabo Verde,2023,0.7551,0.9853,0.7458,0.9796,0.3096,Cabo Verde
Sri Lanka,2005,0.7199,0.9902,0.5447,0.9796,0.3652,Sri Lanka
Sri Lanka,2006,0.723,0.9902,0.557,0.9796,0.3652,Sri Lanka
Sri Lanka,2007,0.7371,0.9925,0.5598,0.9796,0.4164,Sri Lanka
Sri Lanka,2008,0.7402,0.9916,0.5734,0.9796,0.4164,Sri Lanka
Sri Lanka,2009,0.7458,0.9926,0.6008,0.9796,0.4103,Sri Lanka
Sri Lanka,2010,0.7212,0.9329,0.5598,0.9796,0.4126,Sri Lanka
Sri Lanka,2011,0.7122,0.9946,0.5596,0.9796,0.3151,Sri Lanka
Sri Lanka,2012,0.7019,0.9946,0.559,0.9796,0.2744,Sri Lanka
Sri Lanka,2013,0.6903,0.9942,0.5908,0.9796,0.1965,Sri Lanka
Sri Lanka,2014,0.6862,0.9954,0.5773,0.9796,0.1927,Sri Lanka
Sri Lanka,2015,0.6733,0.9879,0.5299,0.9796,0.1958,Sri Lanka
Sri Lanka,2016,0.6687,0.9864,0.5212,0.9796,0.1877,Sri Lanka
Sri Lanka,2017,0.6759,0.9877,0.5487,0.9796,0.1877,Sri Lanka
Sri Lanka,2019,0.6795,0.9876,0.5581,0.9796,0.193,Sri Lanka
Sri Lanka,2020,0.6704,0.9877,0.5472,0.9795,0.1673,Sri Lanka
Sri Lanka,2021,0.67,0.988,0.556,0.98,0.157,Sri Lanka
Sri Lanka,2022,0.663,0.988,0.555,0.98,0.13,Sri Lanka
Sri Lanka,2023,0.6528,0.9968,0.5443,0.9796,0.0904,Sri Lanka
Chad,2005,0.5247,0.4678,0.6011,0.9764,0.0537,Chad
Chad,2006,0.5381,0.4699,0.6523,0.9765,0.0537,Chad
Chad,2007,0.529,0.4683,0.6028,0.9765,0.0685,Chad
Chad,2008,0.5417,0.4743,0.6474,0.9765,0.0685,Chad
Chad,2009,0.533,0.5091,0.6265,0.9612,0.0352,Chad
Chad,2010,0.5334,0.5158,0.593,0.9612,0.0638,Chad
Chad,2011,0.5594,0.5197,0.6772,0.9612,0.0796,Chad
Chad,2012,0.5588,0.5311,0.6547,0.9612,0.0883,Chad
Chad,2013,0.5764,0.5743,0.6645,0.9683,0.0983,Chad
Chad,2014,0.5796,0.5906,0.6662,0.9681,0.0932,Chad
Chad,2015,0.5867,0.6184,0.6671,0.9681,0.0932,Chad
Chad,2016,0.575,0.5721,0.6671,0.9744,0.0865,Chad
Chad,2017,0.58,0.5752,0.6768,0.9711,0.097,Chad
Chad,2019,0.5957,0.5895,0.6816,0.9711,0.1406,Chad
Chad,2020,0.5928,0.5895,0.6933,0.9701,0.1182,Chad
Chad,2021,0.579,0.603,0.539,0.97,0.202,Chad
Chad,2022,0.57,0.637,0.538,0.97,0.137,Chad
Chad,2023,0.5761,0.6668,0.5065,0.97,0.1609,Chad
Chile,2005,0.6455,0.9799,0.5138,0.9796,0.1087,Chile
Chile,2006,0.6482,0.9799,0.5172,0.9796,0.116,Chile
Chile,2007,0.6818,0.9856,0.5154,0.9796,0.2467,Chile
Chile,2008,0.6884,0.9961,0.5213,0.9796,0.2566,Chile
Chile,2009,0.7013,0.9963,0.5338,0.9796,0.2957,Chile
Chile,2010,0.703,0.9957,0.5411,0.9796,0.2958,Chile
Chile,2011,0.6676,0.9986,0.5475,0.9796,0.1448,Chile
Chile,2012,0.667,0.9993,0.5445,0.9796,0.1448,Chile
Chile,2013,0.6975,0.9997,0.5523,0.9792,0.2589,Chile
Chile,2014,0.698,0.9997,0.5703,0.9792,0.2427,Chile
Chile,2015,0.6994,0.9989,0.5654,0.9792,0.2541,Chile
Chile,2016,0.704,0.9988,0.5728,0.9783,0.266,Chile
Chile,2017,0.717,0.9995,0.5846,0.9774,0.3066,Chile
Chile,2019,0.7229,0.9997,0.6075,0.9774,0.3067,Chile
Chile,2020,0.7159,0.9997,0.6105,0.9705,0.2829,Chile
Chile,2021,0.736,0.994,0.616,0.97,0.363,Chile
Chile,2022,0.777,0.994,0.642,0.97,0.502,Chile
Chile,2023,0.7811,0.9896,0.6623,0.9705,0.5021,Chile
China,2005,0.6561,0.9574,0.6206,0.9355,0.1107,China
China,2006,0.6643,0.9574,0.6478,0.941,0.1107,China
China,2007,0.6878,0.9778,0.6915,0.941,0.1408,China
China,2008,0.6907,0.9797,0.6955,0.9467,0.1408,China
China,2009,0.6881,0.981,0.6927,0.929,0.1495,China
China,2010,0.6866,0.9815,0.6825,0.9327,0.1496,China
China,2011,0.6853,0.9819,0.6753,0.9344,0.1496,China
China,2012,0.6908,0.988,0.6752,0.9398,0.1604,China
China,2013,0.683,0.9855,0.6555,0.9404,0.1506,China
China,2014,0.6815,0.9883,0.6575,0.9187,0.1615,China
China,2015,0.6758,0.9667,0.6563,0.9187,0.1615,China
China,2016,0.6736,0.9626,0.6541,0.9178,0.1601,China
China,2017,0.6726,0.9579,0.6534,0.9154,0.1637,China
China,2019,0.6761,0.9733,0.6514,0.9261,0.1536,China
China,2020,0.682,0.9733,0.7013,0.9352,0.1183,China
China,2021,0.682,0.936,0.741,0.94,0.113,China
China,2022,0.678,0.935,0.727,0.937,0.114,China
China,2023,0.6835,0.9343,0.7375,0.9396,0.1227,China
Colombia,2005,0.7049,0.9996,0.6605,0.9796,0.1799,Colombia
Colombia,2006,0.709,0.9996,0.691,0.9796,0.1657,Colombia
Colombia,2007,0.6944,0.9987,0.6966,0.9796,0.1026,Colombia
Colombia,2008,0.6939,0.9996,0.694,0.9796,0.1026,Colombia
Colombia,2009,0.6927,0.9956,0.6941,0.9791,0.1018,Colombia
Colombia,2010,0.6714,0.9955,0.5984,0.9791,0.1125,Colombia
Colombia,2011,0.6901,0.9944,0.6207,0.9791,0.1662,Colombia
Colombia,2012,0.7171,0.9954,0.7275,0.9791,0.1662,Colombia
Colombia,2013,0.7122,0.9961,0.7107,0.9791,0.1628,Colombia
Colombia,2014,0.7248,0.9945,0.7458,0.9791,0.1799,Colombia
Colombia,2015,0.7267,0.9991,0.7488,0.9791,0.1799,Colombia
Colombia,2016,0.7313,0.9997,0.7401,0.9796,0.206,Colombia
Colombia,2017,0.729,1.0,0.7328,0.9796,0.2034,Colombia
Colombia,2019,0.7582,1.0,0.7346,0.9796,0.3185,Colombia
Colombia,2020,0.7247,1.0,0.7077,0.9753,0.2157,Colombia
Colombia,2021,0.71,1.0,0.649,0.975,0.215,Colombia
Colombia,2022,0.751,1.0,0.657,0.975,0.373,Colombia
Colombia,2023,0.7455,1.0,0.7012,0.9751,0.3057,Colombia
Comoros (the),2021,0.631,0.943,0.523,0.968,0.09,Comoros (the)
Comoros (the),2022,0.664,0.949,0.657,0.968,0.083,Comoros (the)
Comoros (the),2023,0.6629,0.9454,0.6551,0.9683,0.0827,Comoros (the)
Congo (the Democratic Republic of the),2017,0.5816,0.6744,0.6129,0.9761,0.0629,Congo (the Democratic Republic of the)
Congo (the Democratic Republic of the),2019,0.5782,0.6584,0.5889,0.9761,0.0893,Congo (the Democratic Republic of the)
Congo (the Democratic Republic of the),2020,0.5761,0.6584,0.5707,0.9763,0.099,Congo (the Democratic Republic of the)
Congo (the Democratic Republic of the),2021,0.575,0.661,0.565,0.976,0.099,Congo (the Democratic Republic of the)
Congo (the Democratic Republic of the),2022,0.612,0.683,0.676,0.976,0.111,Congo (the Democratic Republic of the)
Congo (the Democratic Republic of the),2023,0.6093,0.6833,0.6687,0.9764,0.109,Congo (the Democratic Republic of the)
Costa Rica,2005,0.6936,0.9954,0.5223,0.9796,0.2771,Costa Rica
Costa Rica,2006,0.7014,0.9954,0.5536,0.9796,0.2771,Costa Rica
Costa Rica,2007,0.7111,0.9954,0.586,0.9796,0.2833,Costa Rica
Costa Rica,2008,0.718,0.9954,0.6136,0.9796,0.2833,Costa Rica
Costa Rica,2009,0.7194,0.9954,0.5787,0.9747,0.3287,Costa Rica
Costa Rica,2010,0.7266,1.0,0.5935,0.9747,0.3382,Costa Rica
Costa Rica,2011,0.7225,1.0,0.5987,0.9747,0.3164,Costa Rica
Costa Rica,2012,0.7241,1.0,0.5955,0.9747,0.3263,Costa Rica
Costa Rica,2013,0.7165,1.0,0.6155,0.9747,0.2758,Costa Rica
Costa Rica,2014,0.7316,1.0,0.5873,0.9747,0.3646,Costa Rica
Costa Rica,2015,0.7362,0.9997,0.6059,0.9747,0.3646,Costa Rica
Costa Rica,2016,0.7266,0.9987,0.62,0.9736,0.3141,Costa Rica
Costa Rica,2017,0.7494,1.0,0.6139,0.9771,0.4065,Costa Rica
Costa Rica,2019,0.7824,0.9996,0.6072,0.9771,0.5455,Costa Rica
Costa Rica,2020,0.7855,0.9996,0.6239,0.9732,0.5454,Costa Rica
Costa Rica,2021,0.796,0.999,0.645,0.973,0.565,Costa Rica
Costa Rica,2022,0.793,0.999,0.676,0.973,0.524,Costa Rica
Costa Rica,2023,0.7852,1.0,0.679,0.9731,0.4888,Costa Rica
Croatia,2005,0.7145,0.9905,0.6507,0.9791,0.2375,Croatia
Croatia,2006,0.721,0.9892,0.6783,0.9791,0.2375,Croatia
Croatia,2007,0.6967,0.9944,0.6554,0.9791,0.1579,Croatia
Croatia,2008,0.6944,0.9946,0.6458,0.9791,0.1579,Croatia
Croatia,2009,0.6939,0.9939,0.6606,0.9796,0.1417,Croatia
Croatia,2010,0.7006,0.9954,0.6676,0.9796,0.1598,Croatia
Croatia,2011,0.7053,0.995,0.6691,0.9791,0.1779,Croatia
Croatia,2012,0.7069,0.9951,0.6753,0.9791,0.1779,Croatia
Croatia,2013,0.7075,0.9938,0.6753,0.9791,0.1817,Croatia
Croatia,2014,0.7076,0.9942,0.6644,0.9791,0.1926,Croatia
Croatia,2015,0.6999,0.9946,0.6716,0.9791,0.1542,Croatia
Croatia,2016,0.7109,0.9951,0.6894,0.9796,0.1797,Croatia
Croatia,2017,0.7125,0.9981,0.6815,0.9796,0.1908,Croatia
Croatia,2019,0.7201,0.9952,0.6742,0.9785,0.2325,Croatia
Croatia,2020,0.733,0.9952,0.6658,0.9776,0.2935,Croatia
Croatia,2022,0.73,0.998,0.639,0.978,0.305,Croatia
Croatia,2023,0.723,0.9984,0.6225,0.9781,0.293,Croatia
Cuba,2006,0.7169,0.9903,0.6807,0.9745,0.222,Cuba
Cuba,2007,0.7195,1.0,0.611,0.9745,0.2926,Cuba
Cuba,2008,0.7176,1.0,0.6034,0.9745,0.2926,Cuba
Cuba,2009,0.7253,1.0,0.6092,0.9743,0.3176,Cuba
Cuba,2010,0.7394,1.0,0.6656,0.9743,0.318,Cuba
Cuba,2011,0.7417,0.9995,0.6655,0.9743,0.3276,Cuba
Cuba,2012,0.754,0.9995,0.6736,0.9743,0.3685,Cuba
Cuba,2013,0.7317,1.0,0.5798,0.9791,0.368,Cuba
Cuba,2014,0.7402,1.0,0.5788,0.9749,0.4071,Cuba
Cuba,2015,0.74,1.0,0.5781,0.9749,0.4071,Cuba
Cuba,2016,0.7454,1.0,0.6287,0.9704,0.3824,Cuba
Cuba,2017,0.7492,0.9992,0.6268,0.9746,0.3962,Cuba
Cuba,2019,0.7456,0.9982,0.6173,0.9746,0.3921,Cuba
Cuba,2020,0.7457,0.9982,0.6298,0.9731,0.3819,Cuba
Cyprus,2005,0.643,0.9893,0.5618,0.9693,0.0517,Cyprus
Cyprus,2006,0.6522,0.9893,0.6021,0.9657,0.0517,Cyprus
Cyprus,2007,0.6694,0.9954,0.61,0.9657,0.1066,Cyprus
Cyprus,2008,0.6706,0.9933,0.6168,0.9657,0.1066,Cyprus
Cyprus,2009,0.6642,0.9879,0.63,0.9701,0.069,Cyprus
Cyprus,2010,0.6567,0.9776,0.6175,0.9701,0.0618,Cyprus
Cyprus,2011,0.6732,0.978,0.6149,0.9701,0.1298,Cyprus
Cyprus,2012,0.6801,0.9853,0.6353,0.9701,0.1298,Cyprus
Cyprus,2013,0.6741,0.9978,0.656,0.9738,0.069,Cyprus
Cyprus,2014,0.6712,0.9985,0.6434,0.9738,0.069,Cyprus
Cyprus,2015,0.6844,0.9984,0.6648,0.9738,0.1004,Cyprus
Cyprus,2016,0.6836,0.9978,0.6787,0.966,0.0921,Cyprus
Cyprus,2017,0.6839,0.9978,0.6787,0.967,0.0921,Cyprus
Cyprus,2019,0.6921,0.9978,0.6815,0.967,0.1223,Cyprus
Cyprus,2020,0.7071,0.9978,0.6936,0.9598,0.1772,Cyprus
Cyprus,2021,0.696,0.991,0.69,0.96,0.144,Cyprus
Cyprus,2022,0.678,0.99,0.652,0.963,0.109,Cyprus
Cyprus,2023,0.7054,0.9929,0.666,0.9626,0.2,Cyprus
Czechia,2005,0.6712,0.9908,0.627,0.9791,0.0877,Czech Republic
Czechia,2006,0.6718,0.9908,0.6295,0.9791,0.0877,Czech Republic
Czechia,2007,0.677,1.0,0.6366,0.9791,0.0921,Czech Republic
Czechia,2008,0.6789,1.0,0.6443,0.9791,0.0921,Czech Republic
Czechia,2009,0.685,1.0,0.6205,0.9792,0.1403,Czech Republic
Czechia,2010,0.6789,1.0,0.5961,0.9792,0.1403,Czech Republic
Czechia,2011,0.6767,1.0,0.6026,0.9788,0.1254,Czech Republic
Czechia,2012,0.677,1.0,0.6039,0.9788,0.1254,Czech Republic
Czechia,2013,0.6737,1.0,0.6216,0.9791,0.094,Czech Republic
Czechia,2014,0.6873,1.0,0.6357,0.9791,0.1345,Czech Republic
Czechia,2015,0.6901,1.0,0.6466,0.9791,0.1345,Czech Republic
Czechia,2016,0.6882,1.0,0.6429,0.9796,0.1304,Czech Republic
Czechia,2017,0.6928,1.0,0.6514,0.9796,0.1403,Czech Republic
Czechia,2019,0.7065,1.0,0.6575,0.9796,0.1889,Czech Republic
Czechia,2020,0.7106,1.0,0.6622,0.9776,0.2025,Czech Republic
Czechia,2021,0.71,1.0,0.645,0.978,0.216,Czech Republic
Czechia,2022,0.685,1.0,0.636,0.978,0.128,Czech Republic
Czechia,2023,0.6839,1.0,0.6317,0.9777,0.1265,Czech Republic
Benin,2005,0.578,0.6435,0.6175,0.9688,0.082,Benin
Benin,2006,0.5656,0.6579,0.5429,0.9754,0.0864,Benin
Benin,2007,0.5582,0.6329,0.5162,0.9754,0.1081,Benin
Benin,2008,0.5643,0.6273,0.5463,0.9754,0.1081,Benin
Benin,2009,0.5719,0.6457,0.6049,0.9612,0.0757,Benin
Benin,2010,0.5832,0.6558,0.6494,0.9612,0.0664,Benin
Benin,2011,0.6258,0.6446,0.7591,0.9612,0.1383,Benin
Benin,2012,0.5885,0.5127,0.7419,0.9612,0.1383,Benin
Benin,2014,0.6245,0.6997,0.764,0.9673,0.0671,Benin
Benin,2015,0.6356,0.7124,0.7955,0.9673,0.0671,Benin
Benin,2016,0.6519,0.7136,0.8642,0.9644,0.0653,Benin
Benin,2017,0.6544,0.7295,0.8503,0.9723,0.0653,Benin
Benin,2019,0.6576,0.7326,0.8466,0.9723,0.0791,Benin
Benin,2020,0.6531,0.7326,0.8137,0.973,0.0933,Benin
Benin,2021,0.612,0.79,0.596,0.973,0.09,Benin
Benin,2022,0.616,0.802,0.53,0.973,0.159,Benin
Benin,2023,0.6292,0.8168,0.5375,0.973,0.1895,Benin
Denmark,2005,0.7462,1.0,0.7081,0.9723,0.3045,Denmark
Denmark,2006,0.7519,1.0,0.7336,0.9696,0.3045,Denmark
Denmark,2007,0.7538,1.0,0.7116,0.9696,0.334,Denmark
Denmark,2008,0.7628,1.0,0.7477,0.9696,0.334,Denmark
Denmark,2009,0.7719,1.0,0.7438,0.9743,0.3695,Denmark
Denmark,2010,0.7778,1.0,0.7672,0.9743,0.3696,Denmark
Denmark,2011,0.7777,1.0,0.7724,0.9739,0.3645,Denmark
Denmark,2012,0.7779,1.0,0.7639,0.9739,0.3738,Denmark
Denmark,2013,0.8025,1.0,0.8053,0.9741,0.4306,Denmark
Denmark,2014,0.7667,1.0,0.7879,0.9696,0.3094,Denmark
Denmark,2015,0.7535,1.0,0.735,0.9696,0.3094,Denmark
Denmark,2016,0.7765,1.0,0.7281,0.9714,0.4065,Denmark
Denmark,2017,0.7778,1.0,0.7337,0.9711,0.4065,Denmark
Denmark,2019,0.7818,1.0,0.7355,0.9711,0.4205,Denmark
Denmark,2020,0.7678,1.0,0.7364,0.9642,0.3706,Denmark
Denmark,2021,0.764,0.998,0.722,0.964,0.37,Denmark
Denmark,2022,0.78,0.998,0.727,0.964,0.432,Denmark
Denmark,2023,0.7887,0.9978,0.7408,0.9642,0.4522,Denmark
Dominican Republic (the),2005,0.6639,1.0,0.559,0.9796,0.1172,Dominican Republic (the)
Dominican Republic (the),2006,0.6705,1.0,0.5851,0.9796,0.1172,Dominican Republic (the)
Dominican Republic (the),2007,0.6744,1.0,0.6008,0.9796,0.1172,Dominican Republic (the)
Dominican Republic (the),2008,0.6859,1.0,0.647,0.9796,0.1172,Dominican Republic (the)
Dominican Republic (the),2009,0.6774,1.0,0.6516,0.9711,0.087,Dominican Republic (the)
Dominican Republic (the),2010,0.6682,1.0,0.5969,0.9711,0.1049,Dominican Republic (the)
Dominican Republic (the),2011,0.6659,0.9688,0.6052,0.9711,0.1184,Dominican Republic (the)
Dominican Republic (the),2012,0.6867,0.9822,0.6751,0.9711,0.1184,Dominican Republic (the)
Dominican Republic (the),2013,0.6906,0.9842,0.6794,0.9706,0.1283,Dominican Republic (the)
Dominican Republic (the),2014,0.6858,0.9842,0.6481,0.9711,0.14,Dominican Republic (the)
Dominican Republic (the),2015,0.676,0.9893,0.6583,0.9711,0.0853,Dominican Republic (the)
Dominican Republic (the),2016,0.697,0.9914,0.6385,0.9796,0.1787,Dominican Republic (the)
Dominican Republic (the),2017,0.7013,0.9972,0.6497,0.9796,0.1787,Dominican Republic (the)
Dominican Republic (the),2019,0.7002,0.9983,0.6598,0.9796,0.1632,Dominican Republic (the)
Dominican Republic (the),2020,0.6994,0.9997,0.6464,0.9796,0.1719,Dominican Republic (the)
Dominican Republic (the),2021,0.703,1.0,0.662,0.98,0.172,Dominican Republic (the)
Dominican Republic (the),2022,0.704,1.0,0.699,0.98,0.138,Dominican Republic (the)
Dominican Republic (the),2023,0.7065,1.0,0.7018,0.9796,0.1446,Dominican Republic (the)
Ecuador,2005,0.6433,0.9939,0.4994,0.9796,0.1003,Ecuador
Ecuador,2006,0.6881,0.9939,0.6344,0.9796,0.1446,Ecuador
Ecuador,2007,0.7091,0.9953,0.6234,0.9796,0.2381,Ecuador
Ecuador,2008,0.722,0.9955,0.6302,0.9796,0.2826,Ecuador
Ecuador,2009,0.7072,0.9879,0.5985,0.9758,0.2665,Ecuador
Ecuador,2010,0.7035,0.9877,0.5838,0.9758,0.2668,Ecuador
Ecuador,2011,0.7206,0.9942,0.5997,0.9758,0.3126,Ecuador
Ecuador,2012,0.7389,0.9942,0.6253,0.9758,0.3604,Ecuador
Ecuador,2013,0.7455,0.9956,0.7154,0.9796,0.2914,Ecuador
Ecuador,2014,0.7376,0.9964,0.677,0.9796,0.2974,Ecuador
Ecuador,2015,0.7262,0.9963,0.6315,0.9796,0.2974,Ecuador
Ecuador,2016,0.7243,0.9958,0.6416,0.9768,0.2833,Ecuador
Ecuador,2017,0.7286,0.9958,0.6574,0.9779,0.2833,Ecuador
Ecuador,2019,0.7288,0.9966,0.6805,0.9779,0.2601,Ecuador
Ecuador,2020,0.7395,0.9966,0.6752,0.9684,0.3178,Ecuador
Ecuador,2021,0.743,0.991,0.699,0.968,0.312,Ecuador
Ecuador,2022,0.737,0.998,0.705,0.968,0.278,Ecuador
Ecuador,2023,0.7883,0.9962,0.7069,0.9682,0.4819,Ecuador
El Salvador,2005,0.6837,0.988,0.5701,0.9796,0.197,El Salvador
El Salvador,2006,0.6853,0.9884,0.5762,0.9796,0.197,El Salvador
El Salvador,2007,0.6875,0.988,0.5632,0.9796,0.2194,El Salvador
El Salvador,2008,0.6939,0.9875,0.5787,0.9796,0.23,El Salvador
El Salvador,2009,0.6596,0.9876,0.5534,0.9796,0.1178,El Salvador
El Salvador,2010,0.6567,0.9891,0.5405,0.9796,0.1176,El Salvador
El Salvador,2011,0.663,0.9889,0.5427,0.9796,0.1409,El Salvador
El Salvador,2012,0.6609,0.9886,0.5345,0.9796,0.1409,El Salvador
El Salvador,2013,0.6863,0.9884,0.6415,0.9796,0.1358,El Salvador
El Salvador,2014,0.7058,0.9908,0.6386,0.9796,0.2141,El Salvador
El Salvador,2015,0.7018,0.9905,0.6229,0.9796,0.2141,El Salvador
El Salvador,2016,0.7048,0.992,0.6336,0.9796,0.2141,El Salvador
El Salvador,2017,0.6899,0.9917,0.5822,0.9796,0.2063,El Salvador
El Salvador,2019,0.706,0.9917,0.5905,0.9796,0.2622,El Salvador
El Salvador,2020,0.7382,0.9919,0.634,0.98,0.3473,El Salvador
El Salvador,2021,0.727,0.993,0.628,0.98,0.309,El Salvador
El Salvador,2022,0.714,0.993,0.619,0.98,0.265,El Salvador
El Salvador,2023,0.6951,0.9934,0.5924,0.9796,0.2149,El Salvador
Ethiopia,2005,0.5946,0.7392,0.5683,0.9687,0.1023,Ethiopia
Ethiopia,2006,0.5991,0.7403,0.5852,0.9686,0.1023,Ethiopia
Ethiopia,2007,0.5867,0.7001,0.5654,0.9686,0.1129,Ethiopia
Ethiopia,2008,0.5948,0.7001,0.5975,0.9686,0.1129,Ethiopia
Ethiopia,2009,0.6019,0.7003,0.6316,0.9737,0.1021,Ethiopia
Ethiopia,2010,0.6136,0.7043,0.6373,0.9737,0.139,Ethiopia
Ethiopia,2011,0.62,0.7386,0.6219,0.9737,0.1457,Ethiopia
Ethiopia,2012,0.6198,0.7451,0.6148,0.9737,0.1457,Ethiopia
Ethiopia,2013,0.6144,0.7113,0.6177,0.9725,0.1563,Ethiopia
Ethiopia,2014,0.6397,0.7411,0.6076,0.9782,0.2319,Ethiopia
Ethiopia,2015,0.6621,0.8403,0.5986,0.9782,0.2313,Ethiopia
Ethiopia,2016,0.6563,0.8187,0.6044,0.9786,0.2235,Ethiopia
Ethiopia,2017,0.6562,0.8187,0.6061,0.9765,0.2235,Ethiopia
Ethiopia,2019,0.7052,0.85,0.5675,0.9765,0.4267,Ethiopia
Ethiopia,2020,0.6906,0.85,0.5602,0.9705,0.3818,Ethiopia
Ethiopia,2021,0.71,0.854,0.6,0.971,0.416,Ethiopia
Ethiopia,2022,0.711,0.854,0.587,0.971,0.431,Ethiopia
Ethiopia,2023,0.7088,0.8652,0.587,0.9707,0.4123,Ethiopia
Estonia,2005,0.6944,0.9992,0.6824,0.9791,0.1167,Estonia
Estonia,2006,0.7008,0.9992,0.6935,0.9791,0.1313,Estonia
Estonia,2007,0.7076,0.9954,0.7004,0.9791,0.1555,Estonia
Estonia,2008,0.7094,0.9979,0.705,0.9791,0.1555,Estonia
Estonia,2009,0.7018,0.9967,0.7193,0.9773,0.1138,Estonia
Estonia,2010,0.6983,0.9967,0.7201,0.9773,0.0989,Estonia
Estonia,2011,0.6977,0.9936,0.7193,0.9791,0.0989,Estonia
Estonia,2012,0.6997,0.9931,0.7228,0.9791,0.1038,Estonia
Estonia,2013,0.7017,1.0,0.7055,0.9791,0.1221,Estonia
Estonia,2014,0.7494,0.9988,0.7108,0.9796,0.3084,Estonia
Estonia,2015,0.7465,0.9954,0.7028,0.9796,0.3084,Estonia
Estonia,2016,0.7308,1.0,0.7256,0.9791,0.2184,Estonia
Estonia,2017,0.7339,1.0,0.7288,0.9791,0.2277,Estonia
Estonia,2019,0.751,1.0,0.7363,0.9742,0.2936,Estonia
Estonia,2020,0.7325,1.0,0.7539,0.9748,0.2013,Estonia
Estonia,2021,0.733,1.0,0.747,0.977,0.21,Estonia
Estonia,2022,0.782,1.0,0.771,0.979,0.377,Estonia
Estonia,2023,0.7739,1.0,0.777,0.9785,0.3401,Estonia
Fiji,2008,0.6414,0.991,0.5343,0.9796,0.0608,Fiji
Fiji,2009,0.6256,0.9889,0.4983,0.9796,0.0358,Fiji
Fiji,2010,0.6255,0.9893,0.4972,0.9796,0.0358,Fiji
Fiji,2011,0.6285,0.9925,0.4974,0.9796,0.0448,Fiji
Fiji,2012,0.6286,0.9925,0.4975,0.9796,0.0448,Fiji
Fiji,2013,0.6286,0.9925,0.5065,0.9796,0.0358,Fiji
Fiji,2014,0.6454,0.9925,0.5125,0.9796,0.097,Fiji
Fiji,2016,0.6383,0.9915,0.4787,0.9791,0.1039,Fiji
Fiji,2017,0.6694,0.9915,0.603,0.9791,0.1039,Fiji
Fiji,2019,0.6777,0.9972,0.5845,0.9791,0.1498,Fiji
Fiji,2020,0.6743,0.9972,0.5682,0.9723,0.1596,Fiji
Fiji,2021,0.676,0.997,0.586,0.972,0.15,Fiji
Fiji,2022,0.65,0.997,0.588,0.965,0.052,Fiji
Fiji,2023,0.6418,0.9688,0.5886,0.965,0.0447,Fiji
Finland,2005,0.7958,0.9992,0.7341,0.9796,0.4704,Finland
Finland,2006,0.8044,0.9992,0.7225,0.9796,0.5165,Finland
Finland,2007,0.8195,1.0,0.7408,0.9796,0.5577,Finland
Finland,2008,0.8252,1.0,0.7504,0.9796,0.5709,Finland
Finland,2009,0.826,0.9993,0.7566,0.9796,0.5686,Finland
Finland,2010,0.8383,0.9995,0.7681,0.9796,0.606,Finland
Finland,2011,0.8451,1.0,0.7847,0.9796,0.6162,Finland
Finland,2012,0.8421,1.0,0.7727,0.9796,0.6162,Finland
Finland,2013,0.8453,1.0,0.7859,0.9789,0.6162,Finland
Finland,2014,0.8503,1.0,0.8146,0.9796,0.607,Finland
Finland,2015,0.845,1.0,0.7937,0.9796,0.607,Finland
Finland,2016,0.8226,1.0,0.7931,0.9783,0.5188,Finland
Finland,2017,0.8205,1.0,0.7858,0.9774,0.5188,Finland
Finland,2019,0.8321,1.0,0.788,0.9774,0.563,Finland
Finland,2020,0.8612,1.0,0.8059,0.9704,0.6685,Finland
Finland,2021,0.86,1.0,0.789,0.97,0.682,Finland
Finland,2022,0.863,1.0,0.783,0.97,0.7,Finland
Finland,2023,0.875,0.9995,0.7965,0.9704,0.7337,Finland
France,2005,0.652,1.0,0.5247,0.9796,0.104,France
France,2006,0.6824,1.0,0.646,0.9796,0.104,France
France,2007,0.7341,1.0,0.6631,0.9796,0.2939,France
France,2008,0.7331,1.0,0.6591,0.9796,0.2939,France
France,2009,0.7025,1.0,0.661,0.9796,0.1695,France
France,2010,0.7018,1.0,0.6587,0.9796,0.1691,France
France,2011,0.6984,1.0,0.6687,0.9796,0.1452,France
France,2012,0.7089,1.0,0.669,0.9796,0.187,France
France,2013,0.7588,1.0,0.7036,0.9796,0.352,France
France,2014,0.7609,1.0,0.6991,0.9796,0.365,France
France,2015,0.755,1.0,0.6755,0.9796,0.365,France
France,2016,0.7783,1.0,0.6826,0.9773,0.4532,France
France,2017,0.7795,1.0,0.6853,0.9744,0.4581,France
France,2019,0.781,1.0,0.6905,0.9744,0.459,France
France,2020,0.7844,1.0,0.7103,0.9698,0.4574,France
France,2021,0.791,1.0,0.737,0.97,0.457,France
France,2022,0.756,1.0,0.717,0.97,0.338,France
France,2023,0.7809,1.0,0.7263,0.9698,0.4277,France
Georgia,2005,0.67,0.9967,0.6565,0.9227,0.1042,Georgia
Georgia,2006,0.6665,0.9982,0.6304,0.9332,0.1042,Georgia
Georgia,2007,0.6654,1.0,0.635,0.9386,0.0881,Georgia
Georgia,2008,0.668,0.9855,0.6753,0.9386,0.0726,Georgia
Georgia,2009,0.6598,0.9813,0.6751,0.9441,0.0388,Georgia
Georgia,2010,0.6624,0.99,0.6725,0.948,0.039,Georgia
Georgia,2011,0.6691,0.979,0.6766,0.9497,0.0711,Georgia
Georgia,2012,0.675,0.979,0.6741,0.9553,0.0915,Georgia
Georgia,2013,0.6855,0.9887,0.6751,0.967,0.1111,Georgia
Georgia,2014,0.687,0.9999,0.6924,0.967,0.0888,Georgia
Georgia,2015,0.6809,0.9891,0.6788,0.967,0.0888,Georgia
Georgia,2016,0.6794,0.9891,0.6685,0.967,0.0928,Georgia
Georgia,2017,0.6773,0.9956,0.6538,0.967,0.0928,Georgia
Georgia,2019,0.7077,0.9997,0.7008,0.9761,0.1543,Georgia
Georgia,2020,0.7315,0.9997,0.7048,0.9767,0.2448,Georgia
Georgia,2021,0.731,1.0,0.697,0.978,0.248,Georgia
Georgia,2022,0.708,1.0,0.697,0.974,0.163,Georgia
Georgia,2023,0.7158,0.9909,0.7195,0.9742,0.1787,Georgia
Gambia (the),2005,0.6448,0.8086,0.6876,0.9741,0.1089,Gambia (the)
Gambia (the),2006,0.6421,0.8084,0.6866,0.9796,0.0939,Gambia (the)
Gambia (the),2007,0.6622,0.8355,0.7063,0.9796,0.1272,Gambia (the)
Gambia (the),2008,0.6752,0.8528,0.7412,0.9796,0.1272,Gambia (the)
Gambia (the),2009,0.6762,0.8288,0.7588,0.9796,0.1377,Gambia (the)
Gambia (the),2010,0.6763,0.832,0.7561,0.9796,0.1375,Gambia (the)
Gambia (the),2011,0.663,0.7634,0.7716,0.9796,0.1375,Gambia (the)
Gambia (the),2014,0.6735,0.9257,0.6972,0.973,0.0982,Gambia (the)
Gambia (the),2015,0.6672,0.9132,0.6845,0.973,0.0982,Gambia (the)
Gambia (the),2016,0.6493,0.8957,0.627,0.9682,0.1064,Gambia (the)
Gambia (the),2017,0.6425,0.8961,0.5976,0.9697,0.1064,Gambia (the)
Gambia (the),2019,0.6279,0.8908,0.5845,0.9697,0.0666,Gambia (the)
Gambia (the),2020,0.6444,0.8908,0.6069,0.9682,0.1115,Gambia (the)
Gambia (the),2021,0.641,0.873,0.604,0.968,0.118,Gambia (the)
Gambia (the),2022,0.651,0.954,0.609,0.968,0.073,Gambia (the)
Gambia (the),2023,0.6791,0.9569,0.7184,0.9684,0.0728,Gambia (the)
Germany,2005,0.7524,0.9954,0.6694,0.9791,0.3657,Germany
Germany,2006,0.7618,0.9954,0.6997,0.9783,0.3738,Germany
Germany,2007,0.7394,0.9954,0.6877,0.9783,0.2962,Germany
Germany,2008,0.7449,0.9953,0.6956,0.9783,0.3105,Germany
Germany,2009,0.753,0.9945,0.7138,0.9784,0.3251,Germany
Germany,2010,0.759,0.9942,0.727,0.9784,0.3364,Germany
Germany,2011,0.7629,0.9848,0.7399,0.978,0.3488,Germany
Germany,2012,0.7583,0.9818,0.712,0.978,0.3611,Germany
Germany,2013,0.778,0.9995,0.7388,0.9739,0.3998,Germany
Germany,2014,0.779,0.9868,0.7374,0.9785,0.4134,Germany
Germany,2015,0.7656,0.9657,0.6905,0.9785,0.4277,Germany
Germany,2016,0.7779,0.9696,0.7199,0.9751,0.4469,Germany
Germany,2017,0.7756,0.9759,0.7344,0.9734,0.4185,Germany
Germany,2019,0.7865,0.972,0.7234,0.9734,0.4773,Germany
Germany,2020,0.796,0.9969,0.7065,0.9717,0.5091,Germany
Germany,2021,0.801,0.988,0.695,0.972,0.55,Germany
Germany,2022,0.815,0.989,0.665,0.972,0.634,Germany
Germany,2023,0.8097,0.9865,0.676,0.9719,0.6045,Germany
Ghana,2005,0.6653,0.8682,0.7535,0.9685,0.071,Ghana
Ghana,2006,0.6725,0.8711,0.7806,0.9674,0.071,Ghana
Ghana,2007,0.6679,0.8749,0.7445,0.9674,0.0847,Ghana
Ghana,2008,0.6704,0.886,0.7548,0.9674,0.0733,Ghana
Ghana,2009,0.6782,0.8915,0.7577,0.9674,0.0961,Ghana
Ghana,2010,0.6811,0.9027,0.7581,0.9674,0.0962,Ghana
Ghana,2011,0.6778,0.9055,0.7543,0.9674,0.0839,Ghana
Ghana,2012,0.6811,0.897,0.7662,0.9674,0.0937,Ghana
Ghana,2013,0.6661,0.9104,0.6772,0.9669,0.1097,Ghana
Ghana,2014,0.7043,0.9239,0.8084,0.9727,0.1121,Ghana
Ghana,2015,0.7053,0.931,0.8054,0.9727,0.1121,Ghana
Ghana,2016,0.6953,0.9312,0.7843,0.9685,0.0972,Ghana
Ghana,2017,0.6883,0.9352,0.753,0.9678,0.0972,Ghana
Ghana,2019,0.6726,0.9511,0.6425,0.9678,0.1291,Ghana
Ghana,2020,0.6656,0.9511,0.5978,0.978,0.1354,Ghana
Ghana,2021,0.672,0.968,0.608,0.978,0.135,Ghana
Ghana,2022,0.688,0.974,0.682,0.978,0.119,Ghana
Ghana,2023,0.7011,0.9722,0.75,0.9777,0.1045,Ghana
Greece,2005,0.654,0.9918,0.5855,0.9779,0.0609,Greece
Greece,2006,0.6648,0.9894,0.6302,0.9785,0.0609,Greece
Greece,2007,0.6727,0.9944,0.6314,0.9785,0.0863,Greece
Greece,2008,0.6662,0.9934,0.6067,0.9785,0.0863,Greece
Greece,2009,0.6908,0.9935,0.6209,0.9712,0.1773,Greece
Greece,2010,0.6916,0.9938,0.6242,0.9712,0.1772,Greece
Greece,2011,0.6716,0.994,0.6329,0.9737,0.0858,Greece
Greece,2012,0.6782,0.9953,0.647,0.9737,0.0969,Greece
Greece,2013,0.6784,0.9954,0.6434,0.9785,0.0961,Greece
Greece,2014,0.6845,0.9961,0.6435,0.9785,0.12,Greece
Greece,2015,0.6795,0.9871,0.6486,0.9785,0.1039,Greece
Greece,2016,0.6923,0.9908,0.6697,0.9725,0.1361,Greece
Greece,2017,0.6963,0.992,0.6843,0.9712,0.1376,Greece
Greece,2019,0.7006,0.9931,0.6746,0.9712,0.1637,Greece
Greece,2020,0.689,0.9944,0.6723,0.9664,0.1231,Greece
Greece,2021,0.689,0.986,0.672,0.966,0.13,Greece
Greece,2022,0.693,0.99,0.676,0.967,0.14,Greece
Greece,2023,0.7137,0.9938,0.68,0.9671,0.2138,Greece
Guatemala,2005,0.6067,0.8945,0.4425,0.9796,0.1101,Guatemala
Guatemala,2006,0.6144,0.8966,0.4715,0.9796,0.1101,Guatemala
Guatemala,2007,0.6072,0.9148,0.4746,0.9796,0.0599,Guatemala
Guatemala,2008,0.6209,0.9382,0.5061,0.9796,0.0599,Guatemala
Guatemala,2009,0.6238,0.9453,0.528,0.9796,0.0423,Guatemala
Guatemala,2010,0.6229,0.946,0.5236,0.9796,0.0422,Guatemala
Guatemala,2011,0.626,0.9511,0.5259,0.9796,0.0475,Guatemala
Guatemala,2012,0.6304,0.9522,0.5422,0.9796,0.0475,Guatemala
Guatemala,2013,0.6821,0.9492,0.6622,0.9796,0.1374,Guatemala
Guatemala,2014,0.6673,0.9532,0.6273,0.9796,0.1093,Guatemala
Guatemala,2015,0.6662,0.9601,0.6132,0.9796,0.1119,Guatemala
Guatemala,2016,0.6674,0.9623,0.626,0.9796,0.1019,Guatemala
Guatemala,2017,0.6681,0.9681,0.6229,0.9796,0.1019,Guatemala
Guatemala,2019,0.6661,0.9693,0.6233,0.9796,0.0922,Guatemala
Guatemala,2020,0.6552,0.9693,0.5598,0.9794,0.1125,Guatemala
Guatemala,2021,0.664,0.976,0.589,0.98,0.113,Guatemala
Guatemala,2022,0.659,0.982,0.58,0.98,0.094,Guatemala
Guatemala,2023,0.6968,0.9823,0.5623,0.9796,0.2628,Guatemala
Guinea,2013,0.6005,0.6489,0.6561,0.9674,0.1296,Guinea
Guinea,2014,0.6177,0.7074,0.6664,0.9674,0.1296,Guinea
Guinea,2015,0.6399,0.7176,0.7451,0.9674,0.1296,Guinea
Guinea,2016,0.6595,0.6992,0.8127,0.9637,0.1622,Guinea
Guinea,2017,0.6564,0.6819,0.8199,0.9618,0.1622,Guinea
Guinea,2019,0.6423,0.6796,0.8031,0.9618,0.1246,Guinea
Guinea,2020,0.6604,0.6796,0.8387,0.9658,0.1573,Guinea
Guinea,2021,0.647,0.687,0.712,0.966,0.225,Guinea
Guinea,2022,0.617,0.71,0.576,0.966,0.217,Guinea
Guinea,2023,0.6011,0.7324,0.4892,0.966,0.2167,Guinea
Guyana,2020,0.7278,0.9839,0.6379,0.9796,0.3099,Guyana
Guyana,2021,0.752,0.995,0.722,0.98,0.31,Guyana
Guyana,2023,0.7651,0.994,0.7281,0.9796,0.3589,Guyana
Honduras,2005,0.6483,1.0,0.4777,0.9796,0.1359,Honduras
Honduras,2006,0.6661,1.0,0.5488,0.9796,0.1359,Honduras
Honduras,2007,0.696,1.0,0.6338,0.9796,0.1707,Honduras
Honduras,2008,0.6893,1.0,0.6048,0.9796,0.1727,Honduras
Honduras,2009,0.6927,0.9991,0.5904,0.9762,0.2052,Honduras
Honduras,2010,0.6945,0.9991,0.5972,0.9762,0.2053,Honduras
Honduras,2011,0.6763,0.9999,0.6009,0.9762,0.128,Honduras
Honduras,2012,0.6773,0.9988,0.6061,0.9762,0.128,Honduras
Honduras,2013,0.6935,0.9981,0.6391,0.976,0.1606,Honduras
Honduras,2014,0.6881,1.0,0.6169,0.976,0.1596,Honduras
Honduras,2015,0.6896,1.0,0.6227,0.976,0.1596,Honduras
Honduras,2016,0.7107,0.9998,0.669,0.9737,0.2003,Honduras
Honduras,2017,0.7064,0.9998,0.6731,0.9772,0.1755,Honduras
Honduras,2019,0.7223,1.0,0.7129,0.9772,0.1991,Honduras
Honduras,2020,0.716,1.0,0.721,0.9641,0.179,Honduras
Honduras,2021,0.705,1.0,0.643,0.964,0.213,Honduras
Honduras,2022,0.735,1.0,0.699,0.964,0.278,Honduras
Honduras,2023,0.7264,1.0,0.6536,0.9643,0.2878,Honduras
Hungary,2005,0.6698,0.9908,0.6402,0.9791,0.069,Hungary
Hungary,2006,0.6731,0.9913,0.653,0.9791,0.069,Hungary
Hungary,2007,0.6867,0.9928,0.6687,0.9791,0.1061,Hungary
Hungary,2008,0.6879,0.9924,0.6738,0.9791,0.1061,Hungary
Hungary,2009,0.672,0.99,0.6894,0.9779,0.0309,Hungary
Hungary,2010,0.6642,0.9926,0.6537,0.9796,0.031,Hungary
Hungary,2011,0.6718,0.9915,0.6591,0.9791,0.0574,Hungary
Hungary,2012,0.6742,0.9925,0.6677,0.9791,0.0574,Hungary
Hungary,2013,0.6759,0.9924,0.6683,0.9791,0.0636,Hungary
Hungary,2014,0.6725,0.991,0.6849,0.9791,0.0348,Hungary
Hungary,2015,0.6695,0.9923,0.6717,0.9791,0.0348,Hungary
Hungary,2016,0.6701,0.9916,0.6753,0.9791,0.0346,Hungary
Hungary,2017,0.6745,0.9941,0.6802,0.9791,0.0445,Hungary
Hungary,2019,0.6773,0.9927,0.6717,0.9796,0.0651,Hungary
Hungary,2020,0.6884,0.9927,0.6693,0.9796,0.112,Hungary
Hungary,2021,0.699,0.998,0.703,0.98,0.114,Hungary
Hungary,2022,0.689,0.995,0.701,0.98,0.079,Hungary
Hungary,2023,0.6861,0.9989,0.6968,0.9796,0.0691,Hungary
Iceland,2005,0.7813,0.9905,0.7107,0.9679,0.456,Iceland
Iceland,2006,0.7836,0.9874,0.7213,0.9697,0.456,Iceland
Iceland,2007,0.7999,0.9934,0.7323,0.9697,0.5044,Iceland
Iceland,2008,0.8276,1.0,0.7502,0.9697,0.5905,Iceland
Iceland,2009,0.8496,1.0,0.754,0.9696,0.6748,Iceland
Iceland,2010,0.853,1.0,0.7453,0.9696,0.6971,Iceland
Iceland,2011,0.864,1.0,0.754,0.9696,0.7325,Iceland
Iceland,2012,0.8731,1.0,0.7684,0.9696,0.7544,Iceland
Iceland,2013,0.8594,1.0,0.8169,0.9654,0.6554,Iceland
Iceland,2014,0.881,1.0,0.8357,0.9698,0.7187,Iceland
Iceland,2015,0.8737,1.0,0.8062,0.9698,0.7187,Iceland
Iceland,2016,0.878,0.9951,0.7984,0.9687,0.7497,Iceland
Iceland,2017,0.8584,0.9993,0.7931,0.9675,0.6736,Iceland
Iceland,2019,0.8766,0.9993,0.839,0.9675,0.7007,Iceland
Iceland,2020,0.8923,0.9993,0.8463,0.9637,0.7599,Iceland
Iceland,2021,0.908,0.993,0.803,0.964,0.874,Iceland
Iceland,2022,0.912,0.991,0.796,0.961,0.901,Iceland
Iceland,2023,0.9351,0.9918,0.8151,0.962,0.9716,Iceland
India,2005,0.6011,0.8188,0.3967,0.9624,0.2266,India
India,2006,0.5936,0.8188,0.3977,0.9315,0.2266,India
India,2007,0.606,0.8452,0.399,0.9315,0.2484,India
India,2008,0.6151,0.8434,0.4125,0.9315,0.2731,India
India,2009,0.6155,0.8369,0.4025,0.9312,0.2913,India
India,2010,0.619,0.8369,0.396,0.9312,0.3119,India
India,2011,0.6442,0.8525,0.4588,0.9312,0.3343,India
India,2012,0.6551,0.8574,0.4465,0.9312,0.3852,India
India,2013,0.6455,0.8503,0.4096,0.9366,0.3855,India
India,2014,0.6636,0.8961,0.3834,0.9421,0.4329,India
India,2015,0.6832,0.9502,0.4076,0.9421,0.4329,India
India,2016,0.6689,0.9517,0.3755,0.942,0.4066,India
India,2017,0.6648,0.9529,0.3845,0.9398,0.3819,India
India,2019,0.6676,0.9618,0.3542,0.9438,0.4106,India
India,2020,0.6254,0.9618,0.3262,0.9375,0.2761,India
India,2021,0.629,0.961,0.35,0.937,0.267,India
India,2022,0.643,1.0,0.367,0.95,0.253,India
India,2023,0.6408,0.964,0.3975,0.951,0.2509,India
Indonesia,2005,0.6541,0.9488,0.5982,0.9687,0.1007,Indonesia
Indonesia,2006,0.655,0.9488,0.5986,0.9719,0.1007,Indonesia
Indonesia,2007,0.6473,0.9445,0.5714,0.9719,0.1014,Indonesia
Indonesia,2008,0.658,0.9656,0.5722,0.9719,0.1224,Indonesia
Indonesia,2009,0.6615,0.964,0.575,0.9663,0.1407,Indonesia
Indonesia,2010,0.6594,0.9671,0.5642,0.9663,0.14,Indonesia
Indonesia,2011,0.6591,0.9734,0.565,0.9663,0.1316,Indonesia
Indonesia,2012,0.6613,0.9574,0.5881,0.9663,0.1334,Indonesia
Indonesia,2013,0.6725,0.989,0.5984,0.9762,0.1262,Indonesia
Indonesia,2014,0.6808,0.9863,0.5925,0.9762,0.168,Indonesia
Indonesia,2015,0.6821,0.9865,0.5978,0.9762,0.168,Indonesia
Indonesia,2016,0.6912,0.9862,0.6095,0.9763,0.1929,Indonesia
Indonesia,2017,0.6907,0.9666,0.629,0.9744,0.1929,Indonesia
Indonesia,2019,0.7003,0.9698,0.6851,0.9744,0.1719,Indonesia
Indonesia,2020,0.6878,0.9698,0.6466,0.9706,0.1641,Indonesia
Indonesia,2021,0.697,0.972,0.674,0.97,0.169,Indonesia
Indonesia,2022,0.697,0.972,0.666,0.97,0.181,Indonesia
Indonesia,2023,0.6864,0.9709,0.6668,0.97,0.138,Indonesia
Iran (Islamic Republic of),2005,0.5803,0.9535,0.3586,0.978,0.031,Iran (Islamic Republic of)
Iran (Islamic Republic of),2006,0.5903,0.9575,0.3952,0.9776,0.031,Iran (Islamic Republic of)
Iran (Islamic Republic of),2007,0.6021,0.965,0.4485,0.9776,0.0172,Iran (Islamic Republic of)
Iran (Islamic Republic of),2008,0.5839,0.964,0.3768,0.9776,0.0172,Iran (Islamic Republic of)
Iran (Islamic Republic of),2009,0.5933,0.9594,0.4257,0.9714,0.0165,Iran (Islamic Republic of)
Iran (Islamic Republic of),2010,0.5894,0.9251,0.4443,0.9714,0.0166,Iran (Islamic Republic of)
Iran (Islamic Republic of),2011,0.5927,0.953,0.4116,0.9714,0.0346,Iran (Islamic Republic of)
Iran (Islamic Republic of),2012,0.5842,0.9653,0.3655,0.9714,0.0346,Iran (Islamic Republic of)
Iran (Islamic Republic of),2013,0.5811,0.9574,0.3589,0.9709,0.0374,Iran (Islamic Republic of)
Iran (Islamic Republic of),2014,0.5799,0.9539,0.3573,0.9709,0.0374,Iran (Islamic Republic of)
Iran (Islamic Republic of),2015,0.5875,0.9754,0.3567,0.9709,0.0468,Iran (Islamic Republic of)
Iran (Islamic Republic of),2016,0.5828,0.9653,0.3574,0.9625,0.0458,Iran (Islamic Republic of)
Iran (Islamic Republic of),2017,0.5892,0.9691,0.376,0.9659,0.0458,Iran (Islamic Republic of)
Iran (Islamic Republic of),2019,0.5842,0.9534,0.3808,0.9659,0.0365,Iran (Islamic Republic of)
Iran (Islamic Republic of),2020,0.5819,0.9534,0.3745,0.9635,0.0361,Iran (Islamic Republic of)
Iran (Islamic Republic of),2021,0.576,0.963,0.343,0.964,0.036,Iran (Islamic Republic of)
Iran (Islamic Republic of),2022,0.575,0.96,0.344,0.964,0.031,Iran (Islamic Republic of)
Iran (Islamic Republic of),2023,0.5787,0.9766,0.3433,0.9638,0.0314,Iran (Islamic Republic of)
Iraq,2017,0.5506,0.8287,0.2636,0.9748,0.1353,Iraq
Iraq,2019,0.5298,0.8125,0.2274,0.9748,0.1045,Iraq
Iraq,2020,0.5349,0.8072,0.2284,0.9681,0.1358,Iraq
Ireland,2005,0.7335,1.0,0.6404,0.9701,0.3233,Ireland
Ireland,2006,0.7457,1.0,0.667,0.9727,0.3431,Ireland
Ireland,2007,0.7518,1.0,0.6811,0.9727,0.3535,Ireland
Ireland,2008,0.7597,1.0,0.6918,0.9727,0.3742,Ireland
Ireland,2009,0.7773,1.0,0.7409,0.97,0.3985,Ireland
Ireland,2010,0.783,1.0,0.7322,0.9741,0.4257,Ireland
Ireland,2011,0.7839,0.9988,0.7514,0.9737,0.4115,Ireland
Ireland,2012,0.7823,0.9988,0.745,0.9737,0.4115,Ireland
Ireland,2013,0.785,0.9979,0.7543,0.9739,0.414,Ireland
Ireland,2014,0.8069,0.9979,0.7767,0.9785,0.4743,Ireland
Ireland,2015,0.7975,1.0,0.7091,0.9785,0.5023,Ireland
Ireland,2016,0.7936,1.0,0.7099,0.9714,0.4933,Ireland
Ireland,2017,0.7961,0.9964,0.725,0.9698,0.4933,Ireland
Ireland,2019,0.7983,0.998,0.7318,0.9698,0.4934,Ireland
Ireland,2020,0.7998,0.998,0.7326,0.9642,0.5042,Ireland
Ireland,2021,0.804,1.0,0.746,0.964,0.507,Ireland
Ireland,2022,0.795,1.0,0.732,0.964,0.482,Ireland
Ireland,2023,0.8021,1.0,0.7368,0.9642,0.5072,Ireland
Israel,2005,0.6889,0.9951,0.641,0.9694,0.1501,Israel
Israel,2006,0.6965,0.9951,0.6707,0.9699,0.1501,Israel
Israel,2007,0.69,0.9961,0.6589,0.9699,0.1351,Israel
Israel,2008,0.7019,0.995,0.693,0.9699,0.1496,Israel
Israel,2009,0.6957,0.9874,0.6883,0.9697,0.1375,Israel
Israel,2010,0.6926,0.9874,0.6721,0.9697,0.1412,Israel
Israel,2011,0.6989,0.9874,0.6824,0.9697,0.1559,Israel
Israel,2012,0.7032,0.9874,0.6915,0.9697,0.1643,Israel
Israel,2013,0.7005,0.9964,0.6392,0.9698,0.1965,Israel
Israel,2014,0.7117,0.9964,0.6712,0.9741,0.2052,Israel
Israel,2015,0.7192,1.0,0.6785,0.9741,0.2244,Israel
Israel,2016,0.7211,1.0,0.681,0.971,0.2325,Israel
Israel,2017,0.7219,1.0,0.6836,0.9714,0.2325,Israel
Israel,2019,0.7181,1.0,0.6876,0.9714,0.2135,Israel
Israel,2020,0.724,1.0,0.7045,0.9641,0.2272,Israel
Israel,2021,0.727,1.0,0.701,0.964,0.241,Israel
Israel,2022,0.701,1.0,0.688,0.964,0.15,Israel
Israel,2023,0.6986,1.0,0.6904,0.9645,0.1394,Israel
Italy,2005,0.6456,0.9969,0.5265,0.9717,0.0872,Italy
Italy,2006,0.6498,0.9969,0.5432,0.9719,0.0872,Italy
Italy,2007,0.6788,0.9957,0.5872,0.9719,0.1604,Italy
Italy,2008,0.6798,0.9955,0.5898,0.9719,0.1619,Italy
Italy,2009,0.6765,0.9948,0.5893,0.9697,0.1523,Italy
Italy,2010,0.6796,0.9945,0.5976,0.9738,0.1525,Italy
Italy,2011,0.6729,0.9923,0.5913,0.9733,0.1348,Italy
Italy,2012,0.6885,0.9924,0.5973,0.9733,0.1912,Italy
Italy,2013,0.6973,0.9939,0.5738,0.9737,0.2479,Italy
Italy,2014,0.7256,0.9949,0.6028,0.9737,0.3311,Italy
Italy,2015,0.7186,0.995,0.5744,0.9737,0.3311,Italy
Italy,2016,0.6916,0.9945,0.5706,0.9673,0.2339,Italy
Italy,2017,0.7058,0.9955,0.5919,0.9687,0.2671,Italy
Italy,2019,0.707,0.9966,0.5954,0.9687,0.2672,Italy
Italy,2020,0.721,0.9966,0.6089,0.9649,0.3134,Italy
Italy,2021,0.72,0.995,0.603,0.965,0.319,Italy
Italy,2022,0.705,0.995,0.618,0.967,0.241,Italy
Italy,2023,0.7033,0.9958,0.6075,0.9673,0.2426,Italy
Côte d'Ivoire,2009,0.5691,0.6923,0.539,0.9796,0.0655,Côte d'Ivoire
Côte d'Ivoire,2010,0.5773,0.7073,0.5569,0.9796,0.0656,Côte d'Ivoire
Côte d'Ivoire,2011,0.5785,0.7095,0.5468,0.9796,0.0782,Côte d'Ivoire
Côte d'Ivoire,2012,0.5814,0.7141,0.5561,0.9796,0.0758,Côte d'Ivoire
Côte d'Ivoire,2013,0.5874,0.7217,0.5817,0.968,0.0781,Côte d'Ivoire
Côte d'Ivoire,2014,0.606,0.7728,0.6026,0.968,0.0807,Côte d'Ivoire
Côte d'Ivoire,2015,0.597,0.7639,0.5754,0.968,0.0807,Côte d'Ivoire
Côte d'Ivoire,2016,0.6114,0.7999,0.5753,0.9682,0.1021,Côte d'Ivoire
Côte d'Ivoire,2017,0.6271,0.8151,0.6209,0.9702,0.1021,Côte d'Ivoire
Côte d'Ivoire,2019,0.6063,0.8278,0.5452,0.9702,0.0818,Côte d'Ivoire
Côte d'Ivoire,2020,0.6367,0.8278,0.664,0.979,0.0761,Côte d'Ivoire
Côte d'Ivoire,2021,0.632,0.89,0.57,0.978,0.087,Côte d'Ivoire
Côte d'Ivoire,2022,0.65,0.902,0.601,0.978,0.118,Côte d'Ivoire
Côte d'Ivoire,2023,0.6552,0.9237,0.6112,0.9785,0.1073,Côte d'Ivoire
Jamaica,2005,0.7014,1.0,0.7377,0.9696,0.0983,Jamaica
Jamaica,2006,0.6925,1.0,0.7009,0.9707,0.0983,Jamaica
Jamaica,2007,0.698,1.0,0.7301,0.9707,0.0913,Jamaica
Jamaica,2008,0.7013,1.0,0.7429,0.9707,0.0913,Jamaica
Jamaica,2009,0.7037,0.9849,0.7535,0.9796,0.0967,Jamaica
Jamaica,2010,0.7028,0.9849,0.7508,0.9796,0.0961,Jamaica
Jamaica,2011,0.7035,0.9884,0.7214,0.9796,0.1247,Jamaica
Jamaica,2012,0.7085,0.9884,0.7317,0.9796,0.1345,Jamaica
Jamaica,2013,0.7128,0.9984,0.7284,0.9796,0.1447,Jamaica
Jamaica,2014,0.7029,0.9984,0.6783,0.9796,0.1554,Jamaica
Jamaica,2015,0.7239,1.0,0.7328,0.9796,0.1834,Jamaica
Jamaica,2016,0.717,1.0,0.7252,0.9718,0.171,Jamaica
Jamaica,2017,0.7236,1.0,0.7472,0.9762,0.171,Jamaica
Jamaica,2019,0.7352,1.0,0.767,0.9762,0.1975,Jamaica
Jamaica,2020,0.7412,1.0,0.7676,0.9677,0.2297,Jamaica
Jamaica,2021,0.749,1.0,0.798,0.967,0.23,Jamaica
Jamaica,2022,0.779,0.993,0.894,0.967,0.263,Jamaica
Jamaica,2023,0.7578,0.9914,0.8095,0.9673,0.2628,Jamaica
Japan,2005,0.6447,0.9864,0.5453,0.9796,0.0675,Japan
Japan,2006,0.6455,0.9864,0.5489,0.9791,0.0675,Japan
Japan,2007,0.6434,0.9854,0.544,0.9791,0.0651,Japan
Japan,2008,0.6447,0.9851,0.5495,0.9791,0.0651,Japan
Japan,2009,0.6524,0.986,0.5718,0.9796,0.0722,Japan
Japan,2010,0.6514,0.9862,0.5673,0.9796,0.0724,Japan
Japan,2011,0.653,0.9869,0.5756,0.9791,0.0705,Japan
Japan,2012,0.6498,0.9757,0.5841,0.9791,0.0603,Japan
Japan,2013,0.6584,0.9781,0.6182,0.9791,0.0583,Japan
Japan,2014,0.6705,0.9882,0.6114,0.9791,0.103,Japan
Japan,2015,0.6602,0.9895,0.5691,0.9791,0.103,Japan
Japan,2016,0.6571,0.9911,0.5799,0.9796,0.078,Japan
Japan,2017,0.6625,0.9942,0.5952,0.9793,0.0812,Japan
Japan,2019,0.6524,0.9835,0.5983,0.9793,0.0487,Japan
Japan,2020,0.6555,0.9835,0.6037,0.9734,0.0615,Japan
Japan,2021,0.65,1.0,0.564,0.973,0.061,Japan
Japan,2022,0.647,0.997,0.561,0.973,0.057,Japan
Japan,2023,0.663,0.993,0.5678,0.9732,0.118,Japan
Kazakhstan,2005,0.6928,0.9902,0.7133,0.9791,0.0888,Kazakhstan
Kazakhstan,2006,0.6983,0.9885,0.7366,0.9791,0.0888,Kazakhstan
Kazakhstan,2007,0.6976,0.9968,0.7413,0.9791,0.0731,Kazakhstan
Kazakhstan,2008,0.7013,0.9962,0.7566,0.9791,0.0731,Kazakhstan
Kazakhstan,2009,0.7055,0.9994,0.7633,0.9796,0.0799,Kazakhstan
Kazakhstan,2010,0.701,0.9954,0.7491,0.9796,0.0801,Kazakhstan
Kazakhstan,2011,0.7213,0.9923,0.7675,0.9796,0.1458,Kazakhstan
Kazakhstan,2012,0.7218,0.9913,0.7706,0.9796,0.1458,Kazakhstan
Kazakhstan,2013,0.721,0.9966,0.7414,0.9796,0.1662,Kazakhstan
Kazakhstan,2014,0.719,0.9999,0.7487,0.9796,0.1478,Kazakhstan
Kazakhstan,2015,0.718,0.9946,0.7445,0.9796,0.1532,Kazakhstan
Kazakhstan,2016,0.7126,0.9973,0.7443,0.9791,0.1297,Kazakhstan
Kazakhstan,2017,0.7124,0.9998,0.7409,0.9791,0.1297,Kazakhstan
Kazakhstan,2019,0.7104,0.995,0.7418,0.9748,0.1298,Kazakhstan
Kazakhstan,2020,0.7098,0.995,0.7275,0.9755,0.1411,Kazakhstan
Kazakhstan,2021,0.719,1.0,0.756,0.977,0.143,Kazakhstan
Kazakhstan,2022,0.721,1.0,0.765,0.975,0.146,Kazakhstan
Kazakhstan,2023,0.7104,0.9988,0.7509,0.9761,0.1158,Kazakhstan
Jordan,2005,0.6109,0.9793,0.4421,0.9746,0.0476,Jordan
Jordan,2006,0.6203,0.9793,0.4832,0.971,0.0476,Jordan
Jordan,2007,0.6275,0.986,0.4889,0.971,0.0642,Jordan
Jordan,2008,0.6182,0.9852,0.4524,0.971,0.0642,Jordan
Jordan,2009,0.6048,0.9869,0.4225,0.9706,0.0394,Jordan
Jordan,2010,0.6117,0.9869,0.4333,0.9706,0.0558,Jordan
Jordan,2011,0.6103,0.9859,0.4296,0.9706,0.0552,Jordan
Jordan,2012,0.6093,0.9915,0.4145,0.9706,0.0607,Jordan
Jordan,2013,0.5968,0.9906,0.358,0.9655,0.0731,Jordan
Jordan,2014,0.5931,0.9834,0.3504,0.9655,0.0731,Jordan
Jordan,2015,0.6031,0.9932,0.3806,0.9655,0.0731,Jordan
Jordan,2016,0.6044,0.9964,0.3771,0.9688,0.0753,Jordan
Jordan,2017,0.6049,0.9979,0.3754,0.971,0.0753,Jordan
Jordan,2019,0.6227,0.9908,0.4077,0.971,0.1212,Jordan
Jordan,2020,0.638,0.9908,0.5382,0.9571,0.0659,Jordan
Jordan,2021,0.639,0.993,0.537,0.957,0.069,Jordan
Jordan,2022,0.646,0.994,0.542,0.957,0.093,Jordan
Jordan,2023,0.652,0.9979,0.5356,0.9572,0.1173,Jordan
Kenya,2005,0.6486,0.9177,0.6575,0.9663,0.0528,Kenya
Kenya,2006,0.6508,0.9337,0.6488,0.9681,0.0528,Kenya
Kenya,2007,0.6547,0.9261,0.6928,0.9681,0.0319,Kenya
Kenya,2008,0.6512,0.9089,0.6832,0.9681,0.0447,Kenya
Kenya,2009,0.6499,0.9396,0.6151,0.9677,0.0774,Kenya
Kenya,2010,0.6493,0.9362,0.6159,0.9677,0.0773,Kenya
Kenya,2011,0.6768,0.9368,0.7243,0.9677,0.0786,Kenya
Kenya,2012,0.6803,0.923,0.7146,0.9677,0.1157,Kenya
Kenya,2013,0.7258,0.9229,0.8104,0.973,0.1969,Kenya
Kenya,2014,0.7187,0.9423,0.7776,0.973,0.182,Kenya
Kenya,2015,0.7019,0.9427,0.7099,0.973,0.182,Kenya
Kenya,2016,0.6938,0.9287,0.7197,0.9796,0.1474,Kenya
Kenya,2017,0.7004,0.9289,0.7343,0.9796,0.1589,Kenya
Kenya,2019,0.6711,0.938,0.5984,0.9796,0.1686,Kenya
Kenya,2020,0.6924,0.9294,0.6721,0.9748,0.1933,Kenya
Kenya,2021,0.729,0.939,0.811,0.975,0.192,Kenya
Kenya,2022,0.708,0.858,0.791,0.975,0.209,Kenya
Kenya,2023,0.7124,0.8768,0.7886,0.9748,0.2095,Kenya
Korea (the Republic of),2005,0.6157,0.948,0.4805,0.967,0.0673,Korea (the Republic of)
Korea (the Republic of),2006,0.6409,0.9488,0.5803,0.967,0.0673,Korea (the Republic of)
Korea (the Republic of),2007,0.6154,0.9366,0.4867,0.967,0.0714,Korea (the Republic of)
Korea (the Republic of),2008,0.6146,0.8936,0.5204,0.973,0.0714,Korea (the Republic of)
Korea (the Republic of),2009,0.6342,0.9466,0.5203,0.973,0.0969,Korea (the Republic of)
Korea (the Republic of),2010,0.6281,0.9481,0.4934,0.9736,0.0972,Korea (the Republic of)
Korea (the Republic of),2011,0.6356,0.9592,0.5089,0.973,0.1015,Korea (the Republic of)
Korea (the Republic of),2012,0.6351,0.9592,0.5036,0.973,0.1046,Korea (the Republic of)
Korea (the Republic of),2013,0.6403,0.9648,0.5116,0.973,0.1117,Korea (the Republic of)
Korea (the Republic of),2014,0.6507,0.9654,0.5571,0.973,0.107,Korea (the Republic of)
Korea (the Republic of),2015,0.6486,0.9638,0.5373,0.973,0.1204,Korea (the Republic of)
Korea (the Republic of),2016,0.65,0.9599,0.5326,0.973,0.1344,Korea (the Republic of)
Korea (the Republic of),2017,0.6574,0.9735,0.5489,0.973,0.1344,Korea (the Republic of)
Korea (the Republic of),2019,0.6716,0.973,0.555,0.9796,0.1788,Korea (the Republic of)
Korea (the Republic of),2020,0.6872,0.973,0.5858,0.9758,0.2141,Korea (the Republic of)
Korea (the Republic of),2021,0.689,0.976,0.592,0.976,0.212,Korea (the Republic of)
Korea (the Republic of),2022,0.68,0.977,0.597,0.976,0.169,Korea (the Republic of)
Korea (the Republic of),2023,0.6957,0.9795,0.6048,0.9755,0.2229,Korea (the Republic of)
Kuwait,2005,0.6341,0.9932,0.5773,0.9611,0.0047,Kuwait
Kuwait,2006,0.6409,0.9888,0.6036,0.9612,0.0099,Kuwait
Kuwait,2007,0.6358,0.99,0.5697,0.9612,0.0224,Kuwait
Kuwait,2008,0.6356,0.9807,0.5571,0.9612,0.0435,Kuwait
Kuwait,2009,0.6318,0.9858,0.5369,0.9612,0.0435,Kuwait
Kuwait,2010,0.6322,0.9834,0.5407,0.9612,0.0435,Kuwait
Kuwait,2011,0.632,0.9936,0.5567,0.9612,0.0165,Kuwait
Kuwait,2012,0.6292,0.9936,0.5252,0.9612,0.037,Kuwait
Kuwait,2013,0.6457,0.9905,0.6083,0.9567,0.0275,Kuwait
Kuwait,2014,0.6462,0.9909,0.6149,0.9567,0.0225,Kuwait
Kuwait,2015,0.624,0.997,0.52,0.9567,0.0225,Kuwait
Kuwait,2016,0.6276,0.9962,0.5181,0.9686,0.0275,Kuwait
Kuwait,2017,0.6302,0.9917,0.5409,0.9607,0.0275,Kuwait
Kuwait,2019,0.6498,0.9965,0.5891,0.9607,0.0529,Kuwait
Kuwait,2020,0.6213,0.9965,0.4978,0.9682,0.0225,Kuwait
Kuwait,2021,0.632,0.997,0.542,0.968,0.023,Kuwait
Kuwait,2022,0.651,0.997,0.579,0.968,0.059,Kuwait
Kuwait,2023,0.636,0.9967,0.5502,0.9682,0.0289,Kuwait
Kyrgyzstan,2005,0.6742,0.9952,0.6865,0.9796,0.0353,Kyrgyzstan
Kyrgyzstan,2006,0.6653,0.9936,0.6529,0.9796,0.0353,Kyrgyzstan
Kyrgyzstan,2007,0.7045,0.9933,0.6816,0.9796,0.1636,Kyrgyzstan
Kyrgyzstan,2008,0.7058,0.9936,0.6866,0.9796,0.1636,Kyrgyzstan
Kyrgyzstan,2009,0.6973,0.9953,0.6796,0.9796,0.1347,Kyrgyzstan
Kyrgyzstan,2010,0.7036,0.996,0.7071,0.9796,0.1318,Kyrgyzstan
Kyrgyzstan,2011,0.7013,0.99,0.7039,0.973,0.1383,Kyrgyzstan
Kyrgyzstan,2012,0.6948,0.9888,0.6789,0.973,0.1383,Kyrgyzstan
Kyrgyzstan,2013,0.6974,0.986,0.6801,0.973,0.1506,Kyrgyzstan
Kyrgyzstan,2014,0.6933,0.989,0.6583,0.973,0.153,Kyrgyzstan
Kyrgyzstan,2015,0.6867,0.9907,0.6508,0.973,0.1322,Kyrgyzstan
Kyrgyzstan,2016,0.6908,0.9899,0.664,0.9796,0.1298,Kyrgyzstan
Kyrgyzstan,2017,0.6906,0.9911,0.6621,0.9796,0.1298,Kyrgyzstan
Kyrgyzstan,2019,0.6885,0.9903,0.6544,0.9796,0.1298,Kyrgyzstan
Kyrgyzstan,2020,0.6811,0.9903,0.6465,0.9796,0.108,Kyrgyzstan
Kyrgyzstan,2021,0.7,0.996,0.702,0.98,0.124,Kyrgyzstan
Kyrgyzstan,2022,0.7,1.0,0.694,0.98,0.128,Kyrgyzstan
Kyrgyzstan,2023,0.6997,0.9913,0.6948,0.9796,0.1333,Kyrgyzstan
Lao People's Democratic Republic (the),2012,0.6993,0.8948,0.7999,0.9669,0.1355,Lao People's Democratic Republic (the)
Lao People's Democratic Republic (the),2013,0.7044,0.9084,0.8016,0.9721,0.1355,Lao People's Democratic Republic (the)
Lao People's Democratic Republic (the),2014,0.7125,0.935,0.8112,0.9721,0.1318,Lao People's Democratic Republic (the)
Lao People's Democratic Republic (the),2015,0.7238,0.9445,0.8324,0.9721,0.1461,Lao People's Democratic Republic (the)
Lao People's Democratic Republic (the),2016,0.7034,0.9333,0.7686,0.9743,0.1374,Lao People's Democratic Republic (the)
Lao People's Democratic Republic (the),2017,0.748,0.9681,0.915,0.9714,0.1374,Lao People's Democratic Republic (the)
Lao People's Democratic Republic (the),2019,0.7311,0.9648,0.8386,0.9714,0.1497,Lao People's Democratic Republic (the)
Lao People's Democratic Republic (the),2020,0.7503,0.9648,0.9154,0.9751,0.1459,Lao People's Democratic Republic (the)
Lao People's Democratic Republic (the),2021,0.733,0.958,0.883,0.975,0.116,Lao People's Democratic Republic (the)
Lao People's Democratic Republic (the),2022,0.733,0.964,0.851,0.975,0.14,Lao People's Democratic Republic (the)
Lao People's Democratic Republic (the),2023,0.7003,0.9717,0.714,0.9751,0.1403,Lao People's Democratic Republic (the)
Lebanon,2009,0.6084,0.9773,0.4483,0.9796,0.0283,Lebanon
Lebanon,2010,0.6083,0.9773,0.4482,0.9796,0.0282,Lebanon
Lebanon,2011,0.603,0.9802,0.4425,0.9796,0.0099,Lebanon
Lebanon,2012,0.6028,0.9796,0.442,0.9796,0.0099,Lebanon
Lebanon,2013,0.5923,0.9523,0.4321,0.9747,0.01,Lebanon
Lebanon,2014,0.5981,0.9626,0.4386,0.9701,0.0212,Lebanon
Lebanon,2015,0.5976,0.9592,0.4399,0.9701,0.0212,Lebanon
Lebanon,2016,0.596,0.9562,0.4396,0.9695,0.0188,Lebanon
Lebanon,2017,0.5955,0.9588,0.4317,0.9672,0.0241,Lebanon
Lebanon,2019,0.5995,0.9643,0.4425,0.9672,0.0239,Lebanon
Lebanon,2020,0.6378,0.9643,0.4873,0.9701,0.1295,Lebanon
Lebanon,2021,0.644,0.983,0.492,0.971,0.129,Lebanon
Lebanon,2022,0.628,0.984,0.538,0.971,0.021,Lebanon
Lebanon,2023,0.6316,0.9656,0.5575,0.9705,0.0326,Lebanon
Lesotho,2005,0.6807,1.0,0.6069,0.9796,0.1362,Lesotho
Lesotho,2006,0.7078,1.0,0.6612,0.9796,0.1903,Lesotho
Lesotho,2007,0.732,1.0,0.7311,0.9796,0.2173,Lesotho
Lesotho,2008,0.7495,1.0,0.8013,0.9796,0.2173,Lesotho
Lesotho,2009,0.7678,1.0,0.8789,0.9796,0.2128,Lesotho
Lesotho,2010,0.7666,1.0,0.874,0.9796,0.213,Lesotho
Lesotho,2011,0.7608,1.0,0.8163,0.9796,0.2474,Lesotho
Lesotho,2012,0.753,1.0,0.7756,0.9796,0.257,Lesotho
Lesotho,2013,0.7255,1.0,0.7449,0.9758,0.1813,Lesotho
Lesotho,2014,0.7059,1.0,0.6721,0.9796,0.1719,Lesotho
Lesotho,2015,0.7059,1.0,0.6721,0.9796,0.1719,Lesotho
Lesotho,2016,0.6952,1.0,0.655,0.9792,0.1468,Lesotho
Lesotho,2017,0.6932,1.0,0.6504,0.9796,0.143,Lesotho
Lesotho,2019,0.6947,1.0,0.6619,0.9796,0.1372,Lesotho
Lesotho,2020,0.6978,1.0,0.6469,0.9796,0.1646,Lesotho
Lesotho,2021,0.7,1.0,0.65,0.98,0.171,Lesotho
Lesotho,2022,0.702,1.0,0.648,0.98,0.179,Lesotho
Lesotho,2023,0.691,1.0,0.6484,0.9796,0.1362,Lesotho
Latvia,2005,0.7091,0.9308,0.7051,0.9796,0.2207,Latvia
Latvia,2006,0.7333,0.986,0.7344,0.9796,0.233,Latvia
Latvia,2007,0.7397,1.0,0.7458,0.9796,0.2332,Latvia
Latvia,2008,0.7416,1.0,0.7535,0.9796,0.2332,Latvia
Latvia,2009,0.7429,1.0,0.7516,0.9796,0.2404,Latvia
Latvia,2010,0.7399,1.0,0.7498,0.9796,0.23,Latvia
Latvia,2011,0.7572,1.0,0.7618,0.9796,0.2875,Latvia
Latvia,2012,0.761,1.0,0.7767,0.9796,0.2875,Latvia
Latvia,2013,0.7691,1.0,0.7931,0.9796,0.3038,Latvia
Latvia,2014,0.7525,1.0,0.7844,0.9796,0.246,Latvia
Latvia,2015,0.7547,1.0,0.7846,0.9796,0.2545,Latvia
Latvia,2016,0.7558,1.0,0.7982,0.9796,0.2455,Latvia
Latvia,2017,0.758,1.0,0.807,0.9796,0.2455,Latvia
Latvia,2019,0.785,1.0,0.8098,0.9748,0.3551,Latvia
Latvia,2020,0.7779,1.0,0.8223,0.9761,0.3131,Latvia
Latvia,2021,0.771,1.0,0.803,0.979,0.301,Latvia
Latvia,2022,0.794,1.0,0.775,0.975,0.424,Latvia
Latvia,2023,0.7734,1.0,0.7545,0.9755,0.3635,Latvia
Liberia,2013,0.6461,0.7744,0.6366,0.9671,0.2062,Liberia
Liberia,2014,0.6521,0.8056,0.62,0.9671,0.2159,Liberia
Liberia,2015,0.6518,0.7975,0.6125,0.9671,0.2304,Liberia
Liberia,2016,0.669,0.7721,0.6952,0.973,0.2356,Liberia
Liberia,2017,0.6811,0.7919,0.7291,0.968,0.2356,Liberia
Liberia,2019,0.6849,0.839,0.7142,0.968,0.2183,Liberia
Liberia,2020,0.6931,0.839,0.717,0.9617,0.2545,Liberia
Liberia,2021,0.709,0.815,0.804,0.962,0.255,Liberia
Liberia,2022,0.76,0.896,0.895,0.962,0.287,Liberia
Liberia,2023,0.7536,0.8919,0.8737,0.9618,0.287,Liberia
Lithuania,2005,0.7077,0.9979,0.7133,0.9791,0.1405,Lithuania
Lithuania,2006,0.7234,0.9979,0.7612,0.9791,0.1553,Lithuania
Lithuania,2007,0.7222,0.9949,0.7421,0.9791,0.1726,Lithuania
Lithuania,2008,0.7175,0.9946,0.7481,0.9791,0.1483,Lithuania
Lithuania,2009,0.7132,0.9894,0.7555,0.9796,0.1283,Lithuania
Lithuania,2010,0.7131,0.9914,0.744,0.9796,0.1376,Lithuania
Lithuania,2011,0.7191,0.9954,0.7551,0.9791,0.1469,Lithuania
Lithuania,2012,0.7308,0.9928,0.7688,0.9791,0.1826,Lithuania
Lithuania,2013,0.7208,0.9942,0.7384,0.9791,0.1714,Lithuania
Lithuania,2014,0.74,0.9942,0.7592,0.9791,0.2274,Lithuania
Lithuania,2015,0.7439,1.0,0.7572,0.9791,0.2394,Lithuania
Lithuania,2016,0.7423,1.0,0.7488,0.9796,0.241,Lithuania
Lithuania,2017,0.7491,0.9972,0.7654,0.9796,0.2541,Lithuania
Lithuania,2019,0.7445,0.9977,0.7948,0.9791,0.2065,Lithuania
Lithuania,2020,0.8036,0.9977,0.8079,0.9796,0.429,Lithuania
Lithuania,2021,0.799,0.986,0.781,0.98,0.45,Lithuania
Lithuania,2022,0.8,0.989,0.767,0.98,0.466,Lithuania
Lithuania,2023,0.7935,0.995,0.7596,0.9796,0.4398,Lithuania
Luxembourg,2005,0.6671,1.0,0.5602,0.973,0.1353,Luxembourg
Luxembourg,2006,0.6786,1.0,0.606,0.973,0.1353,Luxembourg
Luxembourg,2007,0.6802,1.0,0.6125,0.973,0.1353,Luxembourg
Luxembourg,2008,0.6889,1.0,0.6381,0.973,0.1444,Luxembourg
Luxembourg,2009,0.7231,1.0,0.7507,0.9743,0.1673,Luxembourg
Luxembourg,2010,0.7216,1.0,0.7449,0.9743,0.1673,Luxembourg
Luxembourg,2011,0.7439,0.996,0.8147,0.9719,0.1931,Luxembourg
Luxembourg,2012,0.741,1.0,0.8162,0.9719,0.1757,Luxembourg
Luxembourg,2013,0.7333,1.0,0.7529,0.9678,0.2123,Luxembourg
Luxembourg,2014,0.738,1.0,0.7658,0.9739,0.2123,Luxembourg
Luxembourg,2015,0.7342,1.0,0.7505,0.9739,0.2123,Luxembourg
Luxembourg,2016,0.7061,1.0,0.6674,0.9729,0.1843,Luxembourg
Luxembourg,2017,0.7124,1.0,0.6929,0.9724,0.1843,Luxembourg
Luxembourg,2019,0.7249,1.0,0.7209,0.9724,0.2062,Luxembourg
Luxembourg,2020,0.7257,1.0,0.6912,0.965,0.2467,Luxembourg
Luxembourg,2021,0.736,0.999,0.724,0.965,0.258,Luxembourg
Luxembourg,2022,0.747,1.0,0.71,0.965,0.315,Luxembourg
Luxembourg,2023,0.7442,0.9986,0.7351,0.9648,0.2782,Luxembourg
Madagascar,2005,0.6385,0.9596,0.5776,0.9785,0.0385,Madagascar
Madagascar,2006,0.6461,0.9579,0.6086,0.9796,0.0385,Madagascar
Madagascar,2007,0.6736,0.9566,0.6962,0.9796,0.0619,Madagascar
Madagascar,2008,0.6732,0.9584,0.6876,0.9796,0.0675,Madagascar
Madagascar,2009,0.6713,0.9591,0.6708,0.9732,0.0821,Madagascar
Madagascar,2010,0.6797,0.972,0.6781,0.9732,0.0957,Madagascar
Madagascar,2011,0.6982,0.9731,0.692,0.9732,0.1547,Madagascar
Madagascar,2012,0.7016,0.975,0.7033,0.9732,0.1547,Madagascar
Madagascar,2013,0.7214,0.9738,0.7335,0.9725,0.2056,Madagascar
Madagascar,2014,0.6978,0.9807,0.696,0.9725,0.1419,Madagascar
Madagascar,2015,0.7043,0.9642,0.7385,0.9725,0.1419,Madagascar
Madagascar,2016,0.6918,0.95,0.7157,0.974,0.1274,Madagascar
Madagascar,2017,0.6914,0.9505,0.7138,0.9741,0.1274,Madagascar
Madagascar,2019,0.7186,0.9799,0.769,0.9741,0.1514,Madagascar
Madagascar,2020,0.7252,0.982,0.7538,0.9655,0.1995,Madagascar
Madagascar,2021,0.735,0.978,0.793,0.966,0.202,Madagascar
Madagascar,2022,0.737,0.979,0.8,0.966,0.201,Madagascar
Madagascar,2023,0.7197,0.993,0.7587,0.9658,0.1614,Madagascar
Malawi,2005,0.6437,0.86,0.6647,0.96,0.09,Malawi
Malawi,2006,0.648,0.8655,0.6755,0.9612,0.09,Malawi
Malawi,2007,0.6664,0.8936,0.6872,0.9612,0.1235,Malawi
Malawi,2008,0.6738,0.8828,0.6925,0.9612,0.1586,Malawi
Malawi,2009,0.6824,0.8894,0.6979,0.9683,0.1742,Malawi
Malawi,2010,0.685,0.8972,0.7003,0.9683,0.174,Malawi
Malawi,2011,0.7166,0.919,0.8224,0.9683,0.1569,Malawi
Malawi,2012,0.7139,0.8961,0.8253,0.9683,0.166,Malawi
Malawi,2013,0.7281,0.8903,0.8298,0.9673,0.225,Malawi
Malawi,2014,0.7015,0.9103,0.8093,0.9734,0.1127,Malawi
Malawi,2015,0.7,0.9149,0.7988,0.9734,0.1127,Malawi
Malawi,2016,0.6722,0.9081,0.6543,0.974,0.1525,Malawi
Malawi,2017,0.6621,0.9075,0.6089,0.9796,0.1525,Malawi
Malawi,2019,0.664,0.9151,0.5999,0.9796,0.1615,Malawi
Malawi,2020,0.6705,0.9151,0.6235,0.9796,0.164,Malawi
Malawi,2021,0.632,0.764,0.62,0.98,0.164,Malawi
Malawi,2022,0.676,0.897,0.602,0.98,0.224,Malawi
Malaysia,2005,0.6509,0.9853,0.5924,0.9703,0.0558,Malaysia
Malaysia,2006,0.6444,0.9853,0.5671,0.9695,0.0558,Malaysia
Malaysia,2007,0.6442,0.9895,0.5548,0.9695,0.0631,Malaysia
Malaysia,2008,0.6467,0.9891,0.5653,0.9695,0.0631,Malaysia
Malaysia,2009,0.6479,0.9899,0.5765,0.9736,0.0517,Malaysia
Malaysia,2010,0.6525,0.9906,0.5941,0.9736,0.0517,Malaysia
Malaysia,2011,0.6539,0.9907,0.5988,0.973,0.053,Malaysia
Malaysia,2012,0.6518,0.9907,0.5904,0.973,0.053,Malaysia
Malaysia,2013,0.652,0.9693,0.6174,0.9692,0.0523,Malaysia
Malaysia,2014,0.6554,0.9672,0.6344,0.9692,0.0508,Malaysia
Malaysia,2015,0.6658,0.9854,0.6576,0.9692,0.0508,Malaysia
Malaysia,2016,0.6701,0.9907,0.654,0.9775,0.0583,Malaysia
Malaysia,2017,0.6755,1.0,0.6557,0.9739,0.0725,Malaysia
Malaysia,2019,0.6775,0.989,0.6387,0.9739,0.1083,Malaysia
Malaysia,2020,0.6765,0.9941,0.6379,0.9722,0.1017,Malaysia
Malaysia,2021,0.681,0.995,0.656,0.972,0.102,Malaysia
Malaysia,2022,0.682,1.0,0.664,0.969,0.098,Malaysia
Malaysia,2023,0.6678,1.0,0.6344,0.9686,0.0681,Malaysia
Maldives,2006,0.635,1.0,0.5138,0.9508,0.0753,Maldives
Maldives,2007,0.6501,1.0,0.5661,0.9508,0.0834,Maldives
Maldives,2008,0.6482,1.0,0.5788,0.9508,0.0631,Maldives
Maldives,2009,0.6452,0.9896,0.5907,0.9612,0.0392,Maldives
Maldives,2010,0.648,0.9896,0.6019,0.9612,0.0392,Maldives
Maldives,2011,0.6616,0.9994,0.5968,0.9612,0.089,Maldives
Maldives,2012,0.6604,1.0,0.5914,0.9612,0.089,Maldives
Maldives,2013,0.6557,0.9943,0.5904,0.9658,0.0723,Maldives
Maldives,2014,0.6519,0.9982,0.5889,0.9657,0.0547,Maldives
Maldives,2015,0.6496,0.9879,0.59,0.9657,0.0547,Maldives
Maldives,2016,0.6692,1.0,0.6415,0.9631,0.0723,Maldives
Maldives,2017,0.6619,0.9999,0.6219,0.9534,0.0723,Maldives
Maldives,2019,0.6457,1.0,0.5184,0.9534,0.1111,Maldives
Maldives,2020,0.6418,1.0,0.4912,0.9553,0.1209,Maldives
Maldives,2021,0.648,0.984,0.531,0.956,0.121,Maldives
Maldives,2022,0.649,0.984,0.512,0.962,0.139,Maldives
Maldives,2023,0.633,1.0,0.5144,0.9625,0.0553,Maldives
Mali,2005,0.5996,0.6737,0.6655,0.9679,0.0913,Mali
Mali,2006,0.6019,0.6521,0.6946,0.9695,0.0913,Mali
Mali,2007,0.6117,0.6567,0.7112,0.9695,0.1093,Mali
Mali,2008,0.586,0.6684,0.5969,0.9695,0.1093,Mali
Mali,2009,0.568,0.6794,0.5137,0.9761,0.1026,Mali
Mali,2010,0.5752,0.6927,0.5274,0.9761,0.1048,Mali
Mali,2011,0.5842,0.7094,0.5677,0.9761,0.0835,Mali
Mali,2012,0.5872,0.7291,0.5668,0.9761,0.0769,Mali
Mali,2013,0.5779,0.7264,0.5547,0.9549,0.0755,Mali
Mali,2014,0.5986,0.7546,0.6047,0.9489,0.0864,Mali
Mali,2015,0.5905,0.733,0.5938,0.9489,0.0864,Mali
Mali,2016,0.5831,0.7409,0.5179,0.9559,0.1179,Mali
Mali,2017,0.5823,0.7391,0.5072,0.9648,0.1179,Mali
Mali,2019,0.6209,0.7565,0.5914,0.9648,0.171,Mali
Mali,2020,0.5909,0.7567,0.4752,0.9595,0.1722,Mali
Mali,2021,0.601,0.757,0.521,0.959,0.168,Mali
Mali,2022,0.605,0.779,0.489,0.959,0.192,Mali
Mali,2023,0.6041,0.7757,0.4951,0.9591,0.1866,Mali
Malta,2005,0.6518,0.9977,0.5099,0.974,0.1256,Malta
Malta,2006,0.6615,0.9977,0.5488,0.9739,0.1256,Malta
Malta,2007,0.6634,0.9955,0.5605,0.9739,0.1237,Malta
Malta,2008,0.6635,0.9955,0.5611,0.9739,0.1237,Malta
Malta,2009,0.6695,1.0,0.5428,0.9741,0.1611,Malta
Malta,2010,0.6658,1.0,0.5281,0.9741,0.1611,Malta
Malta,2011,0.6666,0.9936,0.5498,0.9737,0.1494,Malta
Malta,2012,0.6761,0.9935,0.5655,0.9737,0.1716,Malta
Malta,2013,0.6707,1.0,0.5686,0.9695,0.1447,Malta
Malta,2014,0.6677,1.0,0.5733,0.9695,0.1279,Malta
Malta,2015,0.6643,0.9528,0.5951,0.9695,0.1398,Malta
Malta,2016,0.6816,1.0,0.6099,0.9705,0.146,Malta
Malta,2017,0.6855,1.0,0.6137,0.9693,0.159,Malta
Malta,2019,0.6935,1.0,0.6209,0.9693,0.1837,Malta
Malta,2020,0.7032,1.0,0.6555,0.9651,0.192,Malta
Malta,2021,0.703,1.0,0.655,0.965,0.192,Malta
Malta,2022,0.713,1.0,0.641,0.961,0.251,Malta
Malta,2023,0.7229,1.0,0.6802,0.9603,0.2512,Malta
Mauritania,2005,0.5835,0.8185,0.4992,0.9796,0.0366,Mauritania
Mauritania,2006,0.6022,0.8322,0.5046,0.9796,0.0923,Mauritania
Mauritania,2007,0.6117,0.8561,0.4894,0.9796,0.1216,Mauritania
Mauritania,2008,0.6103,0.8491,0.4908,0.9796,0.1216,Mauritania
Mauritania,2009,0.6152,0.8526,0.4668,0.9796,0.1621,Mauritania
Mauritania,2010,0.6164,0.8601,0.4639,0.9796,0.162,Mauritania
Mauritania,2011,0.6129,0.8565,0.4955,0.9796,0.1201,Mauritania
Mauritania,2012,0.581,0.8591,0.3651,0.9796,0.1201,Mauritania
Mauritania,2013,0.6029,0.8313,0.4661,0.973,0.1413,Mauritania
Mauritania,2014,0.6135,0.8386,0.4473,0.9727,0.1953,Mauritania
Mauritania,2015,0.6238,0.8582,0.4689,0.9727,0.1953,Mauritania
Mauritania,2016,0.6135,0.8533,0.417,0.9697,0.2141,Mauritania
Mauritania,2017,0.6071,0.8616,0.408,0.97,0.1886,Mauritania
Mauritania,2019,0.6135,0.8794,0.4107,0.97,0.194,Mauritania
Mauritania,2020,0.6059,0.8794,0.4396,0.9571,0.1474,Mauritania
Mauritius,2005,0.6328,0.9831,0.483,0.9796,0.0854,Mauritius
Mauritius,2006,0.6487,0.9831,0.5469,0.9796,0.0854,Mauritius
Mauritius,2007,0.6466,0.9884,0.5269,0.9796,0.0914,Mauritius
Mauritius,2008,0.6513,0.9878,0.5465,0.9796,0.0914,Mauritius
Mauritius,2009,0.652,0.9882,0.5491,0.9796,0.0909,Mauritius
Mauritius,2010,0.6529,0.9888,0.5441,0.9796,0.0992,Mauritius
Mauritius,2011,0.6547,0.9902,0.5536,0.9796,0.0954,Mauritius
Mauritius,2012,0.6599,0.9907,0.5735,0.9796,0.0959,Mauritius
Mauritius,2013,0.6541,0.9888,0.5507,0.9796,0.0971,Mauritius
Mauritius,2014,0.6456,0.9911,0.5342,0.9796,0.0777,Mauritius
Mauritius,2015,0.652,0.991,0.5505,0.9796,0.0869,Mauritius
Mauritius,2016,0.664,0.9916,0.5947,0.9796,0.0902,Mauritius
Mauritius,2017,0.6633,0.9911,0.585,0.9796,0.0974,Mauritius
Mauritius,2019,0.6652,0.9919,0.5959,0.9796,0.0935,Mauritius
Mauritius,2020,0.6789,0.9919,0.6002,0.9796,0.1437,Mauritius
Mauritius,2021,0.679,0.991,0.601,0.98,0.144,Mauritius
Mauritius,2022,0.689,0.993,0.637,0.98,0.148,Mauritius
Mauritius,2023,0.6835,0.993,0.6026,0.9796,0.1588,Mauritius
Mexico,2005,0.6462,0.9918,0.4801,0.9796,0.1333,Mexico
Mexico,2006,0.6441,0.9918,0.4891,0.9796,0.1161,Mexico
Mexico,2007,0.6441,0.978,0.4789,0.9796,0.1399,Mexico
Mexico,2008,0.6503,0.9781,0.5089,0.9796,0.1348,Mexico
Mexico,2009,0.6577,0.991,0.5212,0.9796,0.139,Mexico
Mexico,2010,0.6604,0.9913,0.5318,0.9796,0.139,Mexico
Mexico,2011,0.6712,0.9914,0.5382,0.9796,0.1759,Mexico
Mexico,2012,0.6917,0.9911,0.5499,0.9796,0.2463,Mexico
Mexico,2013,0.69,0.9906,0.5519,0.9796,0.238,Mexico
Mexico,2014,0.6991,0.9911,0.545,0.9796,0.2807,Mexico
Mexico,2015,0.7,0.9958,0.5436,0.9796,0.281,Mexico
Mexico,2016,0.6918,0.9959,0.5182,0.9767,0.2762,Mexico
Mexico,2017,0.7209,0.9963,0.5738,0.9789,0.3345,Mexico
Mexico,2019,0.7544,0.9968,0.5739,0.9789,0.4679,Mexico
Mexico,2020,0.7574,0.9968,0.59,0.975,0.4679,Mexico
Mexico,2021,0.764,0.994,0.597,0.975,0.49,Mexico
Mexico,2022,0.765,0.994,0.601,0.975,0.49,Mexico
Mexico,2023,0.7677,0.9943,0.6119,0.9752,0.4895,Mexico
Mongolia,2005,0.6821,0.9991,0.7043,0.9796,0.0456,Mongolia
Mongolia,2006,0.6731,0.9991,0.6682,0.9796,0.0456,Mongolia
Mongolia,2007,0.7049,1.0,0.7563,0.9796,0.0839,Mongolia
Mongolia,2008,0.7221,1.0,0.8334,0.9796,0.0752,Mongolia
Mongolia,2009,0.7194,0.9919,0.8746,0.9796,0.0317,Mongolia
Mongolia,2010,0.714,0.9946,0.85,0.9796,0.0318,Mongolia
Mongolia,2011,0.7111,0.9945,0.8387,0.9796,0.0318,Mongolia
Mongolia,2012,0.7204,0.9946,0.8338,0.9796,0.0734,Mongolia
Mongolia,2013,0.7212,0.9932,0.8082,0.9796,0.1037,Mongolia
Mongolia,2014,0.7093,0.9915,0.7828,0.9796,0.0835,Mongolia
Mongolia,2015,0.7054,0.9925,0.7661,0.9796,0.0835,Mongolia
Mongolia,2016,0.7125,0.9926,0.7758,0.9796,0.1021,Mongolia
Mongolia,2017,0.7136,0.9929,0.7797,0.9796,0.1021,Mongolia
Mongolia,2019,0.7064,0.9926,0.7514,0.9796,0.102,Mongolia
Mongolia,2020,0.7159,0.9926,0.7693,0.9796,0.1222,Mongolia
Mongolia,2021,0.715,0.994,0.765,0.98,0.121,Mongolia
Mongolia,2022,0.704,0.994,0.745,0.98,0.099,Mongolia
Mongolia,2023,0.7049,1.0,0.7361,0.9796,0.104,Mongolia
Moldova (the Republic of),2005,0.7128,0.9942,0.7604,0.9796,0.1172,Moldova (the Republic of)
Moldova (the Republic of),2006,0.7172,0.9941,0.7785,0.9791,0.1172,Moldova (the Republic of)
Moldova (the Republic of),2007,0.7244,0.9982,0.8017,0.9791,0.1184,Moldova (the Republic of)
Moldova (the Republic of),2008,0.7104,0.9929,0.7323,0.9791,0.1372,Moldova (the Republic of)
Moldova (the Republic of),2009,0.716,0.9898,0.7707,0.9796,0.124,Moldova (the Republic of)
Moldova (the Republic of),2010,0.7083,0.9909,0.7641,0.9796,0.0988,Moldova (the Republic of)
Moldova (the Republic of),2011,0.7101,0.9962,0.7608,0.9791,0.1043,Moldova (the Republic of)
Moldova (the Republic of),2012,0.7037,0.9907,0.7407,0.9791,0.1043,Moldova (the Republic of)
Moldova (the Republic of),2013,0.7405,0.9949,0.8077,0.9791,0.1802,Moldova (the Republic of)
Moldova (the Republic of),2014,0.7418,0.9965,0.797,0.9791,0.1946,Moldova (the Republic of)
Moldova (the Republic of),2015,0.7413,0.9956,0.795,0.9791,0.1956,Moldova (the Republic of)
Moldova (the Republic of),2016,0.7397,0.9922,0.8107,0.9796,0.1762,Moldova (the Republic of)
Moldova (the Republic of),2017,0.7334,0.9931,0.7848,0.9796,0.1762,Moldova (the Republic of)
Moldova (the Republic of),2019,0.7567,0.9958,0.7878,0.9796,0.2637,Moldova (the Republic of)
Moldova (the Republic of),2020,0.7682,0.9958,0.8113,0.9796,0.286,Moldova (the Republic of)
Moldova (the Republic of),2021,0.788,0.996,0.766,0.98,0.412,Moldova (the Republic of)
Moldova (the Republic of),2022,0.788,0.996,0.863,0.977,0.314,Moldova (the Republic of)
Moldova (the Republic of),2023,0.7907,0.9987,0.8373,0.9773,0.3496,Moldova (the Republic of)
Montenegro,2013,0.6934,0.9952,0.7109,0.9641,0.1033,Montenegro
Montenegro,2014,0.6889,0.9965,0.6698,0.9751,0.1142,Montenegro
Montenegro,2015,0.6813,0.989,0.6469,0.9751,0.1142,Montenegro
Montenegro,2016,0.6929,0.988,0.6526,0.9742,0.1567,Montenegro
Montenegro,2017,0.7059,0.9923,0.6956,0.9791,0.1567,Montenegro
Montenegro,2019,0.7104,0.9978,0.7121,0.9706,0.161,Montenegro
Montenegro,2020,0.7317,0.9978,0.7475,0.9699,0.2116,Montenegro
Montenegro,2021,0.732,0.998,0.733,0.972,0.226,Montenegro
Montenegro,2022,0.714,0.998,0.71,0.968,0.18,Montenegro
Montenegro,2023,0.7183,0.9983,0.7241,0.9693,0.1816,Montenegro
Morocco,2005,0.5827,0.8481,0.4612,0.9684,0.053,Morocco
Morocco,2006,0.5676,0.8451,0.4006,0.9716,0.053,Morocco
Morocco,2007,0.5757,0.8437,0.3926,0.9716,0.0952,Morocco
Morocco,2008,0.5926,0.8558,0.4477,0.9716,0.0952,Morocco
Morocco,2009,0.5767,0.8607,0.4077,0.9712,0.0671,Morocco
Morocco,2010,0.5804,0.8653,0.4177,0.9712,0.0672,Morocco
Morocco,2011,0.5833,0.8744,0.4154,0.9712,0.072,Morocco
Morocco,2012,0.5845,0.9002,0.3949,0.9712,0.072,Morocco
Morocco,2013,0.5988,0.9194,0.4,0.9663,0.1096,Morocco
Morocco,2014,0.5933,0.9138,0.3783,0.9714,0.1096,Morocco
Morocco,2015,0.5966,0.9251,0.3803,0.9714,0.1096,Morocco
Morocco,2016,0.5984,0.9203,0.3915,0.9647,0.117,Morocco
Morocco,2017,0.6067,0.9424,0.4044,0.9631,0.117,Morocco
Morocco,2019,0.6047,0.9558,0.4054,0.9631,0.0946,Morocco
Morocco,2020,0.6123,0.9558,0.4065,0.9607,0.1263,Morocco
Morocco,2021,0.624,0.945,0.447,0.961,0.145,Morocco
Morocco,2022,0.621,0.953,0.404,0.961,0.165,Morocco
Morocco,2023,0.6276,0.9555,0.4062,0.9611,0.1877,Morocco
Mozambique,2006,0.6883,0.7525,0.797,0.9782,0.2256,Mozambique
Mozambique,2007,0.7266,0.799,0.8345,0.9782,0.2948,Mozambique
Mozambique,2008,0.7195,0.7818,0.8133,0.9782,0.3047,Mozambique
Mozambique,2009,0.7329,0.8136,0.8113,0.9612,0.3455,Mozambique
Mozambique,2010,0.7251,0.8121,0.7816,0.9612,0.3457,Mozambique
Mozambique,2011,0.735,0.8267,0.7988,0.9612,0.3533,Mozambique
Mozambique,2012,0.7349,0.8355,0.7897,0.9612,0.3533,Mozambique
Mozambique,2013,0.737,0.8326,0.7892,0.968,0.3581,Mozambique
Mozambique,2014,0.7406,0.8603,0.7729,0.9678,0.3614,Mozambique
Mozambique,2015,0.7496,0.8709,0.7982,0.9678,0.3614,Mozambique
Mozambique,2016,0.7407,0.8573,0.7887,0.9769,0.3398,Mozambique
Mozambique,2017,0.7209,0.8894,0.6748,0.9796,0.3398,Mozambique
Mozambique,2019,0.7235,0.9043,0.6485,0.9796,0.3616,Mozambique
Mozambique,2020,0.7582,0.9043,0.655,0.9796,0.4939,Mozambique
Mozambique,2021,0.752,0.882,0.654,0.98,0.493,Mozambique
Mozambique,2022,0.778,0.896,0.692,0.98,0.542,Mozambique
Mozambique,2023,0.7764,0.8939,0.6897,0.9796,0.5423,Mozambique
Oman,2006,0.5903,0.9709,0.3845,0.9709,0.0351,Oman
Oman,2007,0.596,0.9736,0.4149,0.9709,0.0247,Oman
Oman,2008,0.5938,0.9735,0.4059,0.9709,0.0247,Oman
Oman,2009,0.595,0.9784,0.4003,0.9755,0.0256,Oman
Oman,2010,0.5873,0.9412,0.4068,0.9755,0.0256,Oman
Oman,2011,0.5986,0.9684,0.4284,0.9755,0.0221,Oman
Oman,2012,0.6053,0.9745,0.4489,0.9755,0.0221,Oman
Oman,2013,0.6091,0.9736,0.4707,0.9706,0.0214,Oman
Oman,2014,0.6043,0.9839,0.4414,0.9706,0.0214,Oman
Oman,2015,0.6122,0.9734,0.4833,0.9706,0.0213,Oman
Oman,2017,0.6048,0.9904,0.4298,0.9789,0.0202,Oman
Oman,2019,0.6021,0.9774,0.4306,0.9789,0.0215,Oman
Oman,2020,0.6082,0.9774,0.4532,0.9612,0.041,Oman
Oman,2021,0.609,0.95,0.482,0.961,0.041,Oman
Oman,2022,0.614,0.957,0.488,0.961,0.051,Oman
Oman,2023,0.6284,0.989,0.5198,0.9612,0.0436,Oman
Namibia,2005,0.6864,0.9928,0.6135,0.9675,0.172,Namibia
Namibia,2006,0.7012,0.9928,0.6717,0.9683,0.172,Namibia
Namibia,2007,0.7141,0.9826,0.7091,0.9683,0.1964,Namibia
Namibia,2008,0.7167,0.982,0.7201,0.9683,0.1964,Namibia
Namibia,2009,0.7238,0.9979,0.7386,0.9671,0.1918,Namibia
Namibia,2010,0.7177,0.9983,0.7273,0.9671,0.178,Namibia
Namibia,2011,0.7121,0.9988,0.71,0.9671,0.1727,Namibia
Namibia,2012,0.7094,1.0,0.698,0.9671,0.1727,Namibia
Namibia,2013,0.7219,1.0,0.7326,0.9796,0.1755,Namibia
Namibia,2014,0.7604,1.0,0.7752,0.9796,0.287,Namibia
Namibia,2015,0.7646,0.9992,0.7808,0.9796,0.2986,Namibia
Namibia,2016,0.7772,0.9985,0.8131,0.9796,0.3176,Namibia
Namibia,2017,0.7891,0.9985,0.8037,0.9796,0.3746,Namibia
Namibia,2019,0.7841,0.9996,0.7886,0.9796,0.3687,Namibia
Namibia,2020,0.8089,0.9996,0.794,0.9796,0.4625,Namibia
Namibia,2021,0.807,0.999,0.785,0.98,0.463,Namibia
Namibia,2022,0.802,1.0,0.784,0.98,0.443,Namibia
Namibia,2023,0.8045,1.0,0.7825,0.9796,0.4561,Namibia
Nepal,2005,0.5478,0.7336,0.4654,0.9531,0.0392,Nepal
Nepal,2006,0.5575,0.7336,0.4568,0.9553,0.0845,Nepal
Nepal,2007,0.5942,0.7454,0.4618,0.9553,0.2144,Nepal
Nepal,2008,0.6213,0.8164,0.4978,0.9553,0.2157,Nepal
Nepal,2009,0.6084,0.7806,0.5174,0.9612,0.1743,Nepal
Nepal,2010,0.5888,0.7589,0.4606,0.9612,0.1745,Nepal
Nepal,2011,0.6026,0.7632,0.4874,0.9612,0.1989,Nepal
Nepal,2012,0.6053,0.7462,0.5151,0.9612,0.1989,Nepal
Nepal,2013,0.6458,0.8889,0.547,0.9717,0.1756,Nepal
Nepal,2014,0.6582,0.9174,0.5747,0.9717,0.1689,Nepal
Nepal,2015,0.6608,0.9182,0.5779,0.9717,0.1752,Nepal
Nepal,2016,0.6645,0.9358,0.5985,0.9687,0.1549,Nepal
Nepal,2017,0.6713,0.926,0.6081,0.9658,0.1852,Nepal
Nepal,2019,0.6798,0.8945,0.6319,0.9658,0.2271,Nepal
Nepal,2020,0.6827,0.8945,0.63,0.9653,0.241,Nepal
Nepal,2021,0.692,0.916,0.641,0.965,0.247,Nepal
Nepal,2022,0.659,0.918,0.476,0.969,0.276,Nepal
Nepal,2023,0.6638,0.9233,0.4753,0.9685,0.2881,Nepal
Netherlands (the),2005,0.725,0.9724,0.6351,0.9737,0.3186,Netherlands
Netherlands (the),2006,0.7383,0.9934,0.6667,0.9743,0.3186,Netherlands
Netherlands (the),2007,0.7399,0.9937,0.6674,0.9743,0.3241,Netherlands
Netherlands (the),2008,0.749,0.995,0.6851,0.9743,0.3415,Netherlands
Netherlands (the),2009,0.7444,0.9966,0.723,0.9697,0.2883,Netherlands
Netherlands (the),2010,0.747,0.9985,0.7432,0.9697,0.2766,Netherlands
Netherlands (the),2011,0.7659,1.0,0.7578,0.9697,0.3362,Netherlands
Netherlands (the),2012,0.7608,0.9954,0.7592,0.9697,0.3191,Netherlands
Netherlands (the),2013,0.773,1.0,0.7106,0.9699,0.4116,Netherlands
Netherlands (the),2014,0.7757,1.0,0.732,0.9699,0.4008,Netherlands
Netherlands (the),2015,0.7558,0.9935,0.659,0.9699,0.4008,Netherlands
Netherlands (the),2016,0.7373,1.0,0.6568,0.9697,0.3225,Netherlands
Netherlands (the),2017,0.747,1.0,0.6977,0.9676,0.3225,Netherlands
Netherlands (the),2019,0.7365,1.0,0.7022,0.9676,0.2762,Netherlands
Netherlands (the),2020,0.7624,1.0,0.7126,0.962,0.3747,Netherlands
Netherlands (the),2021,0.767,1.0,0.675,0.962,0.432,Netherlands
Netherlands (the),2022,0.777,1.0,0.684,0.962,0.46,Netherlands
Netherlands (the),2023,0.7745,1.0,0.6935,0.9618,0.4427,Netherlands
Vanuatu,2019,0.6375,0.947,0.6365,0.9666,0.0,Vanuatu
Vanuatu,2020,0.6245,0.947,0.5765,0.9746,0.0,Vanuatu
Vanuatu,2021,0.67,0.991,0.712,0.976,0.0,Vanuatu
Vanuatu,2022,0.678,0.991,0.742,0.971,0.006,Vanuatu
Vanuatu,2023,0.6733,0.9966,0.7189,0.9712,0.0063,Vanuatu
New Zealand,2005,0.7509,0.9992,0.7139,0.9731,0.3173,New Zealand
New Zealand,2006,0.7649,0.9992,0.7552,0.9745,0.3307,New Zealand
New Zealand,2007,0.7859,1.0,0.7792,0.9745,0.3899,New Zealand
New Zealand,2008,0.788,1.0,0.7842,0.9745,0.3934,New Zealand
New Zealand,2009,0.7808,1.0,0.7743,0.9697,0.3792,New Zealand
New Zealand,2010,0.781,1.0,0.7747,0.9697,0.3797,New Zealand
New Zealand,2011,0.7805,1.0,0.7822,0.9697,0.3703,New Zealand
New Zealand,2012,0.7799,1.0,0.7797,0.9697,0.3703,New Zealand
New Zealand,2013,0.7772,1.0,0.7517,0.9698,0.3872,New Zealand
New Zealand,2014,0.7818,1.0,0.7675,0.9698,0.3897,New Zealand
New Zealand,2015,0.7807,0.9987,0.7646,0.9698,0.3897,New Zealand
New Zealand,2016,0.7913,0.9982,0.7677,0.9687,0.4305,New Zealand
New Zealand,2017,0.801,1.0,0.7614,0.9701,0.4723,New Zealand
New Zealand,2019,0.7992,1.0,0.7531,0.9701,0.4735,New Zealand
New Zealand,2020,0.8398,1.0,0.7634,0.9665,0.6296,New Zealand
New Zealand,2021,0.841,1.0,0.738,0.966,0.66,New Zealand
New Zealand,2022,0.856,1.0,0.732,0.966,0.725,New Zealand
New Zealand,2023,0.8347,1.0,0.7414,0.9664,0.6311,New Zealand
Nicaragua,2005,0.6566,0.9935,0.4626,0.9785,0.1918,Nicaragua
Nicaragua,2006,0.6458,0.9912,0.4344,0.9765,0.1813,Nicaragua
Nicaragua,2007,0.6747,1.0,0.4608,0.9765,0.2616,Nicaragua
Nicaragua,2008,0.7002,1.0,0.5626,0.9765,0.2616,Nicaragua
Nicaragua,2009,0.7176,0.9996,0.5915,0.9758,0.3037,Nicaragua
Nicaragua,2010,0.7245,0.9996,0.6187,0.9758,0.304,Nicaragua
Nicaragua,2011,0.7697,0.9996,0.6148,0.9758,0.4889,Nicaragua
Nicaragua,2012,0.7715,0.9996,0.6218,0.9758,0.4889,Nicaragua
Nicaragua,2013,0.7894,0.9996,0.6347,0.9796,0.5439,Nicaragua
Nicaragua,2014,0.7762,1.0,0.6187,0.9796,0.5065,Nicaragua
Nicaragua,2015,0.7795,1.0,0.6321,0.9796,0.5065,Nicaragua
Nicaragua,2016,0.8142,0.9995,0.7015,0.9796,0.5761,Nicaragua
Nicaragua,2017,0.8086,0.9995,0.6793,0.9796,0.5761,Nicaragua
Nicaragua,2019,0.804,1.0,0.6715,0.9796,0.565,Nicaragua
Nicaragua,2020,0.7956,1.0,0.5977,0.978,0.6065,Nicaragua
Nicaragua,2021,0.81,1.0,0.637,0.978,0.626,Nicaragua
Nicaragua,2022,0.811,1.0,0.64,0.978,0.626,Nicaragua
Nicaragua,2023,0.8114,0.9996,0.6419,0.9783,0.6257,Nicaragua
Niger (the),2020,0.6295,0.7264,0.6728,0.9639,0.1546,Niger (the)
Niger (the),2021,0.635,0.75,0.672,0.964,0.155,Niger (the)
Niger (the),2022,0.622,0.769,0.57,0.964,0.185,Niger (the)
Niger (the),2023,0.6275,0.7863,0.6642,0.9641,0.0955,Niger (the)
Nigeria,2005,0.6104,0.8159,0.6116,0.9656,0.0486,Nigeria
Nigeria,2006,0.6122,0.8076,0.6209,0.9686,0.0519,Nigeria
Nigeria,2007,0.6339,0.8252,0.6459,0.9686,0.096,Nigeria
Nigeria,2008,0.628,0.8315,0.6163,0.9682,0.096,Nigeria
Nigeria,2009,0.6055,0.8072,0.6044,0.9607,0.0497,Nigeria
Nigeria,2010,0.6011,0.809,0.5964,0.9607,0.0384,Nigeria
Nigeria,2011,0.6315,0.8159,0.6299,0.9607,0.1193,Nigeria
Nigeria,2012,0.6469,0.8115,0.6965,0.9607,0.119,Nigeria
Nigeria,2013,0.6391,0.7779,0.7064,0.9674,0.1045,Nigeria
Nigeria,2014,0.6379,0.8024,0.6912,0.9612,0.0969,Nigeria
Nigeria,2015,0.6429,0.8139,0.6999,0.9607,0.0969,Nigeria
Nigeria,2016,0.6411,0.8125,0.7281,0.9717,0.0519,Nigeria
Nigeria,2017,0.6207,0.8057,0.6608,0.9643,0.0519,Nigeria
Nigeria,2019,0.6353,0.806,0.7385,0.9643,0.0323,Nigeria
Nigeria,2020,0.6269,0.806,0.6872,0.9669,0.0475,Nigeria
Nigeria,2021,0.639,0.826,0.724,0.967,0.04,Nigeria
Nigeria,2022,0.637,0.826,0.715,0.967,0.041,Nigeria
Nigeria,2023,0.6501,0.842,0.7262,0.9667,0.0655,Nigeria
Norway,2005,0.7994,0.9996,0.7286,0.9749,0.4945,Norway
Norway,2006,0.8059,0.9996,0.7509,0.9787,0.4945,Norway
Norway,2007,0.8239,1.0,0.7838,0.9787,0.533,Norway
Norway,2008,0.8227,1.0,0.7793,0.9787,0.533,Norway
Norway,2009,0.8404,1.0,0.8306,0.9697,0.5614,Norway
Norway,2010,0.8404,1.0,0.8302,0.9697,0.5616,Norway
Norway,2011,0.8403,1.0,0.83,0.9697,0.5616,Norway
Norway,2012,0.8417,1.0,0.8357,0.9697,0.5616,Norway
Norway,2013,0.8374,1.0,0.8357,0.9695,0.5444,Norway
Norway,2014,0.8503,0.9998,0.8681,0.9741,0.5592,Norway
Norway,2015,0.842,0.9998,0.8182,0.9741,0.5758,Norway
Norway,2016,0.8295,0.9989,0.816,0.9735,0.5298,Norway
Norway,2017,0.8348,0.999,0.8058,0.9718,0.5627,Norway
Norway,2019,0.842,0.9997,0.7983,0.9718,0.5983,Norway
Norway,2020,0.8489,0.9997,0.792,0.9638,0.6403,Norway
Norway,2021,0.845,0.989,0.765,0.964,0.662,Norway
Norway,2022,0.879,0.989,0.8,0.961,0.765,Norway
Norway,2023,0.8749,0.9927,0.7989,0.9621,0.746,Norway
Pakistan,2005,0.5434,0.7064,0.3687,0.9506,0.1477,Pakistan
Pakistan,2006,0.5509,0.7336,0.3725,0.9498,0.1477,Pakistan
Pakistan,2007,0.5549,0.7509,0.3724,0.9498,0.1465,Pakistan
Pakistan,2008,0.5458,0.7467,0.3403,0.9498,0.1465,Pakistan
Pakistan,2009,0.5465,0.7698,0.3059,0.9557,0.1545,Pakistan
Pakistan,2010,0.5583,0.7782,0.3446,0.9557,0.1547,Pakistan
Pakistan,2011,0.5478,0.7616,0.3103,0.9557,0.1636,Pakistan
Pakistan,2012,0.5459,0.7685,0.3108,0.9557,0.1487,Pakistan
Pakistan,2013,0.5522,0.8054,0.3094,0.9666,0.1273,Pakistan
Pakistan,2014,0.5593,0.8135,0.3303,0.9666,0.1265,Pakistan
Pakistan,2015,0.5559,0.8108,0.3196,0.9666,0.1265,Pakistan
Pakistan,2016,0.5465,0.8024,0.3089,0.948,0.1265,Pakistan
Pakistan,2017,0.5501,0.8096,0.3181,0.9461,0.1266,Pakistan
Pakistan,2019,0.5636,0.8226,0.3274,0.9461,0.1585,Pakistan
Pakistan,2020,0.5562,0.8106,0.316,0.944,0.1543,Pakistan
Pakistan,2021,0.564,0.825,0.331,0.944,0.156,Pakistan
Pakistan,2022,0.575,0.825,0.362,0.961,0.152,Pakistan
Pakistan,2023,0.5695,0.8355,0.3602,0.9607,0.1216,Pakistan
Panama,2005,0.6935,0.9951,0.6472,0.9791,0.1526,Panama
Panama,2006,0.6954,0.9942,0.6551,0.9796,0.1526,Panama
Panama,2007,0.7095,0.9948,0.6781,0.9796,0.1855,Panama
Panama,2008,0.7024,0.9949,0.6831,0.9796,0.1522,Panama
Panama,2009,0.7072,0.9934,0.6925,0.9753,0.1677,Panama
Panama,2010,0.7042,0.9937,0.6797,0.9753,0.1679,Panama
Panama,2011,0.7122,0.9927,0.6998,0.9753,0.1811,Panama
Panama,2012,0.7164,0.9958,0.7136,0.9753,0.1811,Panama
Panama,2013,0.7195,0.9942,0.7123,0.9796,0.192,Panama
Panama,2014,0.7216,0.9944,0.6985,0.9796,0.2138,Panama
Panama,2015,0.7207,0.9934,0.696,0.9796,0.2138,Panama
Panama,2016,0.7219,0.9955,0.691,0.9796,0.2217,Panama
Panama,2017,0.7223,0.9946,0.6935,0.9796,0.2217,Panama
Panama,2019,0.7304,0.9944,0.7253,0.9796,0.2223,Panama
Panama,2020,0.7375,0.9944,0.7307,0.973,0.2518,Panama
Panama,2021,0.743,0.998,0.75,0.973,0.252,Panama
Panama,2022,0.724,0.997,0.674,0.973,0.252,Panama
Panama,2023,0.7421,0.9983,0.7228,0.9732,0.2741,Panama
Papua New Guinea,2019,0.6354,0.8947,0.6831,0.9638,0.0,Papua New Guinea
Papua New Guinea,2020,0.6345,0.8947,0.6844,0.959,0.0,Papua New Guinea
Paraguay,2005,0.6556,0.9441,0.5542,0.9796,0.1444,Paraguay
Paraguay,2006,0.6659,0.9454,0.594,0.9796,0.1444,Paraguay
Paraguay,2007,0.6379,0.9974,0.4827,0.9796,0.0921,Paraguay
Paraguay,2008,0.6868,0.997,0.6688,0.9796,0.1019,Paraguay
Paraguay,2009,0.6804,0.9955,0.6373,0.9758,0.1129,Paraguay
Paraguay,2010,0.6818,0.9948,0.6436,0.9758,0.1129,Paraguay
Paraguay,2011,0.6714,0.9954,0.651,0.9758,0.0633,Paraguay
Paraguay,2012,0.6724,0.9928,0.6363,0.9758,0.0847,Paraguay
Paraguay,2013,0.689,0.9933,0.6461,0.9796,0.1371,Paraguay
Paraguay,2014,0.6663,0.9944,0.616,0.9796,0.0753,Paraguay
Paraguay,2015,0.6764,0.9946,0.6561,0.9796,0.0753,Paraguay
Paraguay,2016,0.6778,0.9938,0.6518,0.9713,0.0943,Paraguay
Paraguay,2017,0.6721,0.9938,0.6234,0.9717,0.0996,Paraguay
Paraguay,2019,0.6832,0.998,0.6412,0.9717,0.122,Paraguay
Paraguay,2020,0.702,0.998,0.6717,0.9745,0.1637,Paraguay
Paraguay,2021,0.707,0.998,0.682,0.975,0.174,Paraguay
Paraguay,2022,0.695,0.997,0.685,0.975,0.125,Paraguay
Paraguay,2023,0.7065,0.9983,0.6802,0.9748,0.1728,Paraguay
Peru,2005,0.6619,0.9757,0.5305,0.9761,0.1653,Peru
Peru,2006,0.6624,0.9757,0.5371,0.9714,0.1653,Peru
Peru,2007,0.6959,0.9814,0.5961,0.9714,0.2348,Peru
Peru,2008,0.7024,0.9785,0.635,0.9714,0.2246,Peru
Peru,2009,0.6895,0.9796,0.6201,0.9658,0.1926,Peru
Peru,2010,0.6796,0.9796,0.6109,0.9658,0.1622,Peru
Peru,2011,0.6742,0.9796,0.6098,0.9658,0.1417,Peru
Peru,2012,0.6787,0.9796,0.6278,0.9658,0.1417,Peru
Peru,2013,0.7198,0.9875,0.6271,0.9705,0.2941,Peru
Peru,2014,0.6834,0.9869,0.6029,0.9705,0.1735,Peru
Peru,2015,0.6868,0.9888,0.5936,0.9705,0.1942,Peru
Peru,2016,0.7189,0.9883,0.6324,0.9782,0.2767,Peru
Peru,2017,0.7202,0.9883,0.6336,0.977,0.2819,Peru
Peru,2019,0.7143,0.9813,0.652,0.977,0.247,Peru
Peru,2020,0.7212,0.9813,0.6294,0.9638,0.3103,Peru
Peru,2021,0.749,0.954,0.663,0.964,0.415,Peru
Peru,2022,0.764,0.96,0.683,0.964,0.45,Peru
Peru,2023,0.7551,0.9903,0.6864,0.9637,0.3798,Peru
Philippines (the),2005,0.7516,1.0,0.7573,0.9796,0.2695,Philippines (the)
Philippines (the),2006,0.7629,1.0,0.7891,0.9796,0.2829,Philippines (the)
Philippines (the),2007,0.7568,1.0,0.7734,0.9796,0.2741,Philippines (the)
Philippines (the),2008,0.7579,1.0,0.7604,0.9796,0.2915,Philippines (the)
Philippines (the),2009,0.7654,1.0,0.7611,0.9796,0.3212,Philippines (the)
Philippines (the),2010,0.7685,1.0,0.7632,0.9796,0.3314,Philippines (the)
Philippines (the),2011,0.7757,1.0,0.7719,0.9796,0.3515,Philippines (the)
Philippines (the),2012,0.7832,1.0,0.7773,0.9796,0.376,Philippines (the)
Philippines (the),2013,0.7814,1.0,0.778,0.9796,0.3682,Philippines (the)
Philippines (the),2014,0.7902,0.9997,0.799,0.9796,0.3824,Philippines (the)
Philippines (the),2015,0.7863,1.0,0.7799,0.9796,0.3859,Philippines (the)
Philippines (the),2016,0.7898,1.0,0.7638,0.9791,0.4163,Philippines (the)
Philippines (the),2017,0.799,1.0,0.8007,0.9791,0.4163,Philippines (the)
Philippines (the),2019,0.7808,0.9992,0.7915,0.9791,0.3532,Philippines (the)
Philippines (the),2020,0.7839,0.9992,0.7952,0.9791,0.362,Philippines (the)
Philippines (the),2021,0.783,0.997,0.794,0.979,0.36,Philippines (the)
Philippines (the),2022,0.791,0.999,0.789,0.968,0.409,Philippines (the)
Philippines (the),2023,0.779,1.0,0.7747,0.9682,0.3729,Philippines (the)
Poland,2005,0.6802,0.9998,0.6352,0.9791,0.1067,Poland
Poland,2006,0.6756,1.0,0.6167,0.9791,0.1067,Poland
Poland,2007,0.6951,0.9989,0.6238,0.9791,0.1784,Poland
Poland,2008,0.6998,0.9989,0.6426,0.9791,0.1784,Poland
Poland,2009,0.7037,0.9992,0.6526,0.9785,0.1843,Poland
Poland,2010,0.7038,0.9994,0.653,0.9785,0.1843,Poland
Poland,2011,0.7015,0.9981,0.6503,0.9791,0.1786,Poland
Poland,2012,0.7031,0.9983,0.6563,0.9791,0.1786,Poland
Poland,2013,0.7051,0.9995,0.6808,0.9791,0.1609,Poland
Poland,2014,0.7147,0.9995,0.6674,0.9791,0.2126,Poland
Poland,2015,0.7267,0.9995,0.6902,0.9791,0.238,Poland
Poland,2016,0.7276,0.9997,0.7015,0.9796,0.2297,Poland
Poland,2017,0.7282,0.9976,0.7058,0.9796,0.2297,Poland
Poland,2019,0.7357,0.9964,0.7105,0.9796,0.2564,Poland
Poland,2020,0.713,0.9964,0.7051,0.9796,0.171,Poland
Poland,2021,0.709,0.992,0.695,0.98,0.171,Poland
Poland,2022,0.722,0.997,0.699,0.98,0.211,Poland
Poland,2023,0.74,0.9962,0.7119,0.9796,0.2724,Poland
Portugal,2005,0.6922,0.9888,0.6691,0.973,0.1379,Portugal
Portugal,2006,0.6959,0.9893,0.6835,0.973,0.1379,Portugal
Portugal,2007,0.7051,0.9902,0.6958,0.973,0.1613,Portugal
Portugal,2008,0.7013,0.9895,0.6814,0.973,0.1613,Portugal
Portugal,2009,0.7171,0.989,0.6723,0.9742,0.2328,Portugal
Portugal,2010,0.7144,0.9932,0.6626,0.9742,0.2278,Portugal
Portugal,2011,0.7071,0.9936,0.6788,0.9724,0.1834,Portugal
Portugal,2012,0.7056,0.994,0.6726,0.9724,0.1834,Portugal
Portugal,2013,0.7243,0.9933,0.7192,0.9724,0.2124,Portugal
Portugal,2014,0.7308,0.9947,0.7116,0.973,0.2438,Portugal
Portugal,2015,0.7369,0.9932,0.7134,0.973,0.2679,Portugal
Portugal,2016,0.7345,0.9915,0.7296,0.9773,0.2396,Portugal
Portugal,2017,0.7325,0.9909,0.721,0.9783,0.2396,Portugal
Portugal,2019,0.7438,0.9921,0.7263,0.9783,0.2783,Portugal
Portugal,2020,0.7751,0.9921,0.7459,0.9722,0.39,Portugal
Portugal,2021,0.766,0.99,0.737,0.973,0.364,Portugal
Portugal,2022,0.765,0.991,0.745,0.973,0.352,Portugal
Portugal,2023,0.7873,0.9935,0.7536,0.973,0.429,Portugal
Timor-Leste,2011,0.6855,0.928,0.6131,0.9789,0.2219,Timor-Leste
Timor-Leste,2015,0.6367,0.9412,0.4055,0.9711,0.2289,Timor-Leste
Timor-Leste,2016,0.6278,0.9344,0.3932,0.9788,0.2049,Timor-Leste
Timor-Leste,2017,0.6376,0.9345,0.4234,0.9771,0.2155,Timor-Leste
Timor-Leste,2019,0.6623,0.9458,0.4778,0.9771,0.2486,Timor-Leste
Timor-Leste,2020,0.7199,0.9458,0.7239,0.9724,0.2375,Timor-Leste
Timor-Leste,2021,0.73,0.977,0.721,0.973,0.25,Timor-Leste
Timor-Leste,2022,0.693,0.98,0.574,0.965,0.253,Timor-Leste
Timor-Leste,2023,0.7035,0.98,0.6311,0.9654,0.2375,Timor-Leste
Qatar,2006,0.6041,0.993,0.4556,0.9474,0.0206,Qatar
Qatar,2007,0.5948,0.9966,0.4146,0.9474,0.0206,Qatar
Qatar,2008,0.5907,0.9946,0.4005,0.947,0.0206,Qatar
Qatar,2009,0.6059,0.9887,0.4829,0.9522,0.0,Qatar
Qatar,2010,0.623,0.9924,0.5473,0.9522,0.0,Qatar
Qatar,2011,0.6264,0.9978,0.5557,0.9522,0.0,Qatar
Qatar,2012,0.6299,0.9941,0.5735,0.9522,0.0,Qatar
Qatar,2013,0.6403,0.9764,0.6197,0.9522,0.013,Qatar
Qatar,2014,0.6447,0.9774,0.6319,0.9567,0.013,Qatar
Qatar,2015,0.6426,0.9816,0.619,0.9567,0.013,Qatar
Qatar,2016,0.626,0.9995,0.523,0.9651,0.0165,Qatar
Qatar,2017,0.6293,0.995,0.5109,0.9612,0.05,Qatar
Qatar,2019,0.6289,0.9899,0.5124,0.9612,0.0524,Qatar
Qatar,2020,0.6236,0.9899,0.5042,0.9477,0.0525,Qatar
Qatar,2021,0.617,0.987,0.499,0.947,0.033,Qatar
Qatar,2022,0.627,0.982,0.508,0.947,0.071,Qatar
Qatar,2023,0.64,0.9955,0.5565,0.9474,0.0606,Qatar
Romania,2005,0.6797,0.9928,0.6725,0.9791,0.0744,Romania
Romania,2006,0.6859,0.9928,0.6974,0.9791,0.0744,Romania
Romania,2007,0.6763,0.9936,0.7001,0.9791,0.0321,Romania
Romania,2008,0.6805,0.9911,0.7121,0.9791,0.0399,Romania
Romania,2009,0.6826,0.9887,0.7081,0.9773,0.0562,Romania
Romania,2010,0.6812,0.995,0.6943,0.9791,0.0563,Romania
Romania,2011,0.6859,0.9943,0.6815,0.9791,0.0885,Romania
Romania,2012,0.6908,0.9945,0.6928,0.9791,0.097,Romania
Romania,2013,0.6936,0.9939,0.6825,0.9791,0.119,Romania
Romania,2014,0.693,0.9944,0.7081,0.9791,0.0904,Romania
Romania,2015,0.6902,0.9922,0.6988,0.9791,0.0904,Romania
Romania,2016,0.7079,0.9952,0.6981,0.9796,0.1588,Romania
Romania,2017,0.7108,0.9964,0.7047,0.9796,0.1625,Romania
Romania,2019,0.7237,0.9971,0.7284,0.9796,0.1898,Romania
Romania,2020,0.6999,0.9969,0.7234,0.98,0.0995,Romania
Romania,2021,0.698,0.998,0.71,0.98,0.102,Romania
Romania,2022,0.697,0.999,0.693,0.98,0.117,Romania
Romania,2023,0.7169,0.9988,0.6757,0.9796,0.2134,Romania
Russian Federation (the),2005,0.677,0.9991,0.6963,0.9791,0.0337,Russian Federation (the)
Russian Federation (the),2006,0.6866,0.9991,0.7346,0.9791,0.0337,Russian Federation (the)
Russian Federation (the),2007,0.6994,0.9994,0.7426,0.9791,0.0764,Russian Federation (the)
Russian Federation (the),2008,0.6987,0.9992,0.74,0.9791,0.0764,Russian Federation (the)
Russian Federation (the),2009,0.7036,0.9994,0.736,0.9791,0.0999,Russian Federation (the)
Russian Federation (the),2010,0.7037,0.9985,0.7373,0.9791,0.0999,Russian Federation (the)
Russian Federation (the),2011,0.698,0.998,0.7197,0.9791,0.0951,Russian Federation (the)
Russian Federation (the),2012,0.6983,0.9984,0.7204,0.9791,0.0951,Russian Federation (the)
Russian Federation (the),2013,0.6927,0.9998,0.7257,0.9791,0.0662,Russian Federation (the)
Russian Federation (the),2014,0.6938,1.0,0.7306,0.9791,0.0656,Russian Federation (the)
Russian Federation (the),2015,0.6909,0.997,0.7216,0.9791,0.0656,Russian Federation (the)
Russian Federation (the),2016,0.6964,0.9969,0.7245,0.9796,0.0845,Russian Federation (the)
Russian Federation (the),2017,0.7013,0.9998,0.7412,0.9796,0.0845,Russian Federation (the)
Russian Federation (the),2019,0.7057,1.0,0.7487,0.9796,0.0946,Russian Federation (the)
Russian Federation (the),2020,0.7077,1.0,0.7666,0.98,0.0847,Russian Federation (the)
Rwanda,2013,0.7854,0.9289,0.7698,0.9667,0.4762,Rwanda
Rwanda,2014,0.7941,0.9441,0.8078,0.9723,0.4522,Rwanda
Rwanda,2015,0.7998,0.9578,0.8169,0.9723,0.4522,Rwanda
Rwanda,2016,0.8224,0.951,0.8204,0.9796,0.5387,Rwanda
Rwanda,2017,0.804,0.9612,0.7435,0.9726,0.5387,Rwanda
Rwanda,2019,0.7911,0.9567,0.6717,0.9726,0.5634,Rwanda
Rwanda,2020,0.805,0.9567,0.726,0.974,0.5634,Rwanda
Rwanda,2021,0.811,0.96,0.747,0.974,0.563,Rwanda
Rwanda,2022,0.794,0.963,0.699,0.974,0.541,Rwanda
Rwanda,2023,0.7566,0.9622,0.668,0.9739,0.4221,Rwanda
Saudi Arabia,2005,0.5242,0.8797,0.2401,0.9771,0.0,Saudi Arabia
Saudi Arabia,2006,0.5647,0.9613,0.321,0.9765,0.0,Saudi Arabia
Saudi Arabia,2007,0.5537,0.9795,0.2589,0.9765,0.0,Saudi Arabia
Saudi Arabia,2008,0.5651,0.9745,0.3096,0.9765,0.0,Saudi Arabia
Saudi Arabia,2009,0.5713,0.9739,0.3351,0.9762,0.0,Saudi Arabia
Saudi Arabia,2010,0.5753,0.9674,0.3576,0.9762,0.0,Saudi Arabia
Saudi Arabia,2011,0.5731,0.9757,0.3404,0.9762,0.0,Saudi Arabia
Saudi Arabia,2012,0.5879,0.9761,0.3223,0.9762,0.0769,Saudi Arabia
Saudi Arabia,2013,0.6059,0.9868,0.3893,0.9707,0.0768,Saudi Arabia
Saudi Arabia,2014,0.6045,0.9884,0.387,0.9659,0.0768,Saudi Arabia
Saudi Arabia,2015,0.5829,0.9608,0.328,0.9659,0.0768,Saudi Arabia
Saudi Arabia,2016,0.5841,0.9747,0.3205,0.9647,0.0768,Saudi Arabia
Saudi Arabia,2017,0.5897,0.9822,0.3374,0.9626,0.0768,Saudi Arabia
Saudi Arabia,2019,0.5995,0.9834,0.3751,0.9626,0.0768,Saudi Arabia
Saudi Arabia,2020,0.6028,0.9801,0.39,0.964,0.0769,Saudi Arabia
Saudi Arabia,2021,0.636,0.979,0.524,0.964,0.077,Saudi Arabia
Saudi Arabia,2022,0.637,0.986,0.521,0.964,0.077,Saudi Arabia
Saudi Arabia,2023,0.6465,0.9937,0.5514,0.964,0.0769,Saudi Arabia
Senegal,2008,0.6427,0.8174,0.6379,0.9742,0.1411,Senegal
Senegal,2009,0.6414,0.8208,0.6439,0.9734,0.1274,Senegal
Senegal,2010,0.6573,0.8247,0.6884,0.9734,0.1429,Senegal
Senegal,2011,0.6657,0.827,0.6737,0.9734,0.1887,Senegal
Senegal,2012,0.6923,0.827,0.6401,0.9734,0.3286,Senegal
Senegal,2013,0.6912,0.8222,0.6624,0.9725,0.3077,Senegal
Senegal,2014,0.6984,0.8333,0.6776,0.9667,0.3158,Senegal
Senegal,2015,0.6851,0.8297,0.6282,0.9667,0.3158,Senegal
Senegal,2016,0.6838,0.8308,0.624,0.9726,0.308,Senegal
Senegal,2017,0.682,0.8796,0.5643,0.9761,0.308,Senegal
Senegal,2019,0.6839,0.8878,0.5521,0.9761,0.3196,Senegal
Senegal,2020,0.6839,0.8878,0.5545,0.967,0.3265,Senegal
Senegal,2021,0.668,0.901,0.483,0.967,0.324,Senegal
Senegal,2022,0.68,0.926,0.475,0.967,0.353,Senegal
Senegal,2023,0.6794,0.9363,0.4728,0.967,0.3414,Senegal
Serbia,2011,0.7037,0.9927,0.6596,0.9703,0.1921,Serbia
Serbia,2012,0.7116,0.994,0.6791,0.9642,0.2089,Serbia
Serbia,2013,0.7086,0.9954,0.6704,0.973,0.1957,Serbia
Serbia,2014,0.72,0.9964,0.6689,0.973,0.2416,Serbia
Serbia,2015,0.72,0.996,0.6695,0.973,0.2416,Serbia
Serbia,2016,0.7273,0.9974,0.67,0.9796,0.2621,Serbia
Serbia,2017,0.7303,0.9976,0.6724,0.9796,0.2716,Serbia
Serbia,2019,0.736,0.9971,0.6997,0.9712,0.2759,Serbia
Serbia,2020,0.7799,0.9976,0.7163,0.9687,0.4371,Serbia
Serbia,2021,0.779,0.998,0.689,0.972,0.456,Serbia
Serbia,2022,0.76,0.999,0.697,0.969,0.376,Serbia
Serbia,2023,0.7789,0.9986,0.7099,0.9688,0.4381,Serbia
Sierra Leone,2017,0.6609,0.907,0.6863,0.967,0.0831,Sierra Leone
Sierra Leone,2019,0.6677,0.8596,0.7446,0.967,0.0997,Sierra Leone
Sierra Leone,2020,0.6553,0.8596,0.7128,0.966,0.083,Sierra Leone
Sierra Leone,2021,0.672,0.921,0.718,0.966,0.083,Sierra Leone
Sierra Leone,2022,0.667,0.932,0.684,0.966,0.087,Sierra Leone
Sierra Leone,2023,0.7076,0.9433,0.668,0.9657,0.2532,Sierra Leone
Singapore,2005,0.655,0.9308,0.6459,0.9598,0.0833,Singapore
Singapore,2006,0.6609,0.9308,0.6546,0.9575,0.1005,Singapore
Singapore,2007,0.6625,0.9376,0.6544,0.9575,0.1005,Singapore
Singapore,2008,0.6664,0.937,0.6707,0.9575,0.1005,Singapore
Singapore,2009,0.6914,0.9375,0.7527,0.9677,0.1076,Singapore
Singapore,2010,0.6914,0.9381,0.7585,0.9677,0.1014,Singapore
Singapore,2011,0.6989,0.9409,0.7876,0.9719,0.0951,Singapore
Singapore,2012,0.7,0.9409,0.7883,0.9719,0.0989,Singapore
Singapore,2013,0.7046,0.9413,0.7899,0.9671,0.1201,Singapore
Singapore,2014,0.7111,0.9447,0.8138,0.9669,0.1192,Singapore
Singapore,2015,0.7116,0.9749,0.7934,0.9669,0.1111,Singapore
Singapore,2016,0.7024,0.9766,0.7521,0.9706,0.1103,Singapore
Singapore,2017,0.7069,0.9883,0.7613,0.9647,0.1134,Singapore
Singapore,2019,0.7237,0.9896,0.782,0.9647,0.1585,Singapore
Singapore,2020,0.7273,0.9896,0.7493,0.963,0.2077,Singapore
Singapore,2021,0.734,0.993,0.765,0.963,0.217,Singapore
Singapore,2022,0.739,0.993,0.774,0.971,0.22,Singapore
Singapore,2023,0.7436,0.9938,0.7794,0.971,0.23,Singapore
Slovakia,2005,0.6757,0.9952,0.6504,0.9796,0.0774,Slovakia
Slovakia,2006,0.6797,0.9952,0.6666,0.9796,0.0774,Slovakia
Slovakia,2007,0.6824,1.0,0.638,0.9796,0.1121,Slovakia
Slovakia,2008,0.6845,1.0,0.6464,0.9796,0.1121,Slovakia
Slovakia,2009,0.6778,1.0,0.6375,0.9796,0.0941,Slovakia
Slovakia,2010,0.6797,1.0,0.6335,0.9796,0.1059,Slovakia
Slovakia,2011,0.6824,1.0,0.6282,0.9796,0.122,Slovakia
Slovakia,2012,0.6857,1.0,0.635,0.9796,0.1284,Slovakia
Slovakia,2013,0.6806,1.0,0.6431,0.973,0.1061,Slovakia
Slovakia,2014,0.6746,1.0,0.6381,0.973,0.0871,Slovakia
Slovakia,2015,0.6787,1.0,0.6485,0.973,0.0934,Slovakia
Slovakia,2016,0.6942,1.0,0.6624,0.9796,0.1346,Slovakia
Slovakia,2017,0.6927,1.0,0.6565,0.9796,0.1346,Slovakia
Slovakia,2019,0.7184,1.0,0.6628,0.9796,0.2311,Slovakia
Slovakia,2020,0.7115,1.0,0.6822,0.9796,0.1844,Slovakia
Slovakia,2021,0.717,1.0,0.699,0.98,0.189,Slovakia
Slovakia,2022,0.72,1.0,0.718,0.98,0.183,Slovakia
Slovakia,2023,0.731,1.0,0.7202,0.9796,0.2241,Slovakia
Viet Nam,2006,0.6889,0.8924,0.7447,0.97,0.1484,Viet Nam
Viet Nam,2007,0.6778,0.8943,0.7287,0.97,0.1184,Viet Nam
Viet Nam,2008,0.6802,0.8974,0.7349,0.97,0.1184,Viet Nam
Viet Nam,2009,0.6776,0.9242,0.7212,0.9469,0.1182,Viet Nam
Viet Nam,2010,0.6732,0.9257,0.7106,0.9458,0.1107,Viet Nam
Viet Nam,2011,0.6867,0.9684,0.7096,0.9441,0.1247,Viet Nam
Viet Nam,2012,0.6863,0.9741,0.7023,0.9441,0.1247,Viet Nam
Viet Nam,2013,0.6915,0.9719,0.726,0.9441,0.1241,Viet Nam
Viet Nam,2014,0.6865,0.9411,0.7311,0.9497,0.1241,Viet Nam
Viet Nam,2015,0.7004,0.9782,0.7357,0.9497,0.1382,Viet Nam
Viet Nam,2016,0.6977,0.9719,0.738,0.9571,0.1237,Viet Nam
Viet Nam,2017,0.6982,0.9719,0.7401,0.9571,0.1237,Viet Nam
Viet Nam,2019,0.6996,0.9819,0.7507,0.9424,0.1232,Viet Nam
Viet Nam,2020,0.7011,0.9819,0.7645,0.9452,0.1128,Viet Nam
Viet Nam,2021,0.705,0.985,0.751,0.95,0.135,Viet Nam
Viet Nam,2022,0.711,0.985,0.749,0.946,0.166,Viet Nam
Viet Nam,2023,0.7146,0.9922,0.7505,0.9474,0.1682,Viet Nam
Slovenia,2005,0.6745,0.9987,0.6668,0.973,0.0597,Slovenia
Slovenia,2006,0.6842,0.9994,0.7049,0.973,0.0597,Slovenia
Slovenia,2007,0.6937,0.9979,0.7079,0.973,0.096,Slovenia
Slovenia,2008,0.6982,0.998,0.7211,0.973,0.1005,Slovenia
Slovenia,2009,0.7047,0.9977,0.7229,0.9755,0.1229,Slovenia
Slovenia,2010,0.7041,0.9977,0.7205,0.9755,0.1227,Slovenia
Slovenia,2011,0.7132,0.9981,0.7139,0.973,0.1677,Slovenia
Slovenia,2012,0.7155,0.9999,0.7189,0.973,0.1702,Slovenia
Slovenia,2013,0.7443,0.9999,0.7827,0.973,0.2214,Slovenia
Slovenia,2014,0.7841,0.9999,0.7781,0.973,0.3853,Slovenia
Slovenia,2015,0.7855,0.9999,0.7839,0.973,0.3853,Slovenia
Slovenia,2016,0.8051,1.0,0.8006,0.9796,0.4402,Slovenia
Slovenia,2017,0.7839,0.9998,0.7951,0.9796,0.3611,Slovenia
Slovenia,2019,0.7431,0.9998,0.7966,0.9796,0.1963,Slovenia
Slovenia,2020,0.7409,0.9998,0.8034,0.9767,0.1837,Slovenia
Slovenia,2021,0.744,1.0,0.802,0.977,0.197,Slovenia
Slovenia,2022,0.773,1.0,0.76,0.972,0.358,Slovenia
Slovenia,2023,0.7656,1.0,0.762,0.9731,0.3275,Slovenia
South Africa,2005,0.7125,0.9929,0.5557,0.9756,0.3258,South Africa
South Africa,2006,0.7194,0.9908,0.5856,0.9754,0.3258,South Africa
South Africa,2007,0.7232,0.9956,0.5685,0.9754,0.3534,South Africa
South Africa,2008,0.7709,0.9961,0.663,0.9754,0.4492,South Africa
South Africa,2009,0.7535,0.9962,0.6727,0.9677,0.3773,South Africa
South Africa,2010,0.7478,0.981,0.6653,0.9677,0.3773,South Africa
South Africa,2011,0.7496,0.98,0.6588,0.9677,0.3919,South Africa
South Africa,2012,0.751,0.9941,0.6505,0.9677,0.3919,South Africa
South Africa,2013,0.7527,0.9869,0.6473,0.9796,0.3969,South Africa
South Africa,2014,0.7592,0.9874,0.6699,0.9796,0.4001,South Africa
South Africa,2015,0.7639,0.9952,0.6767,0.9796,0.4042,South Africa
South Africa,2016,0.7558,0.9927,0.6519,0.9796,0.3992,South Africa
South Africa,2017,0.7552,0.9922,0.6451,0.9796,0.4038,South Africa
South Africa,2019,0.78,0.9941,0.6491,0.9796,0.4974,South Africa
South Africa,2020,0.781,0.9941,0.6584,0.9786,0.4927,South Africa
South Africa,2021,0.782,0.998,0.649,0.979,0.502,South Africa
South Africa,2022,0.787,0.998,0.676,0.979,0.497,South Africa
South Africa,2023,0.7854,0.9973,0.6526,0.9786,0.5132,South Africa
Zimbabwe,2005,0.6461,0.9197,0.6059,0.9571,0.1016,Zimbabwe
Zimbabwe,2006,0.6464,0.9252,0.6037,0.9522,0.1047,Zimbabwe
Zimbabwe,2007,0.6485,0.9344,0.6113,0.9522,0.0964,Zimbabwe
Zimbabwe,2008,0.6518,0.9336,0.6178,0.9522,0.1036,Zimbabwe
Zimbabwe,2009,0.6574,0.9332,0.6397,0.9458,0.111,Zimbabwe
Zimbabwe,2010,0.6607,0.9355,0.6503,0.9458,0.1112,Zimbabwe
Zimbabwe,2013,0.7013,0.9396,0.713,0.9796,0.1732,Zimbabwe
Zimbabwe,2014,0.7088,0.9737,0.7073,0.9796,0.1745,Zimbabwe
Zimbabwe,2015,0.7103,0.9735,0.7135,0.9796,0.1745,Zimbabwe
Zimbabwe,2016,0.7173,0.9856,0.7102,0.9761,0.1973,Zimbabwe
Zimbabwe,2017,0.7215,0.9859,0.7305,0.9796,0.1898,Zimbabwe
Zimbabwe,2019,0.7303,0.9767,0.7275,0.9796,0.2376,Zimbabwe
Zimbabwe,2020,0.7322,0.9767,0.7627,0.9796,0.21,Zimbabwe
Zimbabwe,2021,0.734,0.989,0.766,0.98,0.202,Zimbabwe
Zimbabwe,2022,0.746,0.991,0.801,0.98,0.214,Zimbabwe
Zimbabwe,2023,0.7395,0.9939,0.7856,0.9796,0.1991,Zimbabwe
Spain,2005,0.7319,0.9941,0.5391,0.973,0.4214,Spain
Spain,2006,0.7444,0.9943,0.5887,0.973,0.4214,Spain
Spain,2007,0.7281,0.9938,0.577,0.973,0.3688,Spain
Spain,2008,0.7345,0.9945,0.6017,0.973,0.3688,Spain
Spain,2009,0.7554,0.9964,0.624,0.9755,0.4258,Spain
Spain,2010,0.758,0.997,0.6328,0.9761,0.426,Spain
Spain,2011,0.7266,0.9971,0.6462,0.9791,0.2841,Spain
Spain,2012,0.7266,0.9971,0.6521,0.973,0.2841,Spain
Spain,2013,0.7325,0.9973,0.647,0.9719,0.3139,Spain
Spain,2014,0.7424,0.9976,0.6737,0.9719,0.3264,Spain
Spain,2015,0.7384,0.9976,0.668,0.9719,0.3164,Spain
Spain,2016,0.7456,0.9978,0.6573,0.9734,0.3537,Spain
Spain,2017,0.7458,0.9978,0.66,0.9719,0.3537,Spain
Spain,2019,0.7945,0.9982,0.6815,0.9719,0.5267,Spain
Spain,2020,0.7882,0.9982,0.6989,0.9652,0.4906,Spain
Spain,2021,0.788,0.998,0.709,0.965,0.481,Spain
Spain,2022,0.791,0.998,0.722,0.967,0.475,Spain
Spain,2023,0.7975,0.9984,0.7316,0.9663,0.4935,Spain
Sudan (the),2023,0.5679,0.9403,0.3367,0.9649,0.0298,Sudan (the)
Suriname,2006,0.6794,0.9887,0.6169,0.973,0.1391,Suriname
Suriname,2007,0.6674,0.9905,0.5507,0.973,0.1555,Suriname
Suriname,2008,0.6726,0.9904,0.5714,0.973,0.1555,Suriname
Suriname,2009,0.6407,0.9852,0.4495,0.9742,0.1539,Suriname
Suriname,2010,0.6395,0.9911,0.5084,0.9742,0.0843,Suriname
Suriname,2011,0.6409,0.9973,0.5144,0.9796,0.0723,Suriname
Suriname,2012,0.6369,0.9973,0.4986,0.9796,0.0723,Suriname
Suriname,2013,0.6504,0.9973,0.5688,0.9796,0.0558,Suriname
Suriname,2014,0.6784,0.9978,0.6157,0.9796,0.1205,Suriname
Suriname,2015,0.6786,0.9974,0.6167,0.9796,0.1205,Suriname
Suriname,2016,0.6893,0.9912,0.6177,0.9719,0.1766,Suriname
Suriname,2017,0.6947,0.9912,0.638,0.973,0.1766,Suriname
Suriname,2019,0.7068,0.9934,0.6347,0.967,0.232,Suriname
Suriname,2020,0.7294,0.9934,0.7031,0.9687,0.2524,Suriname
Suriname,2021,0.737,0.992,0.731,0.973,0.253,Suriname
Suriname,2022,0.736,0.993,0.74,0.979,0.232,Suriname
Suriname,2023,0.7392,0.9916,0.7418,0.9785,0.2448,Suriname
Eswatini,2005,0.6599,0.9604,0.6205,0.9479,0.1107,Eswatini
Eswatini,2006,0.6667,0.9607,0.6432,0.952,0.1112,Eswatini
Eswatini,2007,0.6813,0.9743,0.6662,0.952,0.1327,Eswatini
Eswatini,2008,0.6847,0.9771,0.6697,0.956,0.1359,Eswatini
Eswatini,2009,0.6848,0.9789,0.6697,0.9435,0.1471,Eswatini
Eswatini,2010,0.6835,0.9797,0.6608,0.9461,0.1476,Eswatini
Eswatini,2011,0.6833,0.9812,0.6572,0.9472,0.1476,Eswatini
Eswatini,2012,0.6877,0.9827,0.6611,0.9509,0.1563,Eswatini
Eswatini,2013,0.6849,0.9851,0.6542,0.9525,0.1477,Eswatini
Eswatini,2014,0.6865,0.9873,0.6575,0.938,0.1633,Eswatini
Eswatini,2015,0.6818,0.9732,0.6522,0.938,0.1639,Eswatini
Eswatini,2016,0.6817,0.9696,0.6521,0.9375,0.1677,Eswatini
Eswatini,2017,0.6939,0.9894,0.6943,0.9796,0.1125,Eswatini
Eswatini,2019,0.7031,0.9917,0.7027,0.9796,0.1384,Eswatini
Eswatini,2020,0.7289,0.9917,0.7974,0.9796,0.1471,Eswatini
Eswatini,2021,0.728,0.985,0.789,0.98,0.157,Eswatini
Eswatini,2022,0.745,0.985,0.838,0.98,0.178,Eswatini
Eswatini,2023,0.744,0.9824,0.8404,0.9796,0.1736,Eswatini
Sweden,2005,0.8133,0.9986,0.7313,0.9731,0.5501,Sweden
Sweden,2006,0.8209,0.9986,0.7613,0.9735,0.5501,Sweden
Sweden,2007,0.8139,0.9987,0.7842,0.9735,0.4994,Sweden
Sweden,2008,0.8139,0.9977,0.7851,0.9735,0.4994,Sweden
Sweden,2009,0.8024,0.9964,0.7695,0.9729,0.4706,Sweden
Sweden,2010,0.8044,0.9957,0.7933,0.9729,0.4557,Sweden
Sweden,2011,0.8159,0.9969,0.7957,0.9735,0.4976,Sweden
Sweden,2012,0.8129,0.9977,0.7829,0.9735,0.4976,Sweden
Sweden,2013,0.8165,0.9974,0.7989,0.9694,0.5005,Sweden
Sweden,2014,0.8231,0.9962,0.8361,0.9739,0.4862,Sweden
Sweden,2015,0.8154,0.9992,0.8023,0.9739,0.4862,Sweden
Sweden,2016,0.8157,0.999,0.8088,0.969,0.4862,Sweden
Sweden,2017,0.8217,0.9975,0.8077,0.9689,0.5125,Sweden
Sweden,2019,0.8201,0.9963,0.79,0.9689,0.525,Sweden
Sweden,2020,0.8227,0.9963,0.81,0.9625,0.5219,Sweden
Sweden,2021,0.822,1.0,0.812,0.963,0.515,Sweden
Sweden,2022,0.815,1.0,0.795,0.963,0.503,Sweden
Sweden,2023,0.8156,0.9999,0.7937,0.9629,0.5059,Sweden
Switzerland,2005,0.6997,0.9569,0.7091,0.9792,0.1535,Switzerland
Switzerland,2006,0.6924,0.9569,0.676,0.9784,0.1582,Switzerland
Switzerland,2007,0.736,0.9751,0.6631,0.9784,0.3273,Switzerland
Switzerland,2008,0.7426,0.9792,0.6854,0.9784,0.3273,Switzerland
Switzerland,2009,0.7562,0.9889,0.7267,0.9738,0.3352,Switzerland
Switzerland,2010,0.7627,0.9899,0.7419,0.9738,0.3453,Switzerland
Switzerland,2011,0.7672,0.9909,0.7518,0.9738,0.3525,Switzerland
Switzerland,2012,0.7736,0.9919,0.7681,0.9733,0.361,Switzerland
Switzerland,2013,0.7798,0.9922,0.7797,0.9737,0.3737,Switzerland
Switzerland,2014,0.7852,0.9929,0.7984,0.9737,0.3759,Switzerland
Switzerland,2015,0.7759,0.9935,0.745,0.9737,0.3914,Switzerland
Switzerland,2016,0.7555,0.9929,0.7428,0.9723,0.314,Switzerland
Switzerland,2017,0.755,0.991,0.739,0.9701,0.3199,Switzerland
Switzerland,2019,0.7786,0.9916,0.746,0.9701,0.4068,Switzerland
Switzerland,2020,0.7981,0.9916,0.7428,0.9637,0.4942,Switzerland
Switzerland,2021,0.795,0.988,0.729,0.964,0.499,Switzerland
Switzerland,2022,0.783,0.978,0.7,0.964,0.491,Switzerland
Switzerland,2023,0.7849,0.9921,0.7201,0.9639,0.4635,Switzerland
Syrian Arab Republic (the),2006,0.6216,0.9274,0.524,0.9761,0.0589,Syrian Arab Republic (the)
Syrian Arab Republic (the),2007,0.6181,0.9275,0.5084,0.9761,0.0603,Syrian Arab Republic (the)
Syrian Arab Republic (the),2008,0.6072,0.9315,0.4609,0.9761,0.0603,Syrian Arab Republic (the)
Syrian Arab Republic (the),2009,0.5926,0.9363,0.398,0.9756,0.0603,Syrian Arab Republic (the)
Syrian Arab Republic (the),2010,0.5896,0.9135,0.409,0.9756,0.0603,Syrian Arab Republic (the)
Syrian Arab Republic (the),2011,0.5626,0.9306,0.2743,0.9756,0.0697,Syrian Arab Republic (the)
Syrian Arab Republic (the),2012,0.5661,0.9682,0.2508,0.9756,0.0697,Syrian Arab Republic (the)
Syrian Arab Republic (the),2013,0.5775,0.967,0.2975,0.9791,0.0662,Syrian Arab Republic (the)
Syrian Arab Republic (the),2014,0.5684,0.9649,0.2791,0.9702,0.0593,Syrian Arab Republic (the)
Syrian Arab Republic (the),2015,0.5673,0.9633,0.2732,0.9702,0.0626,Syrian Arab Republic (the)
Syrian Arab Republic (the),2016,0.5681,0.9557,0.2741,0.9796,0.063,Syrian Arab Republic (the)
Syrian Arab Republic (the),2017,0.5676,0.9553,0.2726,0.9796,0.063,Syrian Arab Republic (the)
Syrian Arab Republic (the),2019,0.5667,0.9535,0.2488,0.9796,0.085,Syrian Arab Republic (the)
Syrian Arab Republic (the),2020,0.5678,0.9535,0.285,0.9651,0.0675,Syrian Arab Republic (the)
Tajikistan,2006,0.6578,0.8689,0.7103,0.9785,0.0736,Tajikistan
Tajikistan,2007,0.6541,0.8675,0.6891,0.9785,0.0811,Tajikistan
Tajikistan,2008,0.6661,0.875,0.7298,0.9785,0.0811,Tajikistan
Tajikistan,2009,0.6598,0.8817,0.7087,0.9559,0.0929,Tajikistan
Tajikistan,2010,0.6526,0.8839,0.6827,0.9559,0.0881,Tajikistan
Tajikistan,2011,0.6608,0.8869,0.7115,0.9559,0.0891,Tajikistan
Tajikistan,2012,0.6682,0.8993,0.7284,0.9559,0.0891,Tajikistan
Tajikistan,2013,0.6654,0.905,0.7007,0.9664,0.0893,Tajikistan
Tajikistan,2014,0.6753,0.9223,0.7088,0.9663,0.1038,Tajikistan
Tajikistan,2015,0.6793,0.9365,0.7107,0.9663,0.1038,Tajikistan
Tajikistan,2016,0.6784,0.9414,0.7078,0.9761,0.0883,Tajikistan
Tajikistan,2017,0.6379,0.9404,0.5473,0.9756,0.0883,Tajikistan
Tajikistan,2019,0.6256,0.9423,0.4963,0.9756,0.0884,Tajikistan
Tajikistan,2020,0.6495,0.9423,0.5744,0.9693,0.1122,Tajikistan
Tajikistan,2021,0.663,0.942,0.609,0.969,0.13,Tajikistan
Tajikistan,2022,0.672,0.942,0.618,0.97,0.156,Tajikistan
Tajikistan,2023,0.673,0.9472,0.6186,0.9704,0.1558,Tajikistan
Thailand,2005,0.6831,0.9728,0.7221,0.9796,0.0581,Thailand
Thailand,2006,0.6815,0.9728,0.7236,0.9796,0.0501,Thailand
Thailand,2007,0.6917,0.9906,0.7283,0.9796,0.0685,Thailand
Thailand,2008,0.6907,0.9933,0.7216,0.9796,0.0685,Thailand
Thailand,2009,0.691,0.9855,0.716,0.9796,0.0829,Thailand
Thailand,2010,0.6892,0.9855,0.709,0.9796,0.0828,Thailand
Thailand,2011,0.6893,0.9888,0.699,0.9796,0.0898,Thailand
Thailand,2012,0.6928,0.9888,0.7035,0.9796,0.0992,Thailand
Thailand,2013,0.7027,0.9938,0.7677,0.9796,0.07,Thailand
Thailand,2014,0.7059,0.9938,0.7937,0.9796,0.0567,Thailand
Thailand,2015,0.6991,0.9901,0.7699,0.9796,0.0567,Thailand
Thailand,2016,0.6939,0.9584,0.7668,0.9779,0.0724,Thailand
Thailand,2017,0.7015,0.991,0.7633,0.9779,0.074,Thailand
Thailand,2019,0.7076,0.991,0.7758,0.9779,0.0857,Thailand
Thailand,2020,0.7102,0.9924,0.7865,0.9779,0.084,Thailand
Thailand,2021,0.709,0.979,0.795,0.978,0.084,Thailand
Thailand,2022,0.711,0.995,0.772,0.977,0.101,Thailand
Thailand,2023,0.7201,0.9851,0.772,0.9767,0.1467,Thailand
Togo,2017,0.6184,0.7707,0.6103,0.9646,0.1279,Togo
Togo,2019,0.6153,0.7777,0.6081,0.9646,0.1107,Togo
Togo,2020,0.6831,0.782,0.7871,0.9785,0.185,Togo
Togo,2021,0.697,0.817,0.798,0.979,0.195,Togo
Togo,2022,0.696,0.837,0.796,0.979,0.173,Togo
Togo,2023,0.71,0.8434,0.7962,0.9786,0.2219,Togo
Trinidad and Tobago,2005,0.6797,0.9955,0.6143,0.9796,0.1296,Trinidad and Tobago
Trinidad and Tobago,2006,0.6859,0.9959,0.6388,0.9796,0.1296,Trinidad and Tobago
Trinidad and Tobago,2007,0.7245,0.9973,0.6663,0.9796,0.2547,Trinidad and Tobago
Trinidad and Tobago,2008,0.7298,0.9937,0.6915,0.9796,0.2547,Trinidad and Tobago
Trinidad and Tobago,2009,0.7353,0.9947,0.712,0.9796,0.2549,Trinidad and Tobago
Trinidad and Tobago,2010,0.7372,0.9944,0.7108,0.9796,0.2642,Trinidad and Tobago
Trinidad and Tobago,2011,0.7116,0.9943,0.7013,0.9516,0.1993,Trinidad and Tobago
Trinidad and Tobago,2012,0.7166,0.9944,0.7112,0.9516,0.2092,Trinidad and Tobago
Trinidad and Tobago,2013,0.7154,0.9944,0.7072,0.9796,0.1805,Trinidad and Tobago
Trinidad and Tobago,2014,0.7197,0.9947,0.7039,0.9796,0.2007,Trinidad and Tobago
Trinidad and Tobago,2015,0.7229,0.992,0.7023,0.9796,0.2178,Trinidad and Tobago
Trinidad and Tobago,2019,0.7559,0.9942,0.7206,0.9796,0.3293,Trinidad and Tobago
Trinidad and Tobago,2020,0.7489,0.9942,0.7025,0.9796,0.3193,Trinidad and Tobago
United Arab Emirates (the),2005,0.5919,0.9861,0.4027,0.9643,0.0147,United Arab Emirates (the)
United Arab Emirates (the),2006,0.6184,0.9868,0.421,0.9612,0.1046,United Arab Emirates (the)
United Arab Emirates (the),2007,0.622,0.9955,0.4198,0.9612,0.1114,United Arab Emirates (the)
United Arab Emirates (the),2008,0.6198,0.9918,0.4148,0.9612,0.1114,United Arab Emirates (the)
United Arab Emirates (the),2009,0.6397,0.9977,0.4605,0.9612,0.1394,United Arab Emirates (the)
United Arab Emirates (the),2010,0.6454,0.9914,0.4898,0.9612,0.1394,United Arab Emirates (the)
United Arab Emirates (the),2011,0.6392,1.0,0.4751,0.9612,0.1206,United Arab Emirates (the)
United Arab Emirates (the),2012,0.6372,1.0,0.4672,0.9612,0.1206,United Arab Emirates (the)
United Arab Emirates (the),2013,0.6436,0.9875,0.5152,0.9612,0.1106,United Arab Emirates (the)
United Arab Emirates (the),2014,0.6458,0.9873,0.5195,0.9612,0.1151,United Arab Emirates (the)
United Arab Emirates (the),2015,0.639,0.9995,0.4561,0.9612,0.1394,United Arab Emirates (the)
United Arab Emirates (the),2016,0.6492,0.9938,0.4587,0.9647,0.1798,United Arab Emirates (the)
United Arab Emirates (the),2017,0.6424,0.9785,0.4393,0.9718,0.1798,United Arab Emirates (the)
United Arab Emirates (the),2019,0.6554,0.9868,0.4719,0.9718,0.1909,United Arab Emirates (the)
United Arab Emirates (the),2020,0.7157,0.9868,0.5103,0.963,0.4026,United Arab Emirates (the)
United Arab Emirates (the),2021,0.716,0.997,0.503,0.963,0.402,United Arab Emirates (the)
United Arab Emirates (the),2022,0.712,0.988,0.536,0.963,0.363,United Arab Emirates (the)
United Arab Emirates (the),2023,0.7129,0.9956,0.5528,0.9628,0.3406,United Arab Emirates (the)
Tunisia,2005,0.6288,0.9587,0.4803,0.9657,0.1104,Tunisia
Tunisia,2006,0.6283,0.959,0.474,0.9697,0.1104,Tunisia
Tunisia,2007,0.6295,0.9619,0.4757,0.9697,0.1105,Tunisia
Tunisia,2008,0.6233,0.9606,0.4524,0.9697,0.1105,Tunisia
Tunisia,2009,0.6266,0.9662,0.4501,0.9623,0.1278,Tunisia
Tunisia,2010,0.6255,0.9662,0.444,0.9641,0.1278,Tunisia
Tunisia,2013,0.6272,0.9506,0.4634,0.9641,0.1306,Tunisia
Tunisia,2014,0.6341,0.9533,0.4438,0.9688,0.1704,Tunisia
Tunisia,2015,0.6359,0.9603,0.4441,0.9688,0.1704,Tunisia
Tunisia,2016,0.6505,0.9656,0.446,0.975,0.2155,Tunisia
Tunisia,2017,0.6477,0.9656,0.439,0.9706,0.2155,Tunisia
Tunisia,2019,0.6438,0.9695,0.4341,0.9706,0.2012,Tunisia
Tunisia,2020,0.6488,0.9695,0.4445,0.9686,0.2125,Tunisia
Tunisia,2021,0.643,0.943,0.445,0.969,0.216,Tunisia
Tunisia,2022,0.642,0.95,0.451,0.969,0.197,Tunisia
Tunisia,2023,0.6677,0.9696,0.5172,0.9686,0.2155,Tunisia
Turkey,2005,0.585,0.8849,0.4344,0.9691,0.0516,Turkey
Turkey,2006,0.5768,0.8536,0.4307,0.9712,0.0516,Turkey
Turkey,2007,0.5853,0.8901,0.4123,0.9712,0.0675,Turkey
Turkey,2008,0.5828,0.8923,0.4002,0.9712,0.0675,Turkey
Turkey,2009,0.5876,0.9123,0.3856,0.9755,0.0769,Turkey
Turkey,2010,0.5954,0.92,0.3888,0.9755,0.0972,Turkey
Turkey,2011,0.6015,0.9296,0.4139,0.9755,0.0868,Turkey
Turkey,2012,0.6081,0.9431,0.4269,0.9755,0.0868,Turkey
Turkey,2013,0.6183,0.9527,0.4532,0.9796,0.0877,Turkey
Turkey,2014,0.6244,0.9567,0.4587,0.9796,0.1027,Turkey
Turkey,2015,0.623,0.9585,0.4642,0.9796,0.0898,Turkey
Turkey,2016,0.6251,0.9646,0.4713,0.9766,0.088,Turkey
Turkey,2017,0.6277,0.9679,0.4658,0.9764,0.1006,Turkey
Turkey,2019,0.6347,0.9611,0.4776,0.9764,0.1238,Turkey
Turkey,2020,0.6376,0.9752,0.4857,0.9666,0.1231,Turkey
Turkey,2021,0.639,0.973,0.493,0.966,0.123,Turkey
Turkey,2022,0.638,0.98,0.5,0.966,0.106,Turkey
Turkey,2023,0.6447,0.9872,0.5074,0.9664,0.1177,Turkey
Uganda,2005,0.6797,0.8589,0.6773,0.9756,0.207,Uganda
Uganda,2006,0.6833,0.8742,0.6763,0.9758,0.207,Uganda
Uganda,2007,0.6981,0.889,0.6943,0.9758,0.2333,Uganda
Uganda,2008,0.7067,0.892,0.7256,0.9758,0.2333,Uganda
Uganda,2009,0.7169,0.9218,0.7075,0.9796,0.2586,Uganda
Uganda,2010,0.722,0.9173,0.7088,0.9796,0.2824,Uganda
Uganda,2011,0.7228,0.9056,0.7221,0.9796,0.2839,Uganda
Uganda,2012,0.7086,0.8425,0.7285,0.9796,0.2839,Uganda
Uganda,2013,0.6821,0.8463,0.6311,0.9674,0.2837,Uganda
Uganda,2014,0.7082,0.9301,0.6526,0.9796,0.2707,Uganda
Uganda,2015,0.7037,0.9277,0.6474,0.9796,0.26,Uganda
Uganda,2016,0.7208,0.913,0.6928,0.9725,0.3048,Uganda
Uganda,2017,0.7243,0.9129,0.7001,0.9796,0.3048,Uganda
Uganda,2019,0.7166,0.9142,0.6634,0.9796,0.3091,Uganda
Uganda,2020,0.7165,0.8978,0.6925,0.9796,0.2963,Uganda
Uganda,2021,0.724,0.924,0.696,0.98,0.294,Uganda
Uganda,2022,0.706,0.924,0.623,0.98,0.297,Uganda
Uganda,2023,0.7056,0.9313,0.6449,0.9796,0.2665,Uganda
Ukraine,2005,0.6797,0.9978,0.6909,0.9796,0.0505,Ukraine
Ukraine,2006,0.679,0.9844,0.7082,0.973,0.0505,Ukraine
Ukraine,2007,0.6856,0.9985,0.7139,0.9791,0.0507,Ukraine
Ukraine,2008,0.6896,0.9991,0.72,0.9791,0.0602,Ukraine
Ukraine,2009,0.6869,0.9996,0.7074,0.9761,0.0645,Ukraine
Ukraine,2010,0.6861,0.9997,0.7037,0.9761,0.0648,Ukraine
Ukraine,2011,0.6894,0.9997,0.7251,0.9791,0.0535,Ukraine
Ukraine,2012,0.6935,0.9998,0.7426,0.973,0.0587,Ukraine
Ukraine,2013,0.7056,0.9998,0.7483,0.973,0.1012,Ukraine
Ukraine,2014,0.7021,0.9999,0.7312,0.9791,0.0983,Ukraine
Ukraine,2015,0.6998,0.9999,0.7222,0.9791,0.098,Ukraine
Ukraine,2016,0.7051,0.9999,0.7357,0.9779,0.1071,Ukraine
Ukraine,2017,0.7081,0.9999,0.7473,0.9779,0.1071,Ukraine
Ukraine,2019,0.7215,0.9999,0.7365,0.9779,0.1715,Ukraine
Ukraine,2020,0.7141,0.9999,0.7317,0.9779,0.1469,Ukraine
Ukraine,2021,0.707,0.995,0.71,0.978,0.145,Ukraine
Ukraine,2022,0.714,0.996,0.714,0.976,0.172,Ukraine
Ukraine,2023,0.7222,1.0,0.7368,0.9767,0.1754,Ukraine
North Macedonia,2005,0.6983,0.985,0.6707,0.964,0.1733,North Macedonia
North Macedonia,2006,0.6967,0.9849,0.6653,0.9635,0.1733,North Macedonia
North Macedonia,2007,0.6914,0.9873,0.6466,0.9635,0.1681,North Macedonia
North Macedonia,2008,0.695,0.9883,0.6656,0.9635,0.1626,North Macedonia
North Macedonia,2009,0.6996,0.9888,0.6775,0.9551,0.1769,North Macedonia
North Macedonia,2010,0.6966,0.9892,0.6761,0.9551,0.166,North Macedonia
North Macedonia,2011,0.6968,0.99,0.665,0.9533,0.1789,North Macedonia
North Macedonia,2012,0.7013,0.9903,0.6611,0.9533,0.2007,North Macedonia
North Macedonia,2013,0.6943,0.9891,0.6511,0.9628,0.174,North Macedonia
North Macedonia,2014,0.7015,0.9899,0.6713,0.967,0.1776,North Macedonia
North Macedonia,2015,0.6962,0.982,0.6582,0.967,0.1776,North Macedonia
North Macedonia,2016,0.7016,0.9852,0.636,0.9761,0.209,North Macedonia
North Macedonia,2017,0.7074,0.9934,0.6197,0.9756,0.2408,North Macedonia
North Macedonia,2019,0.7109,0.9885,0.6346,0.9727,0.2477,North Macedonia
North Macedonia,2020,0.7152,0.9768,0.6472,0.9699,0.267,North Macedonia
North Macedonia,2021,0.716,0.99,0.613,0.972,0.289,North Macedonia
North Macedonia,2022,0.711,0.997,0.605,0.96,0.283,North Macedonia
North Macedonia,2023,0.7269,1.0,0.6349,0.9603,0.3125,North Macedonia
Egypt,2005,0.5786,0.903,0.4157,0.9738,0.0218,Egypt
Egypt,2006,0.5809,0.9091,0.421,0.9717,0.0218,Egypt
Egypt,2007,0.5832,0.9018,0.4367,0.9717,0.0227,Egypt
Egypt,2008,0.5862,0.9004,0.4498,0.9717,0.0227,Egypt
Egypt,2009,0.5899,0.8987,0.453,0.9768,0.0311,Egypt
Egypt,2010,0.5933,0.9081,0.4573,0.9768,0.0311,Egypt
Egypt,2011,0.5975,0.9248,0.4536,0.9768,0.0348,Egypt
Egypt,2012,0.5935,0.9199,0.4426,0.9768,0.0348,Egypt
Egypt,2013,0.6064,0.9467,0.4609,0.9765,0.0413,Egypt
Egypt,2014,0.5988,0.935,0.4412,0.9712,0.0478,Egypt
Egypt,2015,0.6136,0.9522,0.4438,0.9712,0.0873,Egypt
Egypt,2016,0.608,0.9602,0.4134,0.9709,0.0873,Egypt
Egypt,2017,0.6141,0.9748,0.4207,0.9735,0.0873,Egypt
Egypt,2019,0.6295,0.9728,0.4383,0.9735,0.1333,Egypt
Egypt,2020,0.6392,0.9728,0.4206,0.9676,0.1958,Egypt
Egypt,2021,0.635,0.971,0.403,0.968,0.198,Egypt
Egypt,2022,0.626,0.943,0.42,0.968,0.175,Egypt
Egypt,2023,0.629,0.9657,0.4064,0.968,0.1757,Egypt
United Kingdom of Great Britain and Northern Ireland (the),2005,0.7365,1.0,0.6643,0.9742,0.3074,UK
United Kingdom of Great Britain and Northern Ireland (the),2006,0.7441,1.0,0.6947,0.9745,0.3074,UK
United Kingdom of Great Britain and Northern Ireland (the),2007,0.7366,1.0,0.6918,0.9745,0.2801,UK
United Kingdom of Great Britain and Northern Ireland (the),2008,0.7402,1.0,0.7064,0.9745,0.2801,UK
United Kingdom of Great Britain and Northern Ireland (the),2009,0.746,1.0,0.721,0.9698,0.2933,UK
United Kingdom of Great Britain and Northern Ireland (the),2010,0.7462,1.0,0.7224,0.9698,0.2927,UK
United Kingdom of Great Britain and Northern Ireland (the),2011,0.7433,0.9993,0.7305,0.9698,0.2737,UK
United Kingdom of Great Britain and Northern Ireland (the),2012,0.744,0.9994,0.732,0.9698,0.2747,UK
United Kingdom of Great Britain and Northern Ireland (the),2013,0.7383,0.9996,0.714,0.9699,0.2698,UK
United Kingdom of Great Britain and Northern Ireland (the),2014,0.7584,0.9996,0.7245,0.9745,0.3351,UK
United Kingdom of Great Britain and Northern Ireland (the),2015,0.7521,0.9993,0.6996,0.9745,0.3351,UK
United Kingdom of Great Britain and Northern Ireland (the),2016,0.7698,0.9993,0.705,0.9708,0.404,UK
United Kingdom of Great Britain and Northern Ireland (the),2017,0.7738,0.9994,0.7049,0.9698,0.4212,UK
United Kingdom of Great Britain and Northern Ireland (the),2019,0.7672,0.9987,0.7043,0.9698,0.396,UK
United Kingdom of Great Britain and Northern Ireland (the),2020,0.7747,0.9987,0.7157,0.9656,0.4189,UK
United Kingdom of Great Britain and Northern Ireland (the),2021,0.78,0.999,0.733,0.965,0.423,UK
United Kingdom of Great Britain and Northern Ireland (the),2022,0.792,0.999,0.731,0.965,0.472,UK
United Kingdom of Great Britain and Northern Ireland (the),2023,0.7893,1.0,0.7174,0.9655,0.4742,UK
"Tanzania, the United Republic of",2005,0.7038,0.8594,0.8087,0.9668,0.1803,"Tanzania, the United Republic of"
"Tanzania, the United Republic of",2006,0.6969,0.8588,0.7796,0.9688,0.1803,"Tanzania, the United Republic of"
"Tanzania, the United Republic of",2007,0.7068,0.8698,0.7889,0.9688,0.1998,"Tanzania, the United Republic of"
"Tanzania, the United Republic of",2008,0.6797,0.8679,0.6824,0.9688,0.1998,"Tanzania, the United Republic of"
"Tanzania, the United Republic of",2009,0.6829,0.8716,0.671,0.9612,0.228,"Tanzania, the United Republic of"
"Tanzania, the United Republic of",2010,0.6904,0.8779,0.6571,0.9612,0.2653,"Tanzania, the United Republic of"
"Tanzania, the United Republic of",2011,0.7091,0.9373,0.6695,0.9612,0.2684,"Tanzania, the United Republic of"
"Tanzania, the United Republic of",2012,0.6928,0.8779,0.6635,0.9612,0.2684,"Tanzania, the United Republic of"
"Tanzania, the United Republic of",2013,0.7182,0.8746,0.7077,0.9732,0.3173,"Tanzania, the United Republic of"
"Tanzania, the United Republic of",2014,0.7183,0.8937,0.7086,0.9789,0.2919,"Tanzania, the United Republic of"
"Tanzania, the United Republic of",2015,0.7157,0.9141,0.6737,0.9789,0.2962,"Tanzania, the United Republic of"
"Tanzania, the United Republic of",2016,0.6999,0.9105,0.674,0.9762,0.239,"Tanzania, the United Republic of"
"Tanzania, the United Republic of",2017,0.7045,0.918,0.6763,0.9785,0.2451,"Tanzania, the United Republic of"
"Tanzania, the United Republic of",2019,0.7129,0.9212,0.6983,0.9785,0.2537,"Tanzania, the United Republic of"
"Tanzania, the United Republic of",2020,0.7073,0.9212,0.7032,0.9702,0.2346,"Tanzania, the United Republic of"
"Tanzania, the United Republic of",2021,0.719,0.957,0.705,0.97,0.245,"Tanzania, the United Republic of"
"Tanzania, the United Republic of",2022,0.74,0.964,0.715,0.97,0.309,"Tanzania, the United Republic of"
"Tanzania, the United Republic of",2023,0.7343,0.9627,0.7047,0.9699,0.3001,"Tanzania, the United Republic of"
United States of America (the),2005,0.7042,0.9816,0.7587,0.9796,0.0968,USA
United States of America (the),2006,0.7002,0.9816,0.7383,0.9795,0.1016,USA
United States of America (the),2007,0.7179,1.0,0.7524,0.9795,0.1398,USA
United States of America (the),2008,0.7173,1.0,0.7501,0.9795,0.1398,USA
United States of America (the),2009,0.7411,1.0,0.7992,0.9792,0.1861,USA
United States of America (the),2010,0.7412,1.0,0.7999,0.9792,0.1857,USA
United States of America (the),2011,0.7373,1.0,0.8143,0.9792,0.1557,USA
United States of America (the),2012,0.7392,1.0,0.8185,0.9792,0.1593,USA
United States of America (the),2013,0.7463,0.998,0.8276,0.9747,0.1847,USA
United States of America (the),2014,0.7403,0.9986,0.8262,0.9747,0.1616,USA
United States of America (the),2015,0.722,1.0,0.7517,0.9747,0.1616,USA
United States of America (the),2016,0.7184,1.0,0.7764,0.9733,0.124,USA
United States of America (the),2017,0.7203,0.9979,0.7825,0.9758,0.1251,USA
United States of America (the),2019,0.7239,0.9995,0.7564,0.9758,0.164,USA
United States of America (the),2020,0.763,0.9995,0.7541,0.9696,0.3286,USA
United States of America (the),2021,0.769,0.996,0.778,0.97,0.332,USA
United States of America (the),2022,0.748,0.995,0.78,0.97,0.248,USA
United States of America (the),2023,0.7465,1.0,0.7652,0.9697,0.2513,USA
Burkina Faso,2005,0.5854,0.6456,0.6387,0.9733,0.084,Burkina Faso
Burkina Faso,2006,0.5912,0.6798,0.6313,0.9699,0.084,Burkina Faso
Burkina Faso,2007,0.6029,0.7068,0.6377,0.9699,0.0971,Burkina Faso
Burkina Faso,2008,0.6081,0.726,0.6395,0.9699,0.0971,Burkina Faso
Burkina Faso,2009,0.6162,0.7485,0.6383,0.9685,0.1098,Burkina Faso
Burkina Faso,2010,0.6153,0.7563,0.6266,0.9685,0.1097,Burkina Faso
Burkina Faso,2011,0.6455,0.7864,0.7376,0.9685,0.0897,Burkina Faso
Burkina Faso,2012,0.6513,0.7987,0.7467,0.9685,0.0914,Burkina Faso
Burkina Faso,2013,0.65,0.7988,0.722,0.9673,0.1117,Burkina Faso
Burkina Faso,2014,0.6507,0.8313,0.7214,0.9673,0.083,Burkina Faso
Burkina Faso,2015,0.6396,0.8091,0.7144,0.9673,0.0676,Burkina Faso
Burkina Faso,2016,0.6459,0.8291,0.7161,0.9628,0.0755,Burkina Faso
Burkina Faso,2017,0.6288,0.8532,0.623,0.9635,0.0755,Burkina Faso
Burkina Faso,2019,0.6349,0.8729,0.6139,0.9635,0.0891,Burkina Faso
Burkina Faso,2020,0.6513,0.8729,0.6889,0.9778,0.0658,Burkina Faso
Burkina Faso,2021,0.659,0.876,0.718,0.978,0.066,Burkina Faso
Burkina Faso,2022,0.676,0.893,0.708,0.978,0.125,Burkina Faso
Burkina Faso,2023,0.6613,0.9029,0.6744,0.9776,0.0905,Burkina Faso
Uruguay,2005,0.6549,0.9908,0.6108,0.9796,0.0387,Uruguay
Uruguay,2006,0.6608,0.9908,0.6341,0.9796,0.0387,Uruguay
Uruguay,2007,0.6907,0.9995,0.6422,0.9796,0.1415,Uruguay
Uruguay,2008,0.6936,1.0,0.6535,0.9796,0.1415,Uruguay
Uruguay,2009,0.6897,1.0,0.6566,0.9796,0.1227,Uruguay
Uruguay,2010,0.6907,0.9982,0.6621,0.9796,0.1229,Uruguay
Uruguay,2011,0.6745,0.9967,0.6602,0.9796,0.0617,Uruguay
Uruguay,2012,0.6803,0.9967,0.6833,0.9796,0.0617,Uruguay
Uruguay,2013,0.6871,0.9968,0.6841,0.9796,0.088,Uruguay
Uruguay,2014,0.6792,0.9968,0.6394,0.9796,0.1009,Uruguay
Uruguay,2015,0.6805,0.9988,0.6427,0.9796,0.1009,Uruguay
Uruguay,2016,0.71,0.9997,0.6449,0.9796,0.2158,Uruguay
Uruguay,2017,0.7148,0.9997,0.664,0.9796,0.2158,Uruguay
Uruguay,2019,0.7374,0.9998,0.696,0.9796,0.2742,Uruguay
Uruguay,2020,0.7023,0.9998,0.6897,0.9796,0.1401,Uruguay
Uruguay,2021,0.711,1.0,0.717,0.98,0.146,Uruguay
Uruguay,2022,0.714,1.0,0.726,0.98,0.152,Uruguay
Uruguay,2023,0.7152,0.9997,0.7091,0.9796,0.1723,Uruguay
Uzbekistan,2023,0.6806,0.9896,0.5976,0.959,0.1762,Uzbekistan
Venezuela (Bolivarian Republic of),2005,0.6664,0.9859,0.5999,0.973,0.1069,Venezuela (Bolivarian Republic of)
Venezuela (Bolivarian Republic of),2006,0.6797,0.9989,0.6306,0.9796,0.1097,Venezuela (Bolivarian Republic of)
Venezuela (Bolivarian Republic of),2007,0.6875,0.9988,0.6336,0.9796,0.1382,Venezuela (Bolivarian Republic of)
Venezuela (Bolivarian Republic of),2008,0.6839,0.9988,0.619,0.9796,0.1382,Venezuela (Bolivarian Republic of)
Venezuela (Bolivarian Republic of),2009,0.6863,0.9991,0.6145,0.9796,0.1521,Venezuela (Bolivarian Republic of)
Venezuela (Bolivarian Republic of),2010,0.6861,0.999,0.6159,0.9796,0.15,Venezuela (Bolivarian Republic of)
Venezuela (Bolivarian Republic of),2011,0.706,0.9989,0.626,0.9796,0.2196,Venezuela (Bolivarian Republic of)
Venezuela (Bolivarian Republic of),2012,0.706,0.9993,0.6256,0.9796,0.2196,Venezuela (Bolivarian Republic of)
Venezuela (Bolivarian Republic of),2013,0.6851,0.9885,0.6617,0.9796,0.1108,Venezuela (Bolivarian Republic of)
Venezuela (Bolivarian Republic of),2014,0.6913,0.99,0.657,0.9796,0.1385,Venezuela (Bolivarian Republic of)
Venezuela (Bolivarian Republic of),2015,0.6937,0.9994,0.6687,0.9796,0.1272,Venezuela (Bolivarian Republic of)
Venezuela (Bolivarian Republic of),2016,0.7055,0.9973,0.6779,0.9796,0.1673,Venezuela (Bolivarian Republic of)
Venezuela (Bolivarian Republic of),2017,0.7086,0.9967,0.6907,0.9796,0.1673,Venezuela (Bolivarian Republic of)
Venezuela (Bolivarian Republic of),2019,0.7131,0.9984,0.6833,0.9796,0.1911,Venezuela (Bolivarian Republic of)
Venezuela (Bolivarian Republic of),2020,0.6986,0.9984,0.617,0.9796,0.1994,Venezuela (Bolivarian Republic of)
Yemen,2005,0.4595,0.5982,0.2528,0.9786,0.0083,Yemen
Yemen,2006,0.451,0.5654,0.2507,0.9796,0.0083,Yemen
Yemen,2007,0.4664,0.6179,0.2523,0.9796,0.0159,Yemen
Yemen,2008,0.4609,0.6147,0.2334,0.9796,0.0159,Yemen
Yemen,2009,0.4603,0.6567,0.1951,0.9727,0.0165,Yemen
Yemen,2010,0.4873,0.642,0.318,0.9727,0.0164,Yemen
Yemen,2011,0.5054,0.6838,0.3424,0.9727,0.0227,Yemen
Yemen,2012,0.5128,0.698,0.3577,0.9727,0.0227,Yemen
Yemen,2013,0.5145,0.7068,0.3596,0.9668,0.025,Yemen
Yemen,2014,0.4845,0.7196,0.225,0.9668,0.0265,Yemen
Yemen,2015,0.5162,0.7197,0.3518,0.9668,0.0265,Yemen
Yemen,2016,0.5162,0.7371,0.3452,0.9684,0.0141,Yemen
Yemen,2017,0.4994,0.7184,0.2987,0.9662,0.0141,Yemen
Yemen,2019,0.4938,0.7173,0.2734,0.9662,0.0182,Yemen
Yemen,2020,0.492,0.7173,0.2815,0.9682,0.0009,Yemen
Zambia,2005,0.636,0.8434,0.6023,0.9628,0.1354,Zambia
Zambia,2006,0.6288,0.8481,0.5707,0.9612,0.1354,Zambia
Zambia,2007,0.6205,0.8478,0.5679,0.9612,0.105,Zambia
Zambia,2008,0.631,0.865,0.593,0.9612,0.105,Zambia
Zambia,2009,0.6293,0.8472,0.6011,0.969,0.0999,Zambia
Zambia,2010,0.63,0.8505,0.6005,0.969,0.0999,Zambia
Zambia,2011,0.6279,0.8551,0.6144,0.969,0.0732,Zambia
Zambia,2012,0.6312,0.8472,0.6354,0.969,0.0732,Zambia
Zambia,2013,0.6364,0.8463,0.6444,0.9739,0.081,Zambia
Zambia,2014,0.6499,0.8634,0.6557,0.9737,0.1067,Zambia
Zambia,2019,0.7308,0.9385,0.8314,0.9796,0.1738,Zambia
Zambia,2020,0.7255,0.9385,0.8035,0.9796,0.1805,Zambia
Zambia,2021,0.723,0.938,0.803,0.98,0.173,Zambia
Zambia,2022,0.699,0.979,0.734,0.98,0.102,Zambia
Zambia,2023,0.6969,0.9785,0.7395,0.9796,0.09,Zambia
