source,name,sex,year,count,ipa,pf_syl,pf_son,pf_cons,pf_cont,pf_delrel,pf_lat,pf_nas,pf_strid,pf_voi,pf_ant,pf_cor,pf_distr,pf_lab,pf_hi,pf_lo,pf_back,pf_round,pf_tense,pf_long,n_phones,prop_vowel,n_chars,g2p_language_switch,g2p_chinese_letter_artifact,g2p_spelled_out_artifact,g2p_any_artifact,sex_male,year_centered
official_albania,Ajla,F,,327,aɪɫɑ,0.75,1.0,0.25,1.0,0.25,0.25,0.0,0.0,1.0,0.625,0.25,0.375,0.0,0.25,0.5,0.5,0.0,0.625,0.0,4.0,0.75,4,False,False,False,False,0,0.0
official_albania,Alteo,M,,121,altɛɔ,0.6,0.8,0.4,0.8,0.0,0.2,0.0,0.0,0.8,0.7,0.4,0.3,0.0,0.0,0.2,0.4,0.2,0.4,0.0,5.0,0.6,5,False,False,False,False,1,0.0
official_albania,Amar,M,,170,amɑr,0.5,1.0,0.5,0.75,0.25,0.0,0.25,0.0,1.0,0.75,0.25,0.375,0.25,0.125,0.625,0.5,0.0,0.75,0.0,4.0,0.5,4,False,False,False,False,1,0.0
official_albania,Amaris,F,,114,amaris,0.5,0.8333333333333334,0.5,0.8333333333333334,0.0833333333333333,0.0,0.1666666666666666,0.1666666666666666,0.8333333333333334,0.75,0.3333333333333333,0.3333333333333333,0.1666666666666666,0.25,0.4166666666666667,0.3333333333333333,0.0,0.75,0.0,6.0,0.5,6,False,False,False,False,0,0.0
official_albania,Ambra,F,,144,ambrɑ,0.4,0.8,0.6,0.6,0.2,0.0,0.2,0.0,1.0,0.8,0.2,0.4,0.4,0.1,0.5,0.4,0.0,0.7,0.0,5.0,0.4,5,False,False,False,False,0,0.0
official_albania,Amelia,F,,499,amɛɫiɑ,0.6666666666666666,1.0,0.3333333333333333,0.8333333333333334,0.1666666666666666,0.1666666666666666,0.1666666666666666,0.0,1.0,0.6666666666666666,0.1666666666666666,0.4166666666666667,0.1666666666666666,0.1666666666666666,0.3333333333333333,0.3333333333333333,0.0,0.6666666666666666,0.0,6.0,0.6666666666666666,6,False,False,False,False,0,0.0
official_albania,Amelja,F,,182,amɛljɑ,0.5,1.0,0.3333333333333333,0.8333333333333334,0.0833333333333333,0.1666666666666666,0.1666666666666666,0.0,1.0,0.5833333333333334,0.1666666666666666,0.4166666666666667,0.1666666666666666,0.1666666666666666,0.3333333333333333,0.3333333333333333,0.0,0.5833333333333334,0.0,6.0,0.5,6,False,False,False,False,0,0.0
official_albania,Aria,F,,182,ariɑ,0.75,1.0,0.25,1.0,0.25,0.0,0.0,0.0,1.0,0.625,0.25,0.375,0.0,0.375,0.625,0.5,0.0,0.875,0.0,4.0,0.75,4,False,False,False,False,0,0.0
official_albania,Aron,M,,190,arɔn,0.5,1.0,0.5,0.75,0.125,0.0,0.25,0.0,1.0,0.75,0.5,0.25,0.0,0.125,0.375,0.5,0.25,0.5,0.0,4.0,0.5,4,False,False,False,False,1,0.0
official_albania,Dion,M,,113,diɔn,0.5,0.75,0.5,0.5,0.0,0.0,0.25,0.0,1.0,0.75,0.5,0.25,0.0,0.25,0.0,0.25,0.25,0.5,0.0,4.0,0.5,4,False,False,False,False,1,0.0
official_albania,Joel,M,,188,jɔɛl,0.5,1.0,0.25,1.0,0.0,0.25,0.0,0.0,1.0,0.5,0.25,0.375,0.0,0.25,0.0,0.25,0.25,0.25,0.0,4.0,0.5,4,False,False,False,False,1,0.0
official_albania,Klea,F,,121,kɫeɑ,0.5,0.75,0.5,0.75,0.25,0.25,0.0,0.0,0.75,0.5,0.25,0.375,0.0,0.25,0.25,0.5,0.0,0.75,0.0,4.0,0.5,4,False,False,False,False,0,0.0
official_albania,Leandra,F,,145,ɫeandrɑ,0.4285714285714285,0.8571428571428571,0.5714285714285714,0.7142857142857143,0.2142857142857142,0.1428571428571428,0.1428571428571428,0.0,1.0,0.7857142857142857,0.5714285714285714,0.2142857142857142,0.0,0.0714285714285714,0.3571428571428571,0.2857142857142857,0.0,0.7142857142857143,0.0,7.0,0.4285714285714285,7,False,False,False,False,0,0.0
official_albania,Luis,M,,115,ɫuis,0.5,0.75,0.5,1.0,0.125,0.25,0.0,0.25,0.75,0.75,0.5,0.25,0.25,0.5,0.0,0.25,0.25,0.75,0.0,4.0,0.5,4,False,False,False,False,1,0.0
official_albania,Mateo,M,,146,matɛɔ,0.6,0.8,0.4,0.6,0.0,0.0,0.2,0.0,0.8,0.7,0.2,0.4,0.2,0.0,0.2,0.4,0.2,0.4,0.0,5.0,0.6,5,False,False,False,False,1,0.0
official_albania,Melisa,F,,114,mɛɫisɑ,0.5,0.8333333333333334,0.5,0.8333333333333334,0.1666666666666666,0.1666666666666666,0.1666666666666666,0.1666666666666666,0.8333333333333334,0.75,0.3333333333333333,0.3333333333333333,0.1666666666666666,0.1666666666666666,0.1666666666666666,0.1666666666666666,0.0,0.5833333333333334,0.0,6.0,0.5,6,False,False,False,False,0,0.0
official_albania,Noel,M,,402,nɔɛl,0.5,1.0,0.5,0.75,0.0,0.25,0.25,0.0,1.0,0.75,0.5,0.25,0.0,0.0,0.0,0.25,0.25,0.25,0.0,4.0,0.5,4,False,False,False,False,1,0.0
official_albania,Reina,F,,104,rɛinɑ,0.6,1.0,0.4,0.8,0.2,0.0,0.2,0.0,1.0,0.7,0.4,0.3,0.0,0.3,0.3,0.2,0.0,0.6,0.0,5.0,0.6,5,False,False,False,False,0,0.0
official_albania,Roan,M,,178,rɔan,0.5,1.0,0.5,0.75,0.125,0.0,0.25,0.0,1.0,0.75,0.5,0.25,0.0,0.125,0.375,0.5,0.25,0.5,0.0,4.0,0.5,4,False,False,False,False,1,0.0
official_albania,Roel,M,,115,rɔɛl,0.5,1.0,0.5,1.0,0.125,0.25,0.0,0.0,1.0,0.75,0.5,0.25,0.0,0.125,0.125,0.25,0.25,0.25,0.0,4.0,0.5,4,False,False,False,False,1,0.0
official_argentina,Agustin,M,,27846,aɣustin,0.4285714285714285,0.5714285714285714,0.5714285714285714,0.7142857142857143,0.0,0.0,0.1428571428571428,0.1428571428571428,0.7142857142857143,0.6428571428571429,0.4285714285714285,0.2857142857142857,0.1428571428571428,0.4285714285714285,0.1428571428571428,0.4285714285714285,0.1428571428571428,0.7142857142857143,0.0,7.0,0.4285714285714285,7,False,False,False,False,1,0.0
official_argentina,Bautista,M,,105303,baʊtista,0.5,0.5,0.5,0.625,0.0,0.0,0.0,0.125,0.625,0.75,0.375,0.3125,0.125,0.25,0.25,0.375,0.125,0.625,0.0,8.0,0.5,8,False,False,False,False,1,0.0
official_argentina,Benjamin,M,,435448,beŋxamin,0.375,0.75,0.625,0.5,0.0,0.0,0.375,0.0,0.875,0.5625,0.125,0.4375,0.25,0.375,0.125,0.375,0.0,0.6875,0.0,8.0,0.375,8,False,False,False,False,1,0.0
official_argentina,Ezequiel,M,,25731,eθekjel,0.4285714285714285,0.7142857142857143,0.4285714285714285,0.8571428571428571,0.0,0.1428571428571428,0.0,0.0,0.7142857142857143,0.5,0.2857142857142857,0.5,0.0,0.2857142857142857,0.0,0.1428571428571428,0.0,0.7142857142857143,0.0,7.0,0.4285714285714285,8,False,False,False,False,1,0.0
official_argentina,Ian,M,,26035,jan,0.3333333333333333,1.0,0.3333333333333333,0.6666666666666666,0.0,0.0,0.3333333333333333,0.0,1.0,0.5,0.3333333333333333,0.3333333333333333,0.0,0.3333333333333333,0.3333333333333333,0.3333333333333333,0.0,0.6666666666666666,0.0,3.0,0.3333333333333333,3,False,False,False,False,1,0.0
official_argentina,Isabella,F,,117004,isaβeʎa,0.5714285714285714,0.7142857142857143,0.4285714285714285,1.0,0.0714285714285714,0.1428571428571428,0.0,0.1428571428571428,0.8571428571428571,0.5714285714285714,0.2857142857142857,0.5,0.1428571428571428,0.2857142857142857,0.2857142857142857,0.2857142857142857,0.0,0.7857142857142857,0.0,7.0,0.5714285714285714,8,False,False,False,False,0,0.0
official_argentina,Jazmin,F,,214878,xaθmin,0.3333333333333333,0.6666666666666666,0.6666666666666666,0.6666666666666666,0.0,0.0,0.3333333333333333,0.0,0.6666666666666666,0.6666666666666666,0.3333333333333333,0.5,0.1666666666666666,0.3333333333333333,0.1666666666666666,0.3333333333333333,0.0,0.6666666666666666,0.0,6.0,0.3333333333333333,6,False,False,False,False,0,0.0
official_argentina,Joaquin,M,,26070,xoakin,0.5,0.6666666666666666,0.5,0.6666666666666666,0.0,0.0,0.1666666666666666,0.0,0.6666666666666666,0.4166666666666667,0.1666666666666666,0.4166666666666667,0.0,0.5,0.1666666666666666,0.6666666666666666,0.1666666666666666,0.75,0.0,6.0,0.5,7,False,False,False,False,1,0.0
official_argentina,Juan,M,,25162,xwan,0.25,0.75,0.5,0.75,0.0,0.0,0.25,0.0,0.75,0.375,0.25,0.375,0.25,0.5,0.25,0.75,0.25,0.625,0.0,4.0,0.25,4,False,False,False,False,1,0.0
official_argentina,Martina,F,,75366,maɾtina,0.4285714285714285,0.8571428571428571,0.5714285714285714,0.5714285714285714,0.0714285714285714,0.0,0.2857142857142857,0.0,0.8571428571428571,0.7857142857142857,0.4285714285714285,0.2857142857142857,0.1428571428571428,0.2142857142857142,0.3571428571428571,0.2857142857142857,0.0,0.7142857142857143,0.0,7.0,0.4285714285714285,7,False,False,False,False,0,0.0
official_argentina,Mateo,M,,128460,mateo,0.6,0.8,0.4,0.6,0.0,0.0,0.2,0.0,0.8,0.7,0.2,0.4,0.2,0.0,0.2,0.4,0.2,0.8,0.0,5.0,0.6,5,False,False,False,False,1,0.0
official_argentina,Mia,F,,47372,mja,0.3333333333333333,1.0,0.3333333333333333,0.6666666666666666,0.0,0.0,0.3333333333333333,0.0,1.0,0.5,0.0,0.5,0.3333333333333333,0.3333333333333333,0.3333333333333333,0.3333333333333333,0.0,0.6666666666666666,0.0,3.0,0.3333333333333333,3,False,False,False,False,0,0.0
official_argentina,Nicolas,M,,24800,nikolas,0.4285714285714285,0.7142857142857143,0.5714285714285714,0.7142857142857143,0.0,0.1428571428571428,0.1428571428571428,0.1428571428571428,0.7142857142857143,0.6428571428571429,0.4285714285714285,0.2857142857142857,0.0,0.2857142857142857,0.1428571428571428,0.4285714285714285,0.1428571428571428,0.7142857142857143,0.0,7.0,0.4285714285714285,7,False,False,False,False,1,0.0
official_argentina,Santino,M,,99820,santino,0.4285714285714285,0.7142857142857143,0.5714285714285714,0.5714285714285714,0.0,0.0,0.2857142857142857,0.1428571428571428,0.7142857142857143,0.7857142857142857,0.5714285714285714,0.2142857142857142,0.0,0.1428571428571428,0.1428571428571428,0.2857142857142857,0.1428571428571428,0.7142857142857143,0.0,7.0,0.4285714285714285,7,False,False,False,False,1,0.0
official_argentina,Sofia,F,,151646,sofja,0.4,0.6,0.4,1.0,0.0,0.0,0.0,0.4,0.6,0.6,0.2,0.4,0.2,0.2,0.2,0.4,0.2,0.7,0.0,5.0,0.4,5,False,False,False,False,0,0.0
official_argentina,Thiago,M,,91372,tjaɣo,0.4,0.6,0.4,0.8,0.0,0.0,0.0,0.0,0.8,0.4,0.2,0.4,0.0,0.4,0.2,0.6,0.2,0.7,0.0,5.0,0.4,6,False,False,False,False,1,0.0
official_argentina,Valentina,F,,230960,balentina,0.4444444444444444,0.7777777777777778,0.5555555555555556,0.5555555555555556,0.0,0.1111111111111111,0.2222222222222222,0.0,0.8888888888888888,0.7777777777777778,0.4444444444444444,0.2777777777777778,0.1111111111111111,0.1111111111111111,0.2222222222222222,0.2222222222222222,0.0,0.7222222222222222,0.0,9.0,0.4444444444444444,9,False,False,False,False,0,0.0
official_argentina_buenos_aires,Aitana,F,,54,aɪtana,0.6666666666666666,0.8333333333333334,0.3333333333333333,0.6666666666666666,0.0,0.0,0.1666666666666666,0.0,0.8333333333333334,0.6666666666666666,0.3333333333333333,0.3333333333333333,0.0,0.1666666666666666,0.5,0.5,0.0,0.6666666666666666,0.0,6.0,0.6666666666666666,6,False,False,False,False,0,0.0
official_argentina_buenos_aires,Alma,F,,40,alma,0.5,1.0,0.5,0.75,0.0,0.25,0.25,0.0,1.0,0.75,0.25,0.375,0.25,0.0,0.5,0.5,0.0,0.75,0.0,4.0,0.5,4,False,False,False,False,0,0.0
official_argentina_buenos_aires,Amadeo,M,,37,amaðeo,0.6666666666666666,0.8333333333333334,0.3333333333333333,0.8333333333333334,0.0,0.0,0.1666666666666666,0.0,1.0,0.6666666666666666,0.1666666666666666,0.5833333333333334,0.1666666666666666,0.0,0.3333333333333333,0.5,0.1666666666666666,0.8333333333333334,0.0,6.0,0.6666666666666666,6,False,False,False,False,1,0.0
official_argentina_buenos_aires,Ambar,F,,34,ambaɾ,0.4,0.8,0.6,0.6,0.1,0.0,0.2,0.0,1.0,0.8,0.2,0.4,0.4,0.1,0.5,0.4,0.0,0.7,0.0,5.0,0.4,5,False,False,False,False,0,0.0
official_argentina_buenos_aires,Amelia,F,,54,amelja,0.5,1.0,0.3333333333333333,0.8333333333333334,0.0,0.1666666666666666,0.1666666666666666,0.0,1.0,0.5833333333333334,0.1666666666666666,0.4166666666666667,0.1666666666666666,0.1666666666666666,0.3333333333333333,0.3333333333333333,0.0,0.75,0.0,6.0,0.5,6,False,False,False,False,0,0.0
official_argentina_buenos_aires,Aurora,F,,40,aʊɾoɾa,0.6666666666666666,1.0,0.3333333333333333,1.0,0.1666666666666666,0.0,0.0,0.0,1.0,0.6666666666666666,0.3333333333333333,0.3333333333333333,0.0,0.3333333333333333,0.5,0.6666666666666666,0.3333333333333333,0.6666666666666666,0.0,6.0,0.6666666666666666,6,False,False,False,False,0,0.0
official_argentina_buenos_aires,Bastian,M,,52,bastjan,0.2857142857142857,0.5714285714285714,0.5714285714285714,0.5714285714285714,0.0,0.0,0.1428571428571428,0.1428571428571428,0.7142857142857143,0.7142857142857143,0.4285714285714285,0.2857142857142857,0.1428571428571428,0.1428571428571428,0.2857142857142857,0.2857142857142857,0.0,0.6428571428571429,0.0,7.0,0.2857142857142857,7,False,False,False,False,1,0.0
official_argentina_buenos_aires,Bautista,M,,55,baʊtista,0.5,0.5,0.5,0.625,0.0,0.0,0.0,0.125,0.625,0.75,0.375,0.3125,0.125,0.25,0.25,0.375,0.125,0.625,0.0,8.0,0.5,8,False,False,False,False,1,0.0
official_argentina_buenos_aires,Benicio,M,,63,beniθjo,0.4285714285714285,0.7142857142857143,0.4285714285714285,0.7142857142857143,0.0,0.0,0.1428571428571428,0.0,0.8571428571428571,0.6428571428571429,0.2857142857142857,0.5,0.1428571428571428,0.2857142857142857,0.0,0.1428571428571428,0.1428571428571428,0.7142857142857143,0.0,7.0,0.4285714285714285,7,False,False,False,False,1,0.0
official_argentina_buenos_aires,Benjamin,M,,44,beŋxamin,0.375,0.75,0.625,0.5,0.0,0.0,0.375,0.0,0.875,0.5625,0.125,0.4375,0.25,0.375,0.125,0.375,0.0,0.6875,0.0,8.0,0.375,8,False,False,False,False,1,0.0
official_argentina_buenos_aires,Benjamín,M,,56,beŋxamin,0.375,0.75,0.625,0.5,0.0,0.0,0.375,0.0,0.875,0.5625,0.125,0.4375,0.25,0.375,0.125,0.375,0.0,0.6875,0.0,8.0,0.375,8,False,False,False,False,1,0.0
official_argentina_buenos_aires,Bianca,F,,34,bjanka,0.3333333333333333,0.6666666666666666,0.5,0.5,0.0,0.0,0.1666666666666666,0.0,0.8333333333333334,0.5,0.1666666666666666,0.4166666666666667,0.1666666666666666,0.3333333333333333,0.3333333333333333,0.5,0.0,0.6666666666666666,0.0,6.0,0.3333333333333333,6,False,False,False,False,0,0.0
official_argentina_buenos_aires,Bruno,M,,66,bɾuno,0.4,0.8,0.6,0.6,0.1,0.0,0.2,0.0,1.0,0.8,0.4,0.3,0.4,0.3,0.1,0.4,0.4,0.7,0.0,5.0,0.4,5,False,False,False,False,1,0.0
official_argentina_buenos_aires,Catalina,F,,79,katalina,0.5,0.75,0.5,0.625,0.0,0.125,0.125,0.0,0.75,0.625,0.375,0.3125,0.0,0.25,0.375,0.5,0.0,0.75,0.0,8.0,0.5,8,False,False,False,False,0,0.0
official_argentina_buenos_aires,Ciro,M,,43,θiɾo,0.5,0.75,0.5,1.0,0.125,0.0,0.0,0.0,0.75,0.75,0.5,0.5,0.0,0.375,0.125,0.25,0.25,0.75,0.0,4.0,0.5,4,False,False,False,False,1,0.0
official_argentina_buenos_aires,Clara,F,,44,klaɾa,0.4,0.8,0.6,0.8,0.1,0.2,0.0,0.0,0.8,0.6,0.4,0.3,0.0,0.3,0.5,0.6,0.0,0.7,0.0,5.0,0.4,5,False,False,False,False,0,0.0
official_argentina_buenos_aires,Dante,M,,61,dante,0.4,0.6,0.6,0.4,0.0,0.0,0.2,0.0,0.8,0.8,0.6,0.2,0.0,0.0,0.2,0.2,0.0,0.7,0.0,5.0,0.4,5,False,False,False,False,1,0.0
official_argentina_buenos_aires,Delfina,F,,55,delfina,0.4285714285714285,0.7142857142857143,0.5714285714285714,0.7142857142857143,0.0,0.1428571428571428,0.1428571428571428,0.1428571428571428,0.8571428571428571,0.7857142857142857,0.4285714285714285,0.2857142857142857,0.1428571428571428,0.1428571428571428,0.1428571428571428,0.1428571428571428,0.0,0.7142857142857143,0.0,7.0,0.4285714285714285,7,False,False,False,False,0,0.0
official_argentina_buenos_aires,Eithan,M,,69,eɪtan,0.6,0.8,0.4,0.6,0.0,0.0,0.2,0.0,0.8,0.7,0.4,0.3,0.0,0.2,0.2,0.2,0.0,0.6,0.0,5.0,0.6,6,False,False,False,False,1,0.0
official_argentina_buenos_aires,Emilia,F,,67,emilja,0.5,1.0,0.3333333333333333,0.8333333333333334,0.0,0.1666666666666666,0.1666666666666666,0.0,1.0,0.5833333333333334,0.1666666666666666,0.4166666666666667,0.1666666666666666,0.3333333333333333,0.1666666666666666,0.1666666666666666,0.0,0.75,0.0,6.0,0.5,6,False,False,False,False,0,0.0
official_argentina_buenos_aires,Emma,F,,95,emma,0.5,1.0,0.5,0.5,0.0,0.0,0.5,0.0,1.0,0.75,0.0,0.5,0.5,0.0,0.25,0.25,0.0,0.75,0.0,4.0,0.5,4,False,False,False,False,0,0.0
official_argentina_buenos_aires,Enzo,M,,89,ɛnθo,0.5,0.75,0.5,0.75,0.0,0.0,0.25,0.0,0.75,0.75,0.5,0.5,0.0,0.0,0.0,0.25,0.25,0.5,0.0,4.0,0.5,4,False,False,False,False,1,0.0
official_argentina_buenos_aires,Felipe,M,,106,felipe,0.5,0.6666666666666666,0.5,0.8333333333333334,0.0,0.1666666666666666,0.0,0.1666666666666666,0.6666666666666666,0.75,0.1666666666666666,0.4166666666666667,0.3333333333333333,0.1666666666666666,0.0,0.0,0.0,0.75,0.0,6.0,0.5,6,False,False,False,False,1,0.0
official_argentina_buenos_aires,Francesca,F,,45,fɾanθeska,0.3333333333333333,0.5555555555555556,0.6666666666666666,0.7777777777777778,0.0555555555555555,0.0,0.1111111111111111,0.2222222222222222,0.5555555555555556,0.7222222222222222,0.4444444444444444,0.3888888888888889,0.1111111111111111,0.1666666666666666,0.2777777777777778,0.3333333333333333,0.0,0.6666666666666666,0.0,9.0,0.3333333333333333,9,False,False,False,False,0,0.0
official_argentina_buenos_aires,Francisco,M,,40,fɾanθisko,0.3333333333333333,0.5555555555555556,0.6666666666666666,0.7777777777777778,0.0555555555555555,0.0,0.1111111111111111,0.2222222222222222,0.5555555555555556,0.7222222222222222,0.4444444444444444,0.3888888888888889,0.1111111111111111,0.2777777777777778,0.1666666666666666,0.3333333333333333,0.1111111111111111,0.6666666666666666,0.0,9.0,0.3333333333333333,9,False,False,False,False,1,0.0
official_argentina_buenos_aires,Giovanni,M,,51,xjoβanni,0.375,0.75,0.5,0.75,0.0,0.0,0.25,0.0,0.875,0.5625,0.25,0.375,0.125,0.375,0.125,0.375,0.125,0.6875,0.0,8.0,0.375,8,False,False,False,False,1,0.0
official_argentina_buenos_aires,Helena,F,,30,elena,0.6,1.0,0.4,0.8,0.0,0.2,0.2,0.0,1.0,0.7,0.4,0.3,0.0,0.0,0.2,0.2,0.0,0.8,0.0,5.0,0.6,6,False,False,False,False,0,0.0
official_argentina_buenos_aires,Ian,M,,32,jan,0.3333333333333333,1.0,0.3333333333333333,0.6666666666666666,0.0,0.0,0.3333333333333333,0.0,1.0,0.5,0.3333333333333333,0.3333333333333333,0.0,0.3333333333333333,0.3333333333333333,0.3333333333333333,0.0,0.6666666666666666,0.0,3.0,0.3333333333333333,3,False,False,False,False,1,0.0
official_argentina_buenos_aires,Isabella,F,,70,isaβeʎa,0.5714285714285714,0.7142857142857143,0.4285714285714285,1.0,0.0714285714285714,0.1428571428571428,0.0,0.1428571428571428,0.8571428571428571,0.5714285714285714,0.2857142857142857,0.5,0.1428571428571428,0.2857142857142857,0.2857142857142857,0.2857142857142857,0.0,0.7857142857142857,0.0,7.0,0.5714285714285714,8,False,False,False,False,0,0.0
official_argentina_buenos_aires,Joaquín,M,,55,xoakin,0.5,0.6666666666666666,0.5,0.6666666666666666,0.0,0.0,0.1666666666666666,0.0,0.6666666666666666,0.4166666666666667,0.1666666666666666,0.4166666666666667,0.0,0.5,0.1666666666666666,0.6666666666666666,0.1666666666666666,0.75,0.0,6.0,0.5,7,False,False,False,False,1,0.0
official_argentina_buenos_aires,Josefina,F,,34,xosefina,0.5,0.625,0.5,0.875,0.0,0.0,0.125,0.25,0.625,0.625,0.25,0.375,0.125,0.25,0.125,0.375,0.125,0.75,0.0,8.0,0.5,8,False,False,False,False,0,0.0
official_argentina_buenos_aires,Juan,M,,41,xwan,0.25,0.75,0.5,0.75,0.0,0.0,0.25,0.0,0.75,0.375,0.25,0.375,0.25,0.5,0.25,0.75,0.25,0.625,0.0,4.0,0.25,4,False,False,False,False,1,0.0
official_argentina_buenos_aires,Juana,F,,42,xwana,0.4,0.8,0.4,0.8,0.0,0.0,0.2,0.0,0.8,0.4,0.2,0.4,0.2,0.4,0.4,0.8,0.2,0.7,0.0,5.0,0.4,5,False,False,False,False,0,0.0
official_argentina_buenos_aires,Julia,F,,35,xulja,0.4,0.8,0.4,1.0,0.0,0.2,0.0,0.0,0.8,0.4,0.2,0.4,0.2,0.6,0.2,0.6,0.2,0.7,0.0,5.0,0.4,5,False,False,False,False,0,0.0
official_argentina_buenos_aires,Julieta,F,,29,xuljeta,0.4285714285714285,0.7142857142857143,0.4285714285714285,0.8571428571428571,0.0,0.1428571428571428,0.0,0.0,0.7142857142857143,0.5,0.2857142857142857,0.3571428571428571,0.1428571428571428,0.4285714285714285,0.1428571428571428,0.4285714285714285,0.1428571428571428,0.7142857142857143,0.0,7.0,0.4285714285714285,7,False,False,False,False,0,0.0
official_argentina_buenos_aires,León,M,,40,leon,0.5,1.0,0.5,0.75,0.0,0.25,0.25,0.0,1.0,0.75,0.5,0.25,0.0,0.0,0.0,0.25,0.25,0.75,0.0,4.0,0.5,4,False,False,False,False,1,0.0
official_argentina_buenos_aires,Liam,M,,69,liam,0.5,1.0,0.5,0.75,0.0,0.25,0.25,0.0,1.0,0.75,0.25,0.375,0.25,0.25,0.25,0.25,0.0,0.75,0.0,4.0,0.5,4,False,False,False,False,1,0.0
official_argentina_buenos_aires,Lorenzo,M,,43,loɾɛnθo,0.4285714285714285,0.8571428571428571,0.5714285714285714,0.8571428571428571,0.0714285714285714,0.1428571428571428,0.1428571428571428,0.0,0.8571428571428571,0.7857142857142857,0.5714285714285714,0.3571428571428571,0.0,0.0714285714285714,0.0714285714285714,0.2857142857142857,0.2857142857142857,0.5714285714285714,0.0,7.0,0.4285714285714285,7,False,False,False,False,1,0.0
official_argentina_buenos_aires,Luca,M,,41,luka,0.5,0.75,0.5,0.75,0.0,0.25,0.0,0.0,0.75,0.5,0.25,0.375,0.25,0.5,0.25,0.75,0.25,0.75,0.0,4.0,0.5,4,False,False,False,False,1,0.0
official_argentina_buenos_aires,Luna,F,,46,luna,0.5,1.0,0.5,0.75,0.0,0.25,0.25,0.0,1.0,0.75,0.5,0.25,0.25,0.25,0.25,0.5,0.25,0.75,0.0,4.0,0.5,4,False,False,False,False,0,0.0
official_argentina_buenos_aires,Martina,F,,62,maɾtina,0.4285714285714285,0.8571428571428571,0.5714285714285714,0.5714285714285714,0.0714285714285714,0.0,0.2857142857142857,0.0,0.8571428571428571,0.7857142857142857,0.4285714285714285,0.2857142857142857,0.1428571428571428,0.2142857142857142,0.3571428571428571,0.2857142857142857,0.0,0.7142857142857143,0.0,7.0,0.4285714285714285,7,False,False,False,False,0,0.0
official_argentina_buenos_aires,Mateo,M,,117,mateo,0.6,0.8,0.4,0.6,0.0,0.0,0.2,0.0,0.8,0.7,0.2,0.4,0.2,0.0,0.2,0.4,0.2,0.8,0.0,5.0,0.6,5,False,False,False,False,1,0.0
official_argentina_buenos_aires,Mia,F,,52,mja,0.3333333333333333,1.0,0.3333333333333333,0.6666666666666666,0.0,0.0,0.3333333333333333,0.0,1.0,0.5,0.0,0.5,0.3333333333333333,0.3333333333333333,0.3333333333333333,0.3333333333333333,0.0,0.6666666666666666,0.0,3.0,0.3333333333333333,3,False,False,False,False,0,0.0
official_argentina_buenos_aires,Milo,M,,34,milo,0.5,1.0,0.5,0.75,0.0,0.25,0.25,0.0,1.0,0.75,0.25,0.375,0.25,0.25,0.0,0.25,0.25,0.75,0.0,4.0,0.5,4,False,False,False,False,1,0.0
official_argentina_buenos_aires,Noah,M,,74,noa,0.6666666666666666,1.0,0.3333333333333333,0.6666666666666666,0.0,0.0,0.3333333333333333,0.0,1.0,0.6666666666666666,0.3333333333333333,0.3333333333333333,0.0,0.0,0.3333333333333333,0.6666666666666666,0.3333333333333333,0.8333333333333334,0.0,3.0,0.6666666666666666,4,False,False,False,False,1,0.0
official_argentina_buenos_aires,Olivia,F,,135,oliβja,0.5,0.8333333333333334,0.3333333333333333,1.0,0.0,0.1666666666666666,0.0,0.0,1.0,0.5833333333333334,0.1666666666666666,0.4166666666666667,0.1666666666666666,0.3333333333333333,0.1666666666666666,0.3333333333333333,0.1666666666666666,0.75,0.0,6.0,0.5,6,False,False,False,False,0,0.0
official_argentina_buenos_aires,Renata,F,,43,renata,0.5,0.8333333333333334,0.5,0.6666666666666666,0.0833333333333333,0.0,0.1666666666666666,0.0,0.8333333333333334,0.75,0.5,0.25,0.0,0.0833333333333333,0.4166666666666667,0.3333333333333333,0.0,0.75,0.0,6.0,0.5,6,False,False,False,False,0,0.0
official_argentina_buenos_aires,Roma,F,,47,roma,0.5,1.0,0.5,0.75,0.125,0.0,0.25,0.0,1.0,0.75,0.25,0.375,0.25,0.125,0.375,0.5,0.25,0.75,0.0,4.0,0.5,4,False,False,False,False,0,0.0
official_argentina_buenos_aires,Salvador,M,,44,salβaðoɾ,0.375,0.625,0.625,1.0,0.0625,0.125,0.0,0.125,0.875,0.8125,0.5,0.375,0.125,0.0625,0.3125,0.375,0.125,0.6875,0.0,8.0,0.375,8,False,False,False,False,1,0.0
official_argentina_buenos_aires,Santiago,M,,46,santjaɣo,0.375,0.625,0.5,0.75,0.0,0.0,0.125,0.125,0.75,0.5625,0.375,0.3125,0.0,0.25,0.25,0.5,0.125,0.6875,0.0,8.0,0.375,8,False,False,False,False,1,0.0
official_argentina_buenos_aires,Santino,M,,31,santino,0.4285714285714285,0.7142857142857143,0.5714285714285714,0.5714285714285714,0.0,0.0,0.2857142857142857,0.1428571428571428,0.7142857142857143,0.7857142857142857,0.5714285714285714,0.2142857142857142,0.0,0.1428571428571428,0.1428571428571428,0.2857142857142857,0.1428571428571428,0.7142857142857143,0.0,7.0,0.4285714285714285,7,False,False,False,False,1,0.0
official_argentina_buenos_aires,Sofia,F,,40,sofja,0.4,0.6,0.4,1.0,0.0,0.0,0.0,0.4,0.6,0.6,0.2,0.4,0.2,0.2,0.2,0.4,0.2,0.7,0.0,5.0,0.4,5,False,False,False,False,0,0.0
official_argentina_buenos_aires,Sofía,F,,51,sofia,0.6,0.6,0.4,1.0,0.0,0.0,0.0,0.4,0.6,0.7,0.2,0.4,0.2,0.2,0.2,0.4,0.2,0.8,0.0,5.0,0.6,5,False,False,False,False,0,0.0
official_argentina_buenos_aires,Thiago,M,,37,tjaɣo,0.4,0.6,0.4,0.8,0.0,0.0,0.0,0.0,0.8,0.4,0.2,0.4,0.0,0.4,0.2,0.6,0.2,0.7,0.0,5.0,0.4,6,False,False,False,False,1,0.0
official_argentina_buenos_aires,Valentina,F,,83,balentina,0.4444444444444444,0.7777777777777778,0.5555555555555556,0.5555555555555556,0.0,0.1111111111111111,0.2222222222222222,0.0,0.8888888888888888,0.7777777777777778,0.4444444444444444,0.2777777777777778,0.1111111111111111,0.1111111111111111,0.2222222222222222,0.2222222222222222,0.0,0.7222222222222222,0.0,9.0,0.4444444444444444,9,False,False,False,False,0,0.0
official_argentina_buenos_aires,Valentino,M,,63,balentino,0.4444444444444444,0.7777777777777778,0.5555555555555556,0.5555555555555556,0.0,0.1111111111111111,0.2222222222222222,0.0,0.8888888888888888,0.7777777777777778,0.4444444444444444,0.2777777777777778,0.1111111111111111,0.1111111111111111,0.1111111111111111,0.2222222222222222,0.1111111111111111,0.7222222222222222,0.0,9.0,0.4444444444444444,9,False,False,False,False,1,0.0
official_argentina_buenos_aires,Vicente,M,,46,biθɛnte,0.4285714285714285,0.5714285714285714,0.5714285714285714,0.5714285714285714,0.0,0.0,0.1428571428571428,0.0,0.7142857142857143,0.7857142857142857,0.4285714285714285,0.4285714285714285,0.1428571428571428,0.1428571428571428,0.0,0.0,0.0,0.5714285714285714,0.0,7.0,0.4285714285714285,7,False,False,False,False,1,0.0
official_argentina_buenos_aires,Victoria,F,,43,biktoɾja,0.375,0.625,0.5,0.625,0.0625,0.0,0.0,0.0,0.75,0.5625,0.25,0.375,0.125,0.4375,0.1875,0.375,0.125,0.6875,0.0,8.0,0.375,8,False,False,False,False,0,0.0
official_argentina_buenos_aires,Zoe,F,,35,θoe,0.6666666666666666,0.6666666666666666,0.3333333333333333,1.0,0.0,0.0,0.0,0.0,0.6666666666666666,0.6666666666666666,0.3333333333333333,0.6666666666666666,0.0,0.0,0.0,0.3333333333333333,0.3333333333333333,0.8333333333333334,0.0,3.0,0.6666666666666666,3,False,False,False,False,0,0.0
official_argentina_buenos_aires,Ámbar,F,,32,ambaɾ,0.4,0.8,0.6,0.6,0.1,0.0,0.2,0.0,1.0,0.8,0.2,0.4,0.4,0.1,0.5,0.4,0.0,0.7,0.0,5.0,0.4,5,False,False,False,False,0,0.0
official_armenia,Անգելինա,F,,1388,anɡelina,0.5,0.875,0.5,0.625,0.0,0.125,0.25,0.0,1.0,0.625,0.375,0.3125,0.0,0.25,0.25,0.375,0.0,0.75,0.0,8.0,0.5,8,False,False,False,False,0,0.0
official_armenia,Արեգ,M,,1082,aɹeɡ,0.5,0.75,0.25,0.75,0.0,0.0,0.0,0.0,1.0,0.5,0.25,0.375,0.0,0.5,0.25,0.5,0.25,0.75,0.0,4.0,0.5,4,False,False,False,False,1,0.0
official_armenia,Արփի,F,,2203,arpʰi,0.5,0.75,0.5,0.75,0.125,0.0,0.0,0.0,0.75,0.75,0.25,0.375,0.25,0.375,0.375,0.25,0.0,0.75,0.0,4.0,0.5,4,False,False,False,False,0,0.0
official_armenia,Դանիել,M,,444,daniel,0.5,0.8333333333333334,0.5,0.6666666666666666,0.0,0.1666666666666666,0.1666666666666666,0.0,1.0,0.75,0.5,0.25,0.0,0.1666666666666666,0.1666666666666666,0.1666666666666666,0.0,0.75,0.0,6.0,0.5,6,False,False,False,False,1,0.0
official_armenia,Դավիթ,M,,5127,davitʰ,0.4,0.4,0.6,0.6,0.0,0.0,0.0,0.2,0.8,0.8,0.4,0.3,0.2,0.2,0.2,0.2,0.0,0.7,0.0,5.0,0.4,5,False,False,False,False,1,0.0
official_armenia,Եվա,F,,758,jeva,0.5,0.75,0.25,1.0,0.0,0.0,0.0,0.25,1.0,0.5,0.0,0.5,0.25,0.25,0.25,0.25,0.0,0.75,0.0,4.0,0.5,3,False,False,False,False,0,0.0
official_armenia,Էվա,F,,628,eva,0.6666666666666666,0.6666666666666666,0.3333333333333333,1.0,0.0,0.0,0.0,0.3333333333333333,1.0,0.6666666666666666,0.0,0.5,0.3333333333333333,0.0,0.3333333333333333,0.3333333333333333,0.0,0.8333333333333334,0.0,3.0,0.6666666666666666,3,False,False,False,False,0,0.0
official_armenia,Լեո,M,,444,leo,0.6666666666666666,1.0,0.3333333333333333,1.0,0.0,0.3333333333333333,0.0,0.0,1.0,0.6666666666666666,0.3333333333333333,0.3333333333333333,0.0,0.0,0.0,0.3333333333333333,0.3333333333333333,0.8333333333333334,0.0,3.0,0.6666666666666666,3,False,False,False,False,1,0.0
official_armenia,Լյուսի,F,,824,ljusi,0.4,0.8,0.4,1.0,0.0,0.2,0.0,0.2,0.8,0.6,0.4,0.3,0.2,0.6,0.0,0.2,0.2,0.7,0.0,5.0,0.4,6,False,False,False,False,0,0.0
official_armenia,Լուսե,F,,360,luse,0.5,0.75,0.5,1.0,0.0,0.25,0.0,0.25,0.75,0.75,0.5,0.25,0.25,0.25,0.0,0.25,0.25,0.75,0.0,4.0,0.5,5,False,False,False,False,0,0.0
official_armenia,Լուսի,F,,401,lusi,0.5,0.75,0.5,1.0,0.0,0.25,0.0,0.25,0.75,0.75,0.5,0.25,0.25,0.5,0.0,0.25,0.25,0.75,0.0,4.0,0.5,5,False,False,False,False,0,0.0
official_armenia,Հայկ,M,,2374,haɪk,0.5,0.75,0.5,0.75,0.0,0.0,0.0,0.0,0.5,0.25,0.0,0.5,0.0,0.5,0.25,0.75,0.0,0.5,0.0,4.0,0.5,4,False,False,False,False,1,0.0
official_armenia,Մանե,F,,1758,mane,0.5,1.0,0.5,0.5,0.0,0.0,0.5,0.0,1.0,0.75,0.25,0.375,0.25,0.0,0.25,0.25,0.0,0.75,0.0,4.0,0.5,4,False,False,False,False,0,0.0
official_armenia,Մարի,F,,1160,maɹi,0.5,1.0,0.25,0.75,0.0,0.0,0.25,0.0,1.0,0.75,0.25,0.375,0.25,0.5,0.25,0.25,0.25,0.75,0.0,4.0,0.5,4,False,False,False,False,0,0.0
official_armenia,Մարիա,F,,2292,maɹia,0.6,1.0,0.2,0.8,0.0,0.0,0.2,0.0,1.0,0.7,0.2,0.4,0.2,0.4,0.4,0.4,0.2,0.8,0.0,5.0,0.6,5,False,False,False,False,0,0.0
official_armenia,Մարիամ,F,,357,maɹiam,0.5,1.0,0.3333333333333333,0.6666666666666666,0.0,0.0,0.3333333333333333,0.0,1.0,0.75,0.1666666666666666,0.4166666666666667,0.3333333333333333,0.3333333333333333,0.3333333333333333,0.3333333333333333,0.1666666666666666,0.75,0.0,6.0,0.5,6,False,False,False,False,0,0.0
official_armenia,Մարկ,M,,2162,mark,0.25,0.75,0.75,0.5,0.125,0.0,0.25,0.0,0.75,0.625,0.25,0.375,0.25,0.375,0.375,0.5,0.0,0.625,0.0,4.0,0.25,4,False,False,False,False,1,0.0
official_armenia,Միքայել,M,,960,mikʰaɪel,0.5714285714285714,0.8571428571428571,0.4285714285714285,0.7142857142857143,0.0,0.1428571428571428,0.1428571428571428,0.0,0.8571428571428571,0.5714285714285714,0.1428571428571428,0.4285714285714285,0.1428571428571428,0.4285714285714285,0.1428571428571428,0.2857142857142857,0.0,0.6428571428571429,0.0,7.0,0.5714285714285714,7,False,False,False,False,1,0.0
official_armenia,Մոնթե,M,,2305,montʰe,0.4,0.8,0.6,0.4,0.0,0.0,0.4,0.0,0.8,0.8,0.4,0.3,0.2,0.0,0.0,0.2,0.2,0.7,0.0,5.0,0.4,5,False,False,False,False,1,0.0
official_armenia,Նարե,F,,2952,naɹe,0.5,1.0,0.25,0.75,0.0,0.0,0.25,0.0,1.0,0.75,0.5,0.25,0.0,0.25,0.25,0.25,0.25,0.75,0.0,4.0,0.5,4,False,False,False,False,0,0.0
official_armenia,Նարեկ,M,,3636,naɹek,0.4,0.8,0.4,0.6,0.0,0.0,0.2,0.0,0.8,0.6,0.4,0.3,0.0,0.4,0.2,0.4,0.2,0.7,0.0,5.0,0.4,5,False,False,False,False,1,0.0
official_armenia,Ռոբերտ,M,,486,robert,0.3333333333333333,0.6666666666666666,0.6666666666666666,0.6666666666666666,0.1666666666666666,0.0,0.0,0.0,0.8333333333333334,0.8333333333333334,0.5,0.25,0.1666666666666666,0.1666666666666666,0.1666666666666666,0.1666666666666666,0.1666666666666666,0.6666666666666666,0.0,6.0,0.3333333333333333,6,False,False,False,False,1,0.0
official_armenia,Տիգրան,M,,1687,tiɡɹan,0.3333333333333333,0.6666666666666666,0.5,0.5,0.0,0.0,0.1666666666666666,0.0,0.8333333333333334,0.6666666666666666,0.5,0.25,0.0,0.5,0.1666666666666666,0.3333333333333333,0.1666666666666666,0.6666666666666666,0.0,6.0,0.3333333333333333,6,False,False,False,False,1,0.0
official_australia,Alexander,M,,160,alɪɡzandə,0.4444444444444444,0.6666666666666666,0.5555555555555556,0.6666666666666666,0.0,0.1111111111111111,0.1111111111111111,0.1111111111111111,1.0,0.6666666666666666,0.4444444444444444,0.2777777777777778,0.0,0.2222222222222222,0.2222222222222222,0.4444444444444444,0.0,0.5,0.0,9.0,0.4444444444444444,9,False,False,False,False,1,0.0
official_australia,Amelia,F,,276,ɐmiːliə,0.6666666666666666,1.0,0.3333333333333333,0.8333333333333334,0.0,0.1666666666666666,0.1666666666666666,0.0,1.0,0.6666666666666666,0.1666666666666666,0.4166666666666667,0.1666666666666666,0.3333333333333333,0.0,0.1666666666666666,0.0,0.6666666666666666,0.1666666666666666,6.0,0.6666666666666666,6,False,False,False,False,0,0.0
official_australia,Archer,M,,204,ɑːtʃə,0.5,0.5,0.5,0.75,0.125,0.0,0.0,0.25,0.5,0.5,0.5,0.5,0.0,0.0,0.25,0.5,0.0,0.5,0.25,4.0,0.5,6,False,False,False,False,1,0.0
official_australia,Archie,M,,248,ɑːtʃi,0.5,0.5,0.5,0.75,0.125,0.0,0.0,0.25,0.5,0.5,0.5,0.5,0.0,0.25,0.25,0.25,0.0,0.75,0.25,4.0,0.5,6,False,False,False,False,1,0.0
official_australia,Arlo,M,,162,ɑːləʊ,0.75,1.0,0.25,1.0,0.125,0.25,0.0,0.0,1.0,0.625,0.25,0.375,0.0,0.25,0.25,0.75,0.25,0.375,0.25,4.0,0.75,4,False,False,False,False,1,0.0
official_australia,Arthur,M,,160,ɑːθə,0.6666666666666666,0.6666666666666666,0.3333333333333333,1.0,0.1666666666666666,0.0,0.0,0.0,0.6666666666666666,0.6666666666666666,0.3333333333333333,0.6666666666666666,0.0,0.0,0.3333333333333333,0.6666666666666666,0.0,0.5,0.3333333333333333,3.0,0.6666666666666666,6,False,False,False,False,1,0.0
official_australia,Ava,F,,256,ɑːvə,0.6666666666666666,0.6666666666666666,0.3333333333333333,1.0,0.1666666666666666,0.0,0.0,0.3333333333333333,1.0,0.6666666666666666,0.0,0.5,0.3333333333333333,0.0,0.3333333333333333,0.6666666666666666,0.0,0.5,0.3333333333333333,3.0,0.6666666666666666,3,False,False,False,False,0,0.0
official_australia,Charlie,M,,303,tʃɑːli,0.4,0.6,0.6,0.8,0.1,0.2,0.0,0.2,0.6,0.6,0.6,0.4,0.0,0.2,0.2,0.2,0.0,0.7,0.2,5.0,0.4,7,False,False,False,False,1,0.0
official_australia,Charlotte,F,,338,ʃɑːlət,0.4,0.6,0.6,0.8,0.1,0.2,0.0,0.2,0.6,0.6,0.6,0.4,0.0,0.0,0.2,0.4,0.0,0.5,0.2,5.0,0.4,9,False,False,False,False,0,0.0
official_australia,Chloe,F,,170,kləʊi,0.6,0.8,0.4,0.8,0.0,0.2,0.0,0.0,0.8,0.5,0.2,0.4,0.0,0.6,0.0,0.6,0.2,0.4,0.0,5.0,0.6,5,False,False,False,False,0,0.0
official_australia,Daisy,F,,157,deɪzi,0.6,0.6,0.4,0.8,0.0,0.0,0.0,0.2,1.0,0.7,0.4,0.3,0.0,0.4,0.0,0.0,0.0,0.6,0.0,5.0,0.6,5,False,False,False,False,0,0.0
official_australia,Elijah,M,,210,ɪlaɪdʒə,0.5714285714285714,0.7142857142857143,0.4285714285714285,0.8571428571428571,0.0,0.1428571428571428,0.0,0.1428571428571428,1.0,0.5714285714285714,0.4285714285714285,0.4285714285714285,0.0,0.2857142857142857,0.1428571428571428,0.2857142857142857,0.0,0.3571428571428571,0.0,7.0,0.5714285714285714,6,False,False,False,False,1,0.0
official_australia,Ella,F,,221,ɛlə,0.6666666666666666,1.0,0.3333333333333333,1.0,0.0,0.3333333333333333,0.0,0.0,1.0,0.6666666666666666,0.3333333333333333,0.3333333333333333,0.0,0.0,0.0,0.3333333333333333,0.0,0.1666666666666666,0.0,3.0,0.6666666666666666,4,False,False,False,False,0,0.0
official_australia,Ellie,F,,132,ɛli,0.6666666666666666,1.0,0.3333333333333333,1.0,0.0,0.3333333333333333,0.0,0.0,1.0,0.6666666666666666,0.3333333333333333,0.3333333333333333,0.0,0.3333333333333333,0.0,0.0,0.0,0.5,0.0,3.0,0.6666666666666666,5,False,False,False,False,0,0.0
official_australia,Elsie,F,,147,ɛlsi,0.5,0.75,0.5,1.0,0.0,0.25,0.0,0.25,0.75,0.75,0.5,0.25,0.0,0.25,0.0,0.0,0.0,0.5,0.0,4.0,0.5,5,False,False,False,False,0,0.0
official_australia,Evelyn,F,,144,iːvlɪn,0.4,0.8,0.6,0.8,0.0,0.2,0.2,0.2,1.0,0.8,0.4,0.3,0.2,0.4,0.0,0.0,0.0,0.5,0.2,5.0,0.4,6,False,False,False,False,0,0.0
official_australia,Evie,F,,168,ɛvi,0.6666666666666666,0.6666666666666666,0.3333333333333333,1.0,0.0,0.0,0.0,0.3333333333333333,1.0,0.6666666666666666,0.0,0.5,0.3333333333333333,0.3333333333333333,0.0,0.0,0.0,0.5,0.0,3.0,0.6666666666666666,4,False,False,False,False,0,0.0
official_australia,Florence,F,,132,flɒɹəns,0.2857142857142857,0.7142857142857143,0.5714285714285714,0.8571428571428571,0.0,0.1428571428571428,0.1428571428571428,0.2857142857142857,0.7142857142857143,0.8571428571428571,0.5714285714285714,0.2142857142857142,0.1428571428571428,0.1428571428571428,0.1428571428571428,0.2857142857142857,0.2857142857142857,0.5,0.0,7.0,0.2857142857142857,8,False,False,False,False,0,0.0
official_australia,George,M,,163,dʒɔːdʒ,0.2,0.2,0.8,0.6,0.0,0.0,0.0,0.4,1.0,0.5,0.8,0.5,0.0,0.0,0.0,0.2,0.2,0.4,0.2,5.0,0.2,6,False,False,False,False,1,0.0
official_australia,Grace,F,,252,ɡɹeɪs,0.4,0.6,0.4,0.8,0.0,0.0,0.0,0.2,0.8,0.6,0.4,0.3,0.0,0.6,0.0,0.2,0.2,0.5,0.0,5.0,0.4,5,False,False,False,False,0,0.0
official_australia,Harper,F,,242,hɑːpə,0.5,0.75,0.5,0.75,0.125,0.0,0.0,0.0,0.5,0.5,0.0,0.5,0.25,0.0,0.25,0.75,0.0,0.5,0.25,4.0,0.5,6,False,False,False,False,0,0.0
official_australia,Harrison,M,,207,haɹɪsən,0.4285714285714285,0.8571428571428571,0.4285714285714285,0.8571428571428571,0.0,0.0,0.1428571428571428,0.1428571428571428,0.7142857142857143,0.6428571428571429,0.4285714285714285,0.2857142857142857,0.0,0.2857142857142857,0.1428571428571428,0.4285714285714285,0.1428571428571428,0.4285714285714285,0.0,7.0,0.4285714285714285,8,False,False,False,False,1,0.0
official_australia,Harry,M,,202,haɹi,0.5,1.0,0.25,1.0,0.0,0.0,0.0,0.0,0.75,0.5,0.25,0.375,0.0,0.5,0.25,0.5,0.25,0.75,0.0,4.0,0.5,5,False,False,False,False,1,0.0
official_australia,Harvey,M,,198,hɑːvi,0.5,0.75,0.5,1.0,0.125,0.0,0.0,0.25,0.75,0.5,0.0,0.5,0.25,0.25,0.25,0.5,0.0,0.75,0.25,4.0,0.5,6,False,False,False,False,1,0.0
official_australia,Hazel,F,,172,heɪzəl,0.5,0.8333333333333334,0.5,1.0,0.0,0.1666666666666666,0.0,0.1666666666666666,0.8333333333333334,0.5833333333333334,0.3333333333333333,0.3333333333333333,0.0,0.1666666666666666,0.0,0.3333333333333333,0.0,0.4166666666666667,0.0,6.0,0.5,5,False,False,False,False,0,0.0
official_australia,Henry,M,,363,hɛnɹi,0.4,1.0,0.4,0.8,0.0,0.0,0.2,0.0,0.8,0.6,0.4,0.3,0.0,0.4,0.0,0.2,0.2,0.5,0.0,5.0,0.4,5,False,False,False,False,1,0.0
official_australia,Hudson,M,,232,hʌdsən,0.3333333333333333,0.6666666666666666,0.6666666666666666,0.6666666666666666,0.0,0.0,0.1666666666666666,0.1666666666666666,0.6666666666666666,0.6666666666666666,0.5,0.25,0.0,0.0,0.0,0.5,0.0,0.5,0.0,6.0,0.3333333333333333,6,False,False,False,False,1,0.0
official_australia,Hugo,M,,200,hjuːɡəʊ,0.5,0.8333333333333334,0.3333333333333333,0.8333333333333334,0.0,0.0,0.0,0.0,0.8333333333333334,0.25,0.0,0.5,0.1666666666666666,0.6666666666666666,0.0,0.8333333333333334,0.3333333333333333,0.4166666666666667,0.1666666666666666,6.0,0.5,4,False,False,False,False,1,0.0
official_australia,Hunter,M,,166,hʌntə,0.4,0.8,0.6,0.6,0.0,0.0,0.2,0.0,0.6,0.6,0.4,0.3,0.0,0.0,0.0,0.6,0.0,0.5,0.0,5.0,0.4,6,False,False,False,False,1,0.0
official_australia,Isabella,F,,141,ɪseɪbɛlə,0.625,0.75,0.375,0.875,0.0,0.125,0.0,0.125,0.875,0.6875,0.25,0.375,0.125,0.25,0.0,0.125,0.0,0.3125,0.0,8.0,0.625,8,False,False,False,False,0,0.0
official_australia,Isla,F,,325,aɪlə,0.75,1.0,0.25,1.0,0.0,0.25,0.0,0.0,1.0,0.625,0.25,0.375,0.0,0.25,0.25,0.5,0.0,0.375,0.0,4.0,0.75,4,False,False,False,False,0,0.0
official_australia,Ivy,F,,210,aɪvi,0.75,0.75,0.25,1.0,0.0,0.0,0.0,0.25,1.0,0.625,0.0,0.5,0.25,0.5,0.25,0.25,0.0,0.625,0.0,4.0,0.75,3,False,False,False,False,0,0.0
official_australia,Jack,M,,252,dʒak,0.25,0.25,0.75,0.5,0.0,0.0,0.0,0.25,0.75,0.375,0.5,0.5,0.0,0.25,0.25,0.5,0.0,0.625,0.0,4.0,0.25,4,False,False,False,False,1,0.0
official_australia,James,M,,211,dʒeɪmz,0.3333333333333333,0.5,0.6666666666666666,0.6666666666666666,0.0,0.0,0.1666666666666666,0.3333333333333333,1.0,0.6666666666666666,0.5,0.4166666666666667,0.1666666666666666,0.1666666666666666,0.0,0.0,0.0,0.5,0.0,6.0,0.3333333333333333,5,False,False,False,False,1,0.0
official_australia,Leo,M,,312,liːəʊ,0.75,1.0,0.25,1.0,0.0,0.25,0.0,0.0,1.0,0.625,0.25,0.375,0.0,0.5,0.0,0.5,0.25,0.375,0.25,4.0,0.75,3,False,False,False,False,1,0.0
official_australia,Levi,M,,225,lɛvi,0.5,0.75,0.5,1.0,0.0,0.25,0.0,0.25,1.0,0.75,0.25,0.375,0.25,0.25,0.0,0.0,0.0,0.5,0.0,4.0,0.5,4,False,False,False,False,1,0.0
official_australia,Liam,M,,164,liːəm,0.5,1.0,0.5,0.75,0.0,0.25,0.25,0.0,1.0,0.75,0.25,0.375,0.25,0.25,0.0,0.25,0.0,0.5,0.25,4.0,0.5,4,False,False,False,False,1,0.0
official_australia,Lily,F,,207,lɪli,0.5,1.0,0.5,1.0,0.0,0.5,0.0,0.0,1.0,0.75,0.5,0.25,0.0,0.5,0.0,0.0,0.0,0.5,0.0,4.0,0.5,4,False,False,False,False,0,0.0
official_australia,Luca,M,,214,luːkə,0.5,0.75,0.5,0.75,0.0,0.25,0.0,0.0,0.75,0.5,0.25,0.375,0.25,0.5,0.0,0.75,0.25,0.5,0.25,4.0,0.5,4,False,False,False,False,1,0.0
official_australia,Lucas,M,,222,luːkəz,0.4,0.6,0.6,0.8,0.0,0.2,0.0,0.2,0.8,0.6,0.4,0.3,0.2,0.4,0.0,0.6,0.2,0.5,0.2,5.0,0.4,5,False,False,False,False,1,0.0
official_australia,Lucy,F,,151,luːsi,0.5,0.75,0.5,1.0,0.0,0.25,0.0,0.25,0.75,0.75,0.5,0.25,0.25,0.5,0.0,0.25,0.25,0.75,0.25,4.0,0.5,4,False,False,False,False,0,0.0
official_australia,Matilda,F,,206,mɐtɪldə,0.4285714285714285,0.7142857142857143,0.5714285714285714,0.5714285714285714,0.0,0.1428571428571428,0.1428571428571428,0.0,0.8571428571428571,0.7857142857142857,0.4285714285714285,0.2857142857142857,0.1428571428571428,0.1428571428571428,0.0,0.1428571428571428,0.0,0.4285714285714285,0.0,7.0,0.4285714285714285,7,False,False,False,False,0,0.0
official_australia,Max,M,,171,maks,0.25,0.5,0.75,0.5,0.0,0.0,0.25,0.25,0.5,0.625,0.25,0.375,0.25,0.25,0.25,0.5,0.0,0.625,0.0,4.0,0.25,3,False,False,False,False,1,0.0
official_australia,Mia,F,,213,miə,0.6666666666666666,1.0,0.3333333333333333,0.6666666666666666,0.0,0.0,0.3333333333333333,0.0,1.0,0.6666666666666666,0.0,0.5,0.3333333333333333,0.3333333333333333,0.0,0.3333333333333333,0.0,0.5,0.0,3.0,0.6666666666666666,3,False,False,False,False,0,0.0
official_australia,Mila,F,,135,miːlə,0.5,1.0,0.5,0.75,0.0,0.25,0.25,0.0,1.0,0.75,0.25,0.375,0.25,0.25,0.0,0.25,0.0,0.5,0.25,4.0,0.5,4,False,False,False,False,0,0.0
official_australia,Noah,M,,381,nəʊʌ,0.75,1.0,0.25,0.75,0.0,0.0,0.25,0.0,1.0,0.625,0.25,0.375,0.0,0.25,0.0,0.75,0.25,0.375,0.0,4.0,0.75,4,False,False,False,False,1,0.0
official_australia,Oliver,M,,523,ɒlɪvə,0.6,0.8,0.4,1.0,0.0,0.2,0.0,0.2,1.0,0.7,0.2,0.4,0.2,0.2,0.2,0.4,0.2,0.4,0.0,5.0,0.6,6,False,False,False,False,1,0.0
official_australia,Olivia,F,,285,ɒlɪviə,0.6666666666666666,0.8333333333333334,0.3333333333333333,1.0,0.0,0.1666666666666666,0.0,0.1666666666666666,1.0,0.6666666666666666,0.1666666666666666,0.4166666666666667,0.1666666666666666,0.3333333333333333,0.1666666666666666,0.3333333333333333,0.1666666666666666,0.5,0.0,6.0,0.6666666666666666,6,False,False,False,False,0,0.0
official_australia,Oscar,M,,207,ɒskə,0.5,0.5,0.5,0.75,0.0,0.0,0.0,0.25,0.5,0.5,0.25,0.375,0.0,0.25,0.25,0.75,0.25,0.5,0.0,4.0,0.5,5,False,False,False,False,1,0.0
official_australia,Ruby,F,,170,ɹuːbi,0.5,0.75,0.25,0.75,0.0,0.0,0.0,0.0,1.0,0.75,0.25,0.375,0.5,0.75,0.0,0.25,0.5,0.75,0.25,4.0,0.5,4,False,False,False,False,0,0.0
official_australia,Sebastian,M,,173,səbastʃən,0.3333333333333333,0.4444444444444444,0.6666666666666666,0.6666666666666666,0.0,0.0,0.1111111111111111,0.3333333333333333,0.5555555555555556,0.7222222222222222,0.5555555555555556,0.3333333333333333,0.1111111111111111,0.0,0.1111111111111111,0.3333333333333333,0.0,0.4444444444444444,0.0,9.0,0.3333333333333333,9,False,False,False,False,1,0.0
official_australia,Sienna,F,,149,siːɛnə,0.6,0.8,0.4,0.8,0.0,0.0,0.2,0.2,0.8,0.7,0.4,0.3,0.0,0.2,0.0,0.2,0.0,0.4,0.2,5.0,0.6,6,False,False,False,False,0,0.0
official_australia,Sophia,F,,149,səʊfiə,0.6666666666666666,0.6666666666666666,0.3333333333333333,1.0,0.0,0.0,0.0,0.3333333333333333,0.6666666666666666,0.6666666666666666,0.1666666666666666,0.4166666666666667,0.1666666666666666,0.3333333333333333,0.0,0.5,0.1666666666666666,0.3333333333333333,0.0,6.0,0.6666666666666666,6,False,False,False,False,0,0.0
official_australia,Sophie,F,,168,səʊfi,0.6,0.6,0.4,1.0,0.0,0.0,0.0,0.4,0.6,0.7,0.2,0.4,0.2,0.4,0.0,0.4,0.2,0.4,0.0,5.0,0.6,6,False,False,False,False,0,0.0
official_australia,Theodore,M,,199,θiːədɔː,0.6,0.6,0.4,0.8,0.0,0.0,0.0,0.0,0.8,0.7,0.4,0.5,0.0,0.2,0.0,0.4,0.2,0.4,0.4,5.0,0.6,8,False,False,False,False,1,0.0
official_australia,Thomas,M,,233,tɒməs,0.4,0.6,0.6,0.6,0.0,0.0,0.2,0.2,0.6,0.8,0.4,0.3,0.2,0.0,0.2,0.4,0.2,0.5,0.0,5.0,0.4,6,False,False,False,False,1,0.0
official_australia,Violet,F,,137,vaɪəlɪt,0.5714285714285714,0.7142857142857143,0.4285714285714285,0.8571428571428571,0.0,0.1428571428571428,0.0,0.1428571428571428,0.8571428571428571,0.7142857142857143,0.2857142857142857,0.3571428571428571,0.1428571428571428,0.2857142857142857,0.1428571428571428,0.2857142857142857,0.0,0.3571428571428571,0.0,7.0,0.5714285714285714,6,False,False,False,False,0,0.0
official_australia,William,M,,284,wɪliəm,0.5,1.0,0.3333333333333333,0.8333333333333334,0.0,0.1666666666666666,0.1666666666666666,0.0,1.0,0.5833333333333334,0.1666666666666666,0.4166666666666667,0.3333333333333333,0.5,0.0,0.3333333333333333,0.1666666666666666,0.4166666666666667,0.0,6.0,0.5,7,False,False,False,False,1,0.0
official_australia,Willow,F,,229,wɪləʊ,0.6,1.0,0.2,1.0,0.0,0.2,0.0,0.0,1.0,0.5,0.2,0.4,0.2,0.6,0.0,0.6,0.4,0.2,0.0,5.0,0.6,6,False,False,False,False,0,0.0
official_australia,Zoe,F,,155,zəʊi,0.75,0.75,0.25,1.0,0.0,0.0,0.0,0.25,1.0,0.625,0.25,0.375,0.0,0.5,0.0,0.5,0.25,0.375,0.0,4.0,0.75,3,False,False,False,False,0,0.0
official_australia_new_south_wales,Christine,F,,2625,kɹɪstiːn,0.2857142857142857,0.5714285714285714,0.5714285714285714,0.5714285714285714,0.0,0.0,0.1428571428571428,0.1428571428571428,0.5714285714285714,0.7142857142857143,0.5714285714285714,0.2142857142857142,0.0,0.5714285714285714,0.0,0.1428571428571428,0.1428571428571428,0.5,0.1428571428571428,7.0,0.2857142857142857,9,False,False,False,False,0,0.0
official_australia_new_south_wales,David,M,,24477,deɪvɪd,0.5,0.5,0.5,0.6666666666666666,0.0,0.0,0.0,0.1666666666666666,1.0,0.75,0.3333333333333333,0.3333333333333333,0.1666666666666666,0.3333333333333333,0.0,0.0,0.0,0.4166666666666667,0.0,6.0,0.5,5,False,False,False,False,1,0.0
official_australia_new_south_wales,Jason,M,,4451,dʒeɪsən,0.4285714285714285,0.5714285714285714,0.5714285714285714,0.7142857142857143,0.0,0.0,0.1428571428571428,0.2857142857142857,0.8571428571428571,0.6428571428571429,0.5714285714285714,0.3571428571428571,0.0,0.1428571428571428,0.0,0.1428571428571428,0.0,0.4285714285714285,0.0,7.0,0.4285714285714285,5,False,False,False,False,1,0.0
official_australia_new_south_wales,Jennifer,F,,7577,dʒɛnɪfə,0.4285714285714285,0.5714285714285714,0.5714285714285714,0.7142857142857143,0.0,0.0,0.1428571428571428,0.2857142857142857,0.8571428571428571,0.6428571428571429,0.4285714285714285,0.4285714285714285,0.1428571428571428,0.1428571428571428,0.0,0.1428571428571428,0.0,0.2857142857142857,0.0,7.0,0.4285714285714285,8,False,False,False,False,0,0.0
official_australia_new_south_wales,Jessica,F,,15353,dʒɛsɪkə,0.4285714285714285,0.4285714285714285,0.5714285714285714,0.7142857142857143,0.0,0.0,0.0,0.2857142857142857,0.7142857142857143,0.5,0.4285714285714285,0.4285714285714285,0.0,0.2857142857142857,0.0,0.2857142857142857,0.0,0.2857142857142857,0.0,7.0,0.4285714285714285,7,False,False,False,False,0,0.0
official_australia_new_south_wales,John,M,,6346,dʒɒn,0.25,0.5,0.75,0.5,0.0,0.0,0.25,0.25,1.0,0.625,0.75,0.375,0.0,0.0,0.25,0.25,0.25,0.625,0.0,4.0,0.25,4,False,False,False,False,1,0.0
official_australia_new_south_wales,Mark,M,,5866,mɑːk,0.3333333333333333,0.6666666666666666,0.6666666666666666,0.3333333333333333,0.1666666666666666,0.0,0.3333333333333333,0.0,0.6666666666666666,0.5,0.0,0.5,0.3333333333333333,0.3333333333333333,0.3333333333333333,0.6666666666666666,0.0,0.6666666666666666,0.3333333333333333,3.0,0.3333333333333333,4,False,False,False,False,1,0.0
official_australia_new_south_wales,Michael,M,,1918,maɪkəl,0.5,0.8333333333333334,0.5,0.6666666666666666,0.0,0.1666666666666666,0.1666666666666666,0.0,0.8333333333333334,0.5833333333333334,0.1666666666666666,0.4166666666666667,0.1666666666666666,0.3333333333333333,0.1666666666666666,0.5,0.0,0.4166666666666667,0.0,6.0,0.5,7,False,False,False,False,1,0.0
official_australia_new_south_wales,Michelle,F,,4859,mɪʃɛl,0.4,0.8,0.6,0.8,0.0,0.2,0.2,0.2,0.8,0.6,0.4,0.5,0.2,0.2,0.0,0.0,0.0,0.3,0.0,5.0,0.4,8,False,False,False,False,0,0.0
official_australia_new_south_wales,Peter,M,,23144,piːtə,0.5,0.5,0.5,0.5,0.0,0.0,0.0,0.0,0.5,0.75,0.25,0.375,0.25,0.25,0.0,0.25,0.0,0.5,0.25,4.0,0.5,5,False,False,False,False,1,0.0
official_australia_new_south_wales,Sarah,F,,2353,seəɹə,0.6,0.8,0.2,1.0,0.0,0.0,0.0,0.2,0.8,0.7,0.4,0.3,0.0,0.2,0.0,0.4,0.2,0.4,0.0,5.0,0.6,5,False,False,False,False,0,0.0
official_australia_new_south_wales,Susan,F,,6001,suːzən,0.4,0.6,0.6,0.8,0.0,0.0,0.2,0.4,0.8,0.8,0.6,0.2,0.2,0.2,0.0,0.4,0.2,0.5,0.2,5.0,0.4,5,False,False,False,False,0,0.0
official_australia_queensland,Amanda,F,,479,ɐmandə,0.5,0.8333333333333334,0.5,0.5,0.0,0.0,0.3333333333333333,0.0,1.0,0.75,0.3333333333333333,0.3333333333333333,0.1666666666666666,0.0,0.1666666666666666,0.3333333333333333,0.0,0.5833333333333334,0.0,6.0,0.5,6,False,False,False,False,0,0.0
official_australia_queensland,David,M,,7333,deɪvɪd,0.5,0.5,0.5,0.6666666666666666,0.0,0.0,0.0,0.1666666666666666,1.0,0.75,0.3333333333333333,0.3333333333333333,0.1666666666666666,0.3333333333333333,0.0,0.0,0.0,0.4166666666666667,0.0,6.0,0.5,5,False,False,False,False,1,0.0
official_australia_queensland,Ella,F,,530,ɛlə,0.6666666666666666,1.0,0.3333333333333333,1.0,0.0,0.3333333333333333,0.0,0.0,1.0,0.6666666666666666,0.3333333333333333,0.3333333333333333,0.0,0.0,0.0,0.3333333333333333,0.0,0.1666666666666666,0.0,3.0,0.6666666666666666,4,False,False,False,False,0,0.0
official_australia_queensland,Jason,M,,3636,dʒeɪsən,0.4285714285714285,0.5714285714285714,0.5714285714285714,0.7142857142857143,0.0,0.0,0.1428571428571428,0.2857142857142857,0.8571428571428571,0.6428571428571429,0.5714285714285714,0.3571428571428571,0.0,0.1428571428571428,0.0,0.1428571428571428,0.0,0.4285714285714285,0.0,7.0,0.4285714285714285,5,False,False,False,False,1,0.0
official_australia_queensland,Jessica,F,,7612,dʒɛsɪkə,0.4285714285714285,0.4285714285714285,0.5714285714285714,0.7142857142857143,0.0,0.0,0.0,0.2857142857142857,0.7142857142857143,0.5,0.4285714285714285,0.4285714285714285,0.0,0.2857142857142857,0.0,0.2857142857142857,0.0,0.2857142857142857,0.0,7.0,0.4285714285714285,7,False,False,False,False,0,0.0
official_australia_queensland,Karen,F,,4167,kaɹən,0.4,0.8,0.4,0.6,0.0,0.0,0.2,0.0,0.8,0.6,0.4,0.3,0.0,0.4,0.2,0.6,0.2,0.5,0.0,5.0,0.4,5,False,False,False,False,0,0.0
official_australia_queensland,Matthew,M,,5678,maθjuː,0.4,0.8,0.4,0.8,0.0,0.0,0.2,0.0,0.8,0.6,0.2,0.6,0.4,0.4,0.2,0.4,0.2,0.7,0.2,5.0,0.4,7,False,False,False,False,1,0.0
official_australia_queensland,Michael,M,,3781,maɪkəl,0.5,0.8333333333333334,0.5,0.6666666666666666,0.0,0.1666666666666666,0.1666666666666666,0.0,0.8333333333333334,0.5833333333333334,0.1666666666666666,0.4166666666666667,0.1666666666666666,0.3333333333333333,0.1666666666666666,0.5,0.0,0.4166666666666667,0.0,6.0,0.5,7,False,False,False,False,1,0.0
official_australia_queensland,Michelle,F,,486,mɪʃɛl,0.4,0.8,0.6,0.8,0.0,0.2,0.2,0.2,0.8,0.6,0.4,0.5,0.2,0.2,0.0,0.0,0.0,0.3,0.0,5.0,0.4,8,False,False,False,False,0,0.0
official_australia_queensland,Peter,M,,4162,piːtə,0.5,0.5,0.5,0.5,0.0,0.0,0.0,0.0,0.5,0.75,0.25,0.375,0.25,0.25,0.0,0.25,0.0,0.5,0.25,4.0,0.5,5,False,False,False,False,1,0.0
official_australia_queensland,Rebecca,F,,2012,ɹɪbɛkə,0.5,0.6666666666666666,0.3333333333333333,0.6666666666666666,0.0,0.0,0.0,0.0,0.8333333333333334,0.5833333333333334,0.1666666666666666,0.4166666666666667,0.1666666666666666,0.5,0.0,0.3333333333333333,0.1666666666666666,0.25,0.0,6.0,0.5,7,False,False,False,False,0,0.0
official_australia_queensland,Sarah,F,,1490,seəɹə,0.6,0.8,0.2,1.0,0.0,0.0,0.0,0.2,0.8,0.7,0.4,0.3,0.0,0.2,0.0,0.4,0.2,0.4,0.0,5.0,0.6,5,False,False,False,False,0,0.0
official_australia_south_australia,Christine,F,,1793,kɹɪstiːn,0.2857142857142857,0.5714285714285714,0.5714285714285714,0.5714285714285714,0.0,0.0,0.1428571428571428,0.1428571428571428,0.5714285714285714,0.7142857142857143,0.5714285714285714,0.2142857142857142,0.0,0.5714285714285714,0.0,0.1428571428571428,0.1428571428571428,0.5,0.1428571428571428,7.0,0.2857142857142857,9,False,False,False,False,0,0.0
official_australia_south_australia,David,M,,7712,deɪvɪd,0.5,0.5,0.5,0.6666666666666666,0.0,0.0,0.0,0.1666666666666666,1.0,0.75,0.3333333333333333,0.3333333333333333,0.1666666666666666,0.3333333333333333,0.0,0.0,0.0,0.4166666666666667,0.0,6.0,0.5,5,False,False,False,False,1,0.0
official_australia_south_australia,Debra,F,,311,dɛbɹə,0.4,0.6,0.4,0.6,0.0,0.0,0.0,0.0,1.0,0.8,0.4,0.3,0.2,0.2,0.0,0.2,0.2,0.3,0.0,5.0,0.4,5,False,False,False,False,0,0.0
official_australia_south_australia,Jessica,F,,2358,dʒɛsɪkə,0.4285714285714285,0.4285714285714285,0.5714285714285714,0.7142857142857143,0.0,0.0,0.0,0.2857142857142857,0.7142857142857143,0.5,0.4285714285714285,0.4285714285714285,0.0,0.2857142857142857,0.0,0.2857142857142857,0.0,0.2857142857142857,0.0,7.0,0.4285714285714285,7,False,False,False,False,0,0.0
official_australia_south_australia,John,M,,2305,dʒɒn,0.25,0.5,0.75,0.5,0.0,0.0,0.25,0.25,1.0,0.625,0.75,0.375,0.0,0.0,0.25,0.25,0.25,0.625,0.0,4.0,0.25,4,False,False,False,False,1,0.0
official_australia_south_australia,Margaret,F,,1340,mɑːɡɹət,0.3333333333333333,0.6666666666666666,0.5,0.5,0.0833333333333333,0.0,0.1666666666666666,0.0,0.8333333333333334,0.6666666666666666,0.3333333333333333,0.3333333333333333,0.1666666666666666,0.3333333333333333,0.1666666666666666,0.5,0.1666666666666666,0.5,0.1666666666666666,6.0,0.3333333333333333,8,False,False,False,False,0,0.0
official_australia_south_australia,Michelle,F,,1021,mɪʃɛl,0.4,0.8,0.6,0.8,0.0,0.2,0.2,0.2,0.8,0.6,0.4,0.5,0.2,0.2,0.0,0.0,0.0,0.3,0.0,5.0,0.4,8,False,False,False,False,0,0.0
official_australia_south_australia,Peter,M,,6629,piːtə,0.5,0.5,0.5,0.5,0.0,0.0,0.0,0.0,0.5,0.75,0.25,0.375,0.25,0.25,0.0,0.25,0.0,0.5,0.25,4.0,0.5,5,False,False,False,False,1,0.0
official_australia_south_australia,Robert,M,,1086,ɹɒbət,0.4,0.6,0.4,0.6,0.0,0.0,0.0,0.0,0.8,0.8,0.4,0.3,0.2,0.2,0.2,0.4,0.4,0.5,0.0,5.0,0.4,6,False,False,False,False,1,0.0
official_australia_south_australia,Sarah,F,,309,seəɹə,0.6,0.8,0.2,1.0,0.0,0.0,0.0,0.2,0.8,0.7,0.4,0.3,0.0,0.2,0.0,0.4,0.2,0.4,0.0,5.0,0.6,5,False,False,False,False,0,0.0
official_australia_south_australia,Susan,F,,2882,suːzən,0.4,0.6,0.6,0.8,0.0,0.0,0.2,0.4,0.8,0.8,0.6,0.2,0.2,0.2,0.0,0.4,0.2,0.5,0.2,5.0,0.4,5,False,False,False,False,0,0.0
official_australia_victoria,Amelia,F,,2263,ɐmiːliə,0.6666666666666666,1.0,0.3333333333333333,0.8333333333333334,0.0,0.1666666666666666,0.1666666666666666,0.0,1.0,0.6666666666666666,0.1666666666666666,0.4166666666666667,0.1666666666666666,0.3333333333333333,0.0,0.1666666666666666,0.0,0.6666666666666666,0.1666666666666666,6.0,0.6666666666666666,6,False,False,False,False,0,0.0
official_australia_victoria,Charlotte,F,,3981,ʃɑːlət,0.4,0.6,0.6,0.8,0.1,0.2,0.0,0.2,0.6,0.6,0.6,0.4,0.0,0.0,0.2,0.4,0.0,0.5,0.2,5.0,0.4,9,False,False,False,False,0,0.0
official_australia_victoria,Isla,F,,1145,aɪlə,0.75,1.0,0.25,1.0,0.0,0.25,0.0,0.0,1.0,0.625,0.25,0.375,0.0,0.25,0.25,0.5,0.0,0.375,0.0,4.0,0.75,4,False,False,False,False,0,0.0
official_australia_victoria,Jack,M,,3147,dʒak,0.25,0.25,0.75,0.5,0.0,0.0,0.0,0.25,0.75,0.375,0.5,0.5,0.0,0.25,0.25,0.5,0.0,0.625,0.0,4.0,0.25,4,False,False,False,False,1,0.0
official_australia_victoria,Mia,F,,1135,miə,0.6666666666666666,1.0,0.3333333333333333,0.6666666666666666,0.0,0.0,0.3333333333333333,0.0,1.0,0.6666666666666666,0.0,0.5,0.3333333333333333,0.3333333333333333,0.0,0.3333333333333333,0.0,0.5,0.0,3.0,0.6666666666666666,3,False,False,False,False,0,0.0
official_australia_victoria,Noah,M,,3409,nəʊʌ,0.75,1.0,0.25,0.75,0.0,0.0,0.25,0.0,1.0,0.625,0.25,0.375,0.0,0.25,0.0,0.75,0.25,0.375,0.0,4.0,0.75,4,False,False,False,False,1,0.0
official_australia_victoria,Oliver,M,,6338,ɒlɪvə,0.6,0.8,0.4,1.0,0.0,0.2,0.0,0.2,1.0,0.7,0.2,0.4,0.2,0.2,0.2,0.4,0.2,0.4,0.0,5.0,0.6,6,False,False,False,False,1,0.0
official_australia_victoria,Olivia,F,,3182,ɒlɪviə,0.6666666666666666,0.8333333333333334,0.3333333333333333,1.0,0.0,0.1666666666666666,0.0,0.1666666666666666,1.0,0.6666666666666666,0.1666666666666666,0.4166666666666667,0.1666666666666666,0.3333333333333333,0.1666666666666666,0.3333333333333333,0.1666666666666666,0.5,0.0,6.0,0.6666666666666666,6,False,False,False,False,0,0.0
official_australia_victoria,William,M,,1789,wɪliəm,0.5,1.0,0.3333333333333333,0.8333333333333334,0.0,0.1666666666666666,0.1666666666666666,0.0,1.0,0.5833333333333334,0.1666666666666666,0.4166666666666667,0.3333333333333333,0.5,0.0,0.3333333333333333,0.1666666666666666,0.4166666666666667,0.0,6.0,0.5,7,False,False,False,False,1,0.0
official_austria,Andreas,M,,3921,andɾeːɑːs,0.4285714285714285,0.7142857142857143,0.5714285714285714,0.7142857142857143,0.1428571428571428,0.0,0.1428571428571428,0.1428571428571428,0.8571428571428571,0.7857142857142857,0.5714285714285714,0.2142857142857142,0.0,0.0714285714285714,0.3571428571428571,0.2857142857142857,0.0,0.7142857142857143,0.2857142857142857,7.0,0.4285714285714285,7,False,False,False,False,1,0.0
official_austria,Christian,M,,1946,kɾɪstiːɑːn,0.375,0.625,0.625,0.625,0.125,0.0,0.125,0.125,0.625,0.6875,0.5,0.25,0.0,0.4375,0.1875,0.25,0.0,0.5625,0.25,8.0,0.375,9,False,False,False,False,1,0.0
official_austria,Daniel,M,,1861,dɑːnɪəl,0.5,0.8333333333333334,0.5,0.6666666666666666,0.0833333333333333,0.1666666666666666,0.1666666666666666,0.0,1.0,0.75,0.5,0.25,0.0,0.1666666666666666,0.1666666666666666,0.3333333333333333,0.0,0.4166666666666667,0.1666666666666666,6.0,0.5,6,False,False,False,False,1,0.0
official_austria,Daniela,F,,2517,danjeːlɑː,0.4285714285714285,0.8571428571428571,0.4285714285714285,0.7142857142857143,0.0714285714285714,0.1428571428571428,0.1428571428571428,0.0,1.0,0.6428571428571429,0.4285714285714285,0.2857142857142857,0.0,0.1428571428571428,0.2857142857142857,0.2857142857142857,0.0,0.7142857142857143,0.2857142857142857,7.0,0.4285714285714285,7,False,False,False,False,0,0.0
official_austria,Julia,F,,19654,juːliːɑː,0.6,1.0,0.2,1.0,0.1,0.2,0.0,0.0,1.0,0.5,0.2,0.4,0.2,0.6,0.2,0.4,0.2,0.8,0.6,5.0,0.6,5,False,False,False,False,0,0.0
official_austria,Lisa,F,,9698,liːzɑː,0.5,0.75,0.5,1.0,0.125,0.25,0.0,0.25,1.0,0.75,0.5,0.25,0.0,0.25,0.25,0.25,0.0,0.75,0.5,4.0,0.5,4,False,False,False,False,0,0.0
official_austria,Markus,M,,3824,maɾkʊs,0.3333333333333333,0.6666666666666666,0.6666666666666666,0.6666666666666666,0.0833333333333333,0.0,0.1666666666666666,0.1666666666666666,0.6666666666666666,0.6666666666666666,0.3333333333333333,0.3333333333333333,0.1666666666666666,0.4166666666666667,0.25,0.5,0.1666666666666666,0.5,0.0,6.0,0.3333333333333333,6,False,False,False,False,1,0.0
official_austria,Melanie,F,,2242,meːlaniː,0.5,1.0,0.5,0.6666666666666666,0.0,0.1666666666666666,0.3333333333333333,0.0,1.0,0.75,0.3333333333333333,0.3333333333333333,0.1666666666666666,0.1666666666666666,0.1666666666666666,0.1666666666666666,0.0,0.75,0.3333333333333333,6.0,0.5,7,False,False,False,False,0,0.0
official_austria,Michael,M,,23125,mɪçaeːl,0.5,0.8333333333333334,0.5,0.8333333333333334,0.0,0.1666666666666666,0.1666666666666666,0.0,0.8333333333333334,0.5833333333333334,0.1666666666666666,0.4166666666666667,0.1666666666666666,0.3333333333333333,0.1666666666666666,0.1666666666666666,0.0,0.5833333333333334,0.1666666666666666,6.0,0.5,7,False,False,False,False,1,0.0
official_austria,Patrick,M,,1872,patɾɪk,0.3333333333333333,0.5,0.6666666666666666,0.5,0.0833333333333333,0.0,0.0,0.0,0.5,0.6666666666666666,0.3333333333333333,0.3333333333333333,0.1666666666666666,0.4166666666666667,0.25,0.3333333333333333,0.0,0.5,0.0,6.0,0.3333333333333333,7,False,False,False,False,1,0.0
official_austria,Sabrina,F,,2286,zabɾiːnɑː,0.4285714285714285,0.7142857142857143,0.5714285714285714,0.7142857142857143,0.1428571428571428,0.0,0.1428571428571428,0.1428571428571428,1.0,0.7857142857142857,0.4285714285714285,0.2857142857142857,0.1428571428571428,0.2142857142857142,0.3571428571428571,0.2857142857142857,0.0,0.7142857142857143,0.2857142857142857,7.0,0.4285714285714285,7,False,False,False,False,0,0.0
official_austria,Sandra,F,,4448,zandɾɑː,0.3333333333333333,0.6666666666666666,0.6666666666666666,0.6666666666666666,0.1666666666666666,0.0,0.1666666666666666,0.1666666666666666,1.0,0.8333333333333334,0.6666666666666666,0.1666666666666666,0.0,0.0833333333333333,0.4166666666666667,0.3333333333333333,0.0,0.6666666666666666,0.1666666666666666,6.0,0.3333333333333333,6,False,False,False,False,0,0.0
official_austria,Stefan,M,,9647,ʃteːfɑːn,0.3333333333333333,0.5,0.6666666666666666,0.6666666666666666,0.0833333333333333,0.0,0.1666666666666666,0.3333333333333333,0.5,0.6666666666666666,0.5,0.4166666666666667,0.1666666666666666,0.0,0.1666666666666666,0.1666666666666666,0.0,0.6666666666666666,0.3333333333333333,6.0,0.3333333333333333,6,False,False,False,False,1,0.0
official_austria,Thomas,M,,13618,toːmɑːs,0.4,0.6,0.6,0.6,0.1,0.0,0.2,0.2,0.6,0.8,0.4,0.3,0.2,0.0,0.2,0.4,0.2,0.7,0.4,5.0,0.4,6,False,False,False,False,1,0.0
official_austria_vienna,Alexander,M,,797,ɑlɛksandɜ,0.4444444444444444,0.6666666666666666,0.5555555555555556,0.6666666666666666,0.0555555555555555,0.1111111111111111,0.1111111111111111,0.1111111111111111,0.7777777777777778,0.6666666666666666,0.4444444444444444,0.2777777777777778,0.0,0.1111111111111111,0.2222222222222222,0.4444444444444444,0.0,0.5,0.0,9.0,0.4444444444444444,9,False,False,False,False,1,0.0
official_austria_vienna,Anna,F,,1030,anɑː,0.6666666666666666,1.0,0.3333333333333333,0.6666666666666666,0.1666666666666666,0.0,0.3333333333333333,0.0,1.0,0.6666666666666666,0.3333333333333333,0.3333333333333333,0.0,0.0,0.6666666666666666,0.6666666666666666,0.0,0.8333333333333334,0.3333333333333333,3.0,0.6666666666666666,4,False,False,False,False,0,0.0
official_austria_vienna,David,M,,1566,daviːt,0.4,0.4,0.6,0.6,0.0,0.0,0.0,0.2,0.8,0.8,0.4,0.3,0.2,0.2,0.2,0.2,0.0,0.7,0.2,5.0,0.4,5,False,False,False,False,1,0.0
official_austria_vienna,Emilia,F,,789,eːmiːliːɑː,0.6666666666666666,1.0,0.3333333333333333,0.8333333333333334,0.0833333333333333,0.1666666666666666,0.1666666666666666,0.0,1.0,0.6666666666666666,0.1666666666666666,0.4166666666666667,0.1666666666666666,0.3333333333333333,0.1666666666666666,0.1666666666666666,0.0,0.8333333333333334,0.6666666666666666,6.0,0.6666666666666666,6,False,False,False,False,0,0.0
official_austria_vienna,Emma,F,,648,ɛmɑː,0.6666666666666666,1.0,0.3333333333333333,0.6666666666666666,0.1666666666666666,0.0,0.3333333333333333,0.0,1.0,0.6666666666666666,0.0,0.5,0.3333333333333333,0.0,0.3333333333333333,0.3333333333333333,0.0,0.5,0.3333333333333333,3.0,0.6666666666666666,4,False,False,False,False,0,0.0
official_austria_vienna,Julia,F,,118,juːliːɑː,0.6,1.0,0.2,1.0,0.1,0.2,0.0,0.0,1.0,0.5,0.2,0.4,0.2,0.6,0.2,0.4,0.2,0.8,0.6,5.0,0.6,5,False,False,False,False,0,0.0
official_austria_vienna,Laura,F,,121,laʊrɑː,0.6,1.0,0.4,1.0,0.2,0.2,0.0,0.0,1.0,0.7,0.4,0.3,0.0,0.3,0.5,0.6,0.2,0.6,0.2,5.0,0.6,5,False,False,False,False,0,0.0
official_austria_vienna,Leon,M,,653,leːɔn,0.5,1.0,0.5,0.75,0.0,0.25,0.25,0.0,1.0,0.75,0.5,0.25,0.0,0.0,0.0,0.25,0.25,0.5,0.25,4.0,0.5,4,False,False,False,False,1,0.0
official_austria_vienna,Maximilian,M,,1319,maksiːmiːliːɑːn,0.4545454545454545,0.8181818181818182,0.5454545454545454,0.6363636363636364,0.0454545454545454,0.0909090909090909,0.2727272727272727,0.0909090909090909,0.8181818181818182,0.6818181818181818,0.2727272727272727,0.3636363636363636,0.1818181818181818,0.3636363636363636,0.1818181818181818,0.2727272727272727,0.0,0.7272727272727273,0.3636363636363636,11.0,0.4545454545454545,10,False,False,False,False,1,0.0
official_austria_vienna,Mia,F,,377,miːɑː,0.6666666666666666,1.0,0.3333333333333333,0.6666666666666666,0.1666666666666666,0.0,0.3333333333333333,0.0,1.0,0.6666666666666666,0.0,0.5,0.3333333333333333,0.3333333333333333,0.3333333333333333,0.3333333333333333,0.0,0.8333333333333334,0.6666666666666666,3.0,0.6666666666666666,3,False,False,False,False,0,0.0
official_austria_vienna,Sarah,F,,119,zɑrɑː,0.5,0.75,0.5,1.0,0.375,0.0,0.0,0.25,1.0,0.75,0.5,0.25,0.0,0.125,0.625,0.5,0.0,0.75,0.25,4.0,0.5,5,False,False,False,False,0,0.0
official_austria_vienna,Sophie,F,,629,zoːfiː,0.5,0.5,0.5,1.0,0.0,0.0,0.0,0.5,0.75,0.75,0.25,0.375,0.25,0.25,0.0,0.25,0.25,0.75,0.5,4.0,0.5,6,False,False,False,False,0,0.0
official_azerbaijan,Aylin,F,,7461,ajlin,0.4,1.0,0.4,0.8,0.0,0.2,0.2,0.0,1.0,0.6,0.4,0.3,0.0,0.4,0.2,0.2,0.0,0.7,0.0,5.0,0.4,5,False,False,False,False,0,0.0
official_azerbaijan,Fatimə,F,,4176,fatimæ,0.5,0.6666666666666666,0.5,0.6666666666666666,0.0,0.0,0.1666666666666666,0.1666666666666666,0.6666666666666666,0.75,0.1666666666666666,0.4166666666666667,0.3333333333333333,0.1666666666666666,0.3333333333333333,0.1666666666666666,0.0,0.75,0.0,6.0,0.5,6,False,False,False,False,0,0.0
official_azerbaijan,Hüseyn,M,,11847,hysejn,0.3333333333333333,0.8333333333333334,0.5,0.8333333333333334,0.0,0.0,0.1666666666666666,0.1666666666666666,0.6666666666666666,0.5,0.3333333333333333,0.3333333333333333,0.1666666666666666,0.3333333333333333,0.0,0.1666666666666666,0.1666666666666666,0.6666666666666666,0.0,6.0,0.3333333333333333,6,False,False,False,False,1,0.0
official_azerbaijan,Mələk,F,,4159,mælæç,0.4,0.8,0.6,0.8,0.0,0.2,0.2,0.0,0.8,0.6,0.2,0.4,0.2,0.2,0.4,0.0,0.0,0.7,0.0,5.0,0.4,5,False,False,False,False,0,0.0
official_azerbaijan,Məryəm,F,,7607,mærjæm,0.3333333333333333,1.0,0.5,0.6666666666666666,0.0833333333333333,0.0,0.3333333333333333,0.0,1.0,0.6666666666666666,0.1666666666666666,0.4166666666666667,0.3333333333333333,0.25,0.4166666666666667,0.0,0.0,0.6666666666666666,0.0,6.0,0.3333333333333333,6,False,False,False,False,0,0.0
official_azerbaijan,Nuray,F,,3245,nuɾaj,0.4,1.0,0.4,0.8,0.1,0.0,0.2,0.0,1.0,0.6,0.4,0.3,0.2,0.5,0.3,0.4,0.2,0.7,0.0,5.0,0.4,5,False,False,False,False,0,0.0
official_azerbaijan,Uğur,M,,14321,uːr,0.5,1.0,0.5,1.0,0.25,0.0,0.0,0.0,1.0,0.75,0.5,0.25,0.5,0.75,0.25,0.5,0.5,0.75,0.5,2.0,0.5,4,False,False,False,False,1,0.0
official_azerbaijan,Yusif,M,,11720,jusif,0.4,0.6,0.4,1.0,0.0,0.0,0.0,0.4,0.6,0.6,0.2,0.4,0.4,0.6,0.0,0.2,0.2,0.7,0.0,5.0,0.4,5,False,False,False,False,1,0.0
official_azerbaijan,Zeynəb,F,,9019,zejnæb,0.3333333333333333,0.6666666666666666,0.5,0.6666666666666666,0.0,0.0,0.1666666666666666,0.1666666666666666,1.0,0.6666666666666666,0.3333333333333333,0.3333333333333333,0.1666666666666666,0.1666666666666666,0.1666666666666666,0.0,0.0,0.6666666666666666,0.0,6.0,0.3333333333333333,6,False,False,False,False,0,0.0
official_azerbaijan,Zəhra,F,,12036,zæhra,0.4,0.8,0.6,1.0,0.1,0.0,0.0,0.2,0.8,0.6,0.4,0.3,0.0,0.1,0.5,0.4,0.0,0.7,0.0,5.0,0.4,5,False,False,False,False,0,0.0
official_azerbaijan,Ömər,M,,2992,œmær,0.5,1.0,0.5,0.75,0.125,0.0,0.25,0.0,1.0,0.75,0.25,0.375,0.25,0.125,0.375,0.0,0.25,0.5,0.0,4.0,0.5,4,False,False,False,False,1,0.0
official_azerbaijan,Əli,M,,12893,æli,0.6666666666666666,1.0,0.3333333333333333,1.0,0.0,0.3333333333333333,0.0,0.0,1.0,0.6666666666666666,0.3333333333333333,0.3333333333333333,0.0,0.3333333333333333,0.3333333333333333,0.0,0.0,0.8333333333333334,0.0,3.0,0.6666666666666666,3,False,False,False,False,1,0.0
official_belgium,Adam,M,,4416,aːdɑm,0.5,0.75,0.5,0.5,0.125,0.0,0.25,0.0,1.0,0.75,0.25,0.375,0.25,0.0,0.5,0.5,0.0,0.75,0.25,4.0,0.5,4,False,False,False,False,1,0.0
official_belgium,Alexander,M,,1491,aːlɛksɑndər,0.4,0.7,0.6,0.7,0.1,0.1,0.1,0.1,0.8,0.7,0.5,0.25,0.0,0.15,0.25,0.4,0.0,0.5,0.1,10.0,0.4,9,False,False,False,False,1,0.0
official_belgium,Alice,F,,3266,aːlisə,0.6,0.8,0.4,1.0,0.0,0.2,0.0,0.2,0.8,0.7,0.4,0.3,0.0,0.2,0.2,0.4,0.0,0.6,0.2,5.0,0.6,5,False,False,False,False,0,0.0
official_belgium,Amir,M,,1758,aːmɪr,0.5,1.0,0.5,0.75,0.125,0.0,0.25,0.0,1.0,0.75,0.25,0.375,0.25,0.375,0.375,0.25,0.0,0.5,0.25,4.0,0.5,4,False,False,False,False,1,0.0
official_belgium,Amélie,F,,1685,aːmeːli,0.6,1.0,0.4,0.8,0.0,0.2,0.2,0.0,1.0,0.7,0.2,0.4,0.2,0.2,0.2,0.2,0.0,0.8,0.4,5.0,0.6,6,False,False,False,False,0,0.0
official_belgium,Anna,F,,2606,ɑnaː,0.6666666666666666,1.0,0.3333333333333333,0.6666666666666666,0.1666666666666666,0.0,0.3333333333333333,0.0,1.0,0.6666666666666666,0.3333333333333333,0.3333333333333333,0.0,0.0,0.6666666666666666,0.6666666666666666,0.0,0.8333333333333334,0.3333333333333333,3.0,0.6666666666666666,4,False,False,False,False,0,0.0
official_belgium,Arthur,M,,5358,ɑrtɵr,0.4,0.8,0.6,0.8,0.4,0.0,0.0,0.0,0.8,0.8,0.6,0.2,0.2,0.2,0.4,0.2,0.2,0.7,0.0,5.0,0.4,6,False,False,False,False,1,0.0
official_belgium,Camille,F,,2521,kaːmɪlə,0.5,0.8333333333333334,0.5,0.6666666666666666,0.0,0.1666666666666666,0.1666666666666666,0.0,0.8333333333333334,0.5833333333333334,0.1666666666666666,0.4166666666666667,0.1666666666666666,0.3333333333333333,0.1666666666666666,0.5,0.0,0.4166666666666667,0.1666666666666666,6.0,0.5,7,False,False,False,False,0,0.0
official_belgium,Chloé,F,,1851,xloːeː,0.5,0.75,0.5,1.0,0.0,0.25,0.0,0.0,0.75,0.5,0.25,0.375,0.0,0.25,0.0,0.5,0.25,0.75,0.5,4.0,0.5,5,False,False,False,False,0,0.0
official_belgium,Eden,M,,1612,eːdən,0.5,0.75,0.5,0.5,0.0,0.0,0.25,0.0,1.0,0.75,0.5,0.25,0.0,0.0,0.0,0.25,0.0,0.5,0.25,4.0,0.5,4,False,False,False,False,1,0.0
official_belgium,Elena,F,,2524,eːleːnaː,0.6,1.0,0.4,0.8,0.0,0.2,0.2,0.0,1.0,0.7,0.4,0.3,0.0,0.0,0.2,0.2,0.0,0.8,0.6,5.0,0.6,5,False,False,False,False,0,0.0
official_belgium,Elias,M,,1628,eːliɑs,0.6,0.8,0.4,1.0,0.1,0.2,0.0,0.2,0.8,0.7,0.4,0.3,0.0,0.2,0.2,0.2,0.0,0.8,0.2,5.0,0.6,5,False,False,False,False,1,0.0
official_belgium,Elise,F,,2180,eːlisə,0.6,0.8,0.4,1.0,0.0,0.2,0.0,0.2,0.8,0.7,0.4,0.3,0.0,0.2,0.0,0.2,0.0,0.6,0.2,5.0,0.6,5,False,False,False,False,0,0.0
official_belgium,Ella,F,,2650,ɛlaː,0.6666666666666666,1.0,0.3333333333333333,1.0,0.0,0.3333333333333333,0.0,0.0,1.0,0.6666666666666666,0.3333333333333333,0.3333333333333333,0.0,0.0,0.3333333333333333,0.3333333333333333,0.0,0.5,0.3333333333333333,3.0,0.6666666666666666,4,False,False,False,False,0,0.0
official_belgium,Emma,F,,4997,ɛmaː,0.6666666666666666,1.0,0.3333333333333333,0.6666666666666666,0.0,0.0,0.3333333333333333,0.0,1.0,0.6666666666666666,0.0,0.5,0.3333333333333333,0.0,0.3333333333333333,0.3333333333333333,0.0,0.5,0.3333333333333333,3.0,0.6666666666666666,4,False,False,False,False,0,0.0
official_belgium,Eva,F,,2198,eːvaː,0.6666666666666666,0.6666666666666666,0.3333333333333333,1.0,0.0,0.0,0.0,0.3333333333333333,1.0,0.6666666666666666,0.0,0.5,0.3333333333333333,0.0,0.3333333333333333,0.3333333333333333,0.0,0.8333333333333334,0.6666666666666666,3.0,0.6666666666666666,3,False,False,False,False,0,0.0
official_belgium,Finn,M,,2474,fɪn,0.3333333333333333,0.6666666666666666,0.6666666666666666,0.6666666666666666,0.0,0.0,0.3333333333333333,0.3333333333333333,0.6666666666666666,0.8333333333333334,0.3333333333333333,0.3333333333333333,0.3333333333333333,0.3333333333333333,0.0,0.0,0.0,0.3333333333333333,0.0,3.0,0.3333333333333333,4,False,False,False,False,1,0.0
official_belgium,Gabriel,M,,3614,ɣɑbril,0.3333333333333333,0.6666666666666666,0.6666666666666666,0.8333333333333334,0.1666666666666666,0.1666666666666666,0.0,0.0,1.0,0.6666666666666666,0.3333333333333333,0.3333333333333333,0.1666666666666666,0.4166666666666667,0.25,0.3333333333333333,0.0,0.6666666666666666,0.0,6.0,0.3333333333333333,7,False,False,False,False,1,0.0
official_belgium,Giulia,F,,1690,ɣiyliaː,0.6666666666666666,0.8333333333333334,0.3333333333333333,1.0,0.0,0.1666666666666666,0.0,0.0,1.0,0.5,0.1666666666666666,0.4166666666666667,0.1666666666666666,0.6666666666666666,0.1666666666666666,0.3333333333333333,0.1666666666666666,0.8333333333333334,0.1666666666666666,6.0,0.6666666666666666,6,False,False,False,False,0,0.0
official_belgium,Hugo,M,,2233,hyɣoː,0.5,0.75,0.5,1.0,0.0,0.0,0.0,0.0,0.75,0.25,0.0,0.5,0.25,0.5,0.0,0.75,0.5,0.75,0.25,4.0,0.5,4,False,False,False,False,1,0.0
official_belgium,Jade,F,,1900,jaːdə,0.5,0.75,0.25,0.75,0.0,0.0,0.0,0.0,1.0,0.5,0.25,0.375,0.0,0.25,0.25,0.5,0.0,0.5,0.25,4.0,0.5,4,False,False,False,False,0,0.0
official_belgium,Jules,M,,4453,jyləs,0.4,0.8,0.4,1.0,0.0,0.2,0.0,0.2,0.8,0.6,0.4,0.3,0.2,0.4,0.0,0.2,0.2,0.5,0.0,5.0,0.4,5,False,False,False,False,1,0.0
official_belgium,Julia,F,,1714,jyliaː,0.6,1.0,0.2,1.0,0.0,0.2,0.0,0.0,1.0,0.5,0.2,0.4,0.2,0.6,0.2,0.2,0.2,0.8,0.2,5.0,0.6,5,False,False,False,False,0,0.0
official_belgium,Juliette,F,,2840,jylitə,0.5,0.8333333333333334,0.3333333333333333,0.8333333333333334,0.0,0.1666666666666666,0.0,0.0,0.8333333333333334,0.5833333333333334,0.3333333333333333,0.3333333333333333,0.1666666666666666,0.5,0.0,0.1666666666666666,0.1666666666666666,0.5833333333333334,0.0,6.0,0.5,8,False,False,False,False,0,0.0
official_belgium,Lena,F,,1603,leːnaː,0.5,1.0,0.5,0.75,0.0,0.25,0.25,0.0,1.0,0.75,0.5,0.25,0.0,0.0,0.25,0.25,0.0,0.75,0.5,4.0,0.5,4,False,False,False,False,0,0.0
official_belgium,Leon,M,,2468,leːɔn,0.5,1.0,0.5,0.75,0.0,0.25,0.25,0.0,1.0,0.75,0.5,0.25,0.0,0.0,0.0,0.25,0.25,0.5,0.25,4.0,0.5,4,False,False,False,False,1,0.0
official_belgium,Lewis,M,,1945,leːʋɪs,0.4,0.8,0.4,1.0,0.1,0.2,0.0,0.2,0.8,0.8,0.4,0.3,0.2,0.3,0.1,0.0,0.0,0.5,0.2,5.0,0.4,5,False,False,False,False,1,0.0
official_belgium,Liam,M,,4754,liɑm,0.5,1.0,0.5,0.75,0.125,0.25,0.25,0.0,1.0,0.75,0.25,0.375,0.25,0.25,0.25,0.25,0.0,0.75,0.0,4.0,0.5,4,False,False,False,False,1,0.0
official_belgium,Lina,F,,3137,linaː,0.5,1.0,0.5,0.75,0.0,0.25,0.25,0.0,1.0,0.75,0.5,0.25,0.0,0.25,0.25,0.25,0.0,0.75,0.25,4.0,0.5,4,False,False,False,False,0,0.0
official_belgium,Liv,F,,1531,lɪf,0.3333333333333333,0.6666666666666666,0.6666666666666666,1.0,0.0,0.3333333333333333,0.0,0.3333333333333333,0.6666666666666666,0.8333333333333334,0.3333333333333333,0.3333333333333333,0.3333333333333333,0.3333333333333333,0.0,0.0,0.0,0.3333333333333333,0.0,3.0,0.3333333333333333,3,False,False,False,False,0,0.0
official_belgium,Louis,M,,4948,lʌʊɪs,0.6,0.8,0.4,1.0,0.0,0.2,0.0,0.2,0.8,0.7,0.4,0.3,0.0,0.4,0.0,0.4,0.2,0.4,0.0,5.0,0.6,5,False,False,False,False,1,0.0
official_belgium,Louise,F,,4506,lʌʊizə,0.6666666666666666,0.8333333333333334,0.3333333333333333,1.0,0.0,0.1666666666666666,0.0,0.1666666666666666,1.0,0.6666666666666666,0.3333333333333333,0.3333333333333333,0.0,0.3333333333333333,0.0,0.5,0.1666666666666666,0.5,0.0,6.0,0.6666666666666666,6,False,False,False,False,0,0.0
official_belgium,Luca,M,,1528,lykaː,0.5,0.75,0.5,0.75,0.0,0.25,0.0,0.0,0.75,0.5,0.25,0.375,0.25,0.5,0.25,0.5,0.25,0.75,0.25,4.0,0.5,4,False,False,False,False,1,0.0
official_belgium,Lucas,M,,4189,lykɑs,0.4,0.6,0.6,0.8,0.1,0.2,0.0,0.2,0.6,0.6,0.4,0.3,0.2,0.4,0.2,0.4,0.2,0.7,0.0,5.0,0.4,5,False,False,False,False,1,0.0
official_belgium,Lucie,F,,2537,lysi,0.5,0.75,0.5,1.0,0.0,0.25,0.0,0.25,0.75,0.75,0.5,0.25,0.25,0.5,0.0,0.0,0.25,0.75,0.0,4.0,0.5,5,False,False,False,False,0,0.0
official_belgium,Léa,F,,2175,leːaː,0.6666666666666666,1.0,0.3333333333333333,1.0,0.0,0.3333333333333333,0.0,0.0,1.0,0.6666666666666666,0.3333333333333333,0.3333333333333333,0.0,0.0,0.3333333333333333,0.3333333333333333,0.0,0.8333333333333334,0.6666666666666666,3.0,0.6666666666666666,3,False,False,False,False,0,0.0
official_belgium,Léon,M,,1555,leːɔn,0.5,1.0,0.5,0.75,0.0,0.25,0.25,0.0,1.0,0.75,0.5,0.25,0.0,0.0,0.0,0.25,0.25,0.5,0.25,4.0,0.5,4,False,False,False,False,1,0.0
official_belgium,Marie,F,,2555,maːri,0.5,1.0,0.5,0.75,0.125,0.0,0.25,0.0,1.0,0.75,0.25,0.375,0.25,0.375,0.375,0.25,0.0,0.75,0.25,4.0,0.5,5,False,False,False,False,0,0.0
official_belgium,Mathis,M,,2343,mɑtɪs,0.4,0.6,0.6,0.6,0.1,0.0,0.2,0.2,0.6,0.8,0.4,0.3,0.2,0.2,0.2,0.2,0.0,0.5,0.0,5.0,0.4,6,False,False,False,False,1,0.0
official_belgium,Matteo,M,,2153,mɑtəoː,0.6,0.8,0.4,0.6,0.1,0.0,0.2,0.0,0.8,0.7,0.2,0.4,0.2,0.0,0.2,0.6,0.2,0.6,0.2,5.0,0.6,6,False,False,False,False,1,0.0
official_belgium,Mia,F,,2340,miaː,0.6666666666666666,1.0,0.3333333333333333,0.6666666666666666,0.0,0.0,0.3333333333333333,0.0,1.0,0.6666666666666666,0.0,0.5,0.3333333333333333,0.3333333333333333,0.3333333333333333,0.3333333333333333,0.0,0.8333333333333334,0.3333333333333333,3.0,0.6666666666666666,3,False,False,False,False,0,0.0
official_belgium,Mila,F,,3944,milaː,0.5,1.0,0.5,0.75,0.0,0.25,0.25,0.0,1.0,0.75,0.25,0.375,0.25,0.25,0.25,0.25,0.0,0.75,0.25,4.0,0.5,4,False,False,False,False,0,0.0
official_belgium,Mohamed,M,,3154,moːhaːmɛt,0.4285714285714285,0.8571428571428571,0.5714285714285714,0.5714285714285714,0.0,0.0,0.2857142857142857,0.0,0.7142857142857143,0.6428571428571429,0.1428571428571428,0.4285714285714285,0.2857142857142857,0.0,0.1428571428571428,0.4285714285714285,0.1428571428571428,0.5714285714285714,0.2857142857142857,7.0,0.4285714285714285,7,False,False,False,False,1,0.0
official_belgium,Nathan,M,,2193,naːtɑn,0.4,0.8,0.6,0.4,0.1,0.0,0.4,0.0,0.8,0.8,0.6,0.2,0.0,0.0,0.4,0.4,0.0,0.7,0.2,5.0,0.4,6,False,False,False,False,1,0.0
official_belgium,Nina,F,,1790,ninaː,0.5,1.0,0.5,0.5,0.0,0.0,0.5,0.0,1.0,0.75,0.5,0.25,0.0,0.25,0.25,0.25,0.0,0.75,0.25,4.0,0.5,4,False,False,False,False,0,0.0
official_belgium,Noah,M,,5320,noːɑh,0.5,1.0,0.5,0.75,0.125,0.0,0.25,0.0,0.75,0.5,0.25,0.375,0.0,0.0,0.25,0.75,0.25,0.75,0.25,4.0,0.5,4,False,False,False,False,1,0.0
official_belgium,Noor,F,,2164,noːr,0.3333333333333333,1.0,0.6666666666666666,0.6666666666666666,0.1666666666666666,0.0,0.3333333333333333,0.0,1.0,0.8333333333333334,0.6666666666666666,0.1666666666666666,0.0,0.1666666666666666,0.1666666666666666,0.3333333333333333,0.3333333333333333,0.6666666666666666,0.3333333333333333,3.0,0.3333333333333333,4,False,False,False,False,0,0.0
official_belgium,Nora,F,,2341,noːraː,0.5,1.0,0.5,0.75,0.125,0.0,0.25,0.0,1.0,0.75,0.5,0.25,0.0,0.125,0.375,0.5,0.25,0.75,0.5,4.0,0.5,4,False,False,False,False,0,0.0
official_belgium,Olivia,F,,5402,oːliviaː,0.6666666666666666,0.8333333333333334,0.3333333333333333,1.0,0.0,0.1666666666666666,0.0,0.1666666666666666,1.0,0.6666666666666666,0.1666666666666666,0.4166666666666667,0.1666666666666666,0.3333333333333333,0.1666666666666666,0.3333333333333333,0.1666666666666666,0.8333333333333334,0.3333333333333333,6.0,0.6666666666666666,6,False,False,False,False,0,0.0
official_belgium,Oscar,M,,2121,ɔskɑr,0.4,0.6,0.6,0.8,0.2,0.0,0.0,0.2,0.6,0.6,0.4,0.3,0.0,0.3,0.3,0.6,0.2,0.5,0.0,5.0,0.4,5,False,False,False,False,1,0.0
official_belgium,Raphaël,M,,1734,rɑphaːɛl,0.4285714285714285,0.8571428571428571,0.5714285714285714,0.8571428571428571,0.1428571428571428,0.1428571428571428,0.0,0.0,0.7142857142857143,0.6428571428571429,0.2857142857142857,0.3571428571428571,0.1428571428571428,0.0714285714285714,0.3571428571428571,0.4285714285714285,0.0,0.5714285714285714,0.1428571428571428,7.0,0.4285714285714285,7,False,False,False,False,1,0.0
official_belgium,Rayan,M,,1911,raːjɑn,0.4,1.0,0.4,0.8,0.2,0.0,0.2,0.0,1.0,0.6,0.4,0.3,0.0,0.3,0.5,0.4,0.0,0.7,0.2,5.0,0.4,5,False,False,False,False,1,0.0
official_belgium,Sofia,F,,2826,soːfiaː,0.6,0.6,0.4,1.0,0.0,0.0,0.0,0.4,0.6,0.7,0.2,0.4,0.2,0.2,0.2,0.4,0.2,0.8,0.4,5.0,0.6,5,False,False,False,False,0,0.0
official_belgium,Théo,M,,1786,teːoː,0.6666666666666666,0.6666666666666666,0.3333333333333333,0.6666666666666666,0.0,0.0,0.0,0.0,0.6666666666666666,0.6666666666666666,0.3333333333333333,0.3333333333333333,0.0,0.0,0.0,0.3333333333333333,0.3333333333333333,0.8333333333333334,0.6666666666666666,3.0,0.6666666666666666,4,False,False,False,False,1,0.0
official_belgium,Vic,M,,1530,vɪk,0.3333333333333333,0.3333333333333333,0.6666666666666666,0.6666666666666666,0.0,0.0,0.0,0.3333333333333333,0.6666666666666666,0.5,0.0,0.5,0.3333333333333333,0.6666666666666666,0.0,0.3333333333333333,0.0,0.3333333333333333,0.0,3.0,0.3333333333333333,3,False,False,False,False,1,0.0
official_belgium,Victor,M,,3549,vɪktɔr,0.3333333333333333,0.5,0.6666666666666666,0.6666666666666666,0.0833333333333333,0.0,0.0,0.1666666666666666,0.6666666666666666,0.6666666666666666,0.3333333333333333,0.3333333333333333,0.1666666666666666,0.4166666666666667,0.0833333333333333,0.3333333333333333,0.1666666666666666,0.3333333333333333,0.0,6.0,0.3333333333333333,6,False,False,False,False,1,0.0
official_belgium,Victoria,F,,1939,vɪktoːriaː,0.5,0.625,0.5,0.75,0.0625,0.0,0.0,0.125,0.75,0.625,0.25,0.375,0.125,0.4375,0.1875,0.375,0.125,0.625,0.25,8.0,0.5,8,False,False,False,False,0,0.0
official_belgium,Vince,M,,1555,vɪnsə,0.4,0.6,0.6,0.8,0.0,0.0,0.2,0.4,0.8,0.8,0.4,0.3,0.2,0.2,0.0,0.2,0.0,0.3,0.0,5.0,0.4,5,False,False,False,False,1,0.0
official_belgium,Yanis,M,,1616,jaːnɪs,0.4,0.8,0.4,0.8,0.0,0.0,0.2,0.2,0.8,0.6,0.4,0.3,0.0,0.4,0.2,0.2,0.0,0.5,0.2,5.0,0.4,5,False,False,False,False,1,0.0
official_belgium,Zoé,F,,1578,zoːeː,0.6666666666666666,0.6666666666666666,0.3333333333333333,1.0,0.0,0.0,0.0,0.3333333333333333,1.0,0.6666666666666666,0.3333333333333333,0.3333333333333333,0.0,0.0,0.0,0.3333333333333333,0.3333333333333333,0.8333333333333334,0.6666666666666666,3.0,0.6666666666666666,3,False,False,False,False,0,0.0
official_bosnia_federation,Adi,M,,87,adɪ,0.6666666666666666,0.6666666666666666,0.3333333333333333,0.6666666666666666,0.0,0.0,0.0,0.0,1.0,0.6666666666666666,0.3333333333333333,0.3333333333333333,0.0,0.3333333333333333,0.3333333333333333,0.3333333333333333,0.0,0.5,0.0,3.0,0.6666666666666666,3,False,False,False,False,1,0.0
official_bosnia_federation,Adian,M,,128,adɪæn,0.6,0.8,0.4,0.6,0.0,0.0,0.2,0.0,1.0,0.7,0.4,0.3,0.0,0.2,0.4,0.2,0.0,0.6,0.0,5.0,0.6,5,False,False,False,False,1,0.0
official_bosnia_federation,Adin,M,,123,adɪn,0.5,0.75,0.5,0.5,0.0,0.0,0.25,0.0,1.0,0.75,0.5,0.25,0.0,0.25,0.25,0.25,0.0,0.5,0.0,4.0,0.5,4,False,False,False,False,1,0.0
official_bosnia_federation,Adna,F,,94,adnæ,0.5,0.75,0.5,0.5,0.0,0.0,0.25,0.0,1.0,0.75,0.5,0.25,0.0,0.0,0.5,0.25,0.0,0.75,0.0,4.0,0.5,4,False,False,False,False,0,0.0
official_bosnia_federation,Ahmed,M,,203,ahmɛd,0.4,0.8,0.6,0.6,0.0,0.0,0.2,0.0,0.8,0.6,0.2,0.4,0.2,0.0,0.2,0.4,0.0,0.5,0.0,5.0,0.4,5,False,False,False,False,1,0.0
official_bosnia_federation,Ajdin,M,,78,ɑjdɪn,0.4,0.8,0.4,0.6,0.1,0.0,0.2,0.0,1.0,0.6,0.4,0.3,0.0,0.4,0.2,0.2,0.0,0.5,0.0,5.0,0.4,5,False,False,False,False,1,0.0
official_bosnia_federation,Ajla,F,,94,ɑjlæ,0.5,1.0,0.25,1.0,0.125,0.25,0.0,0.0,1.0,0.5,0.25,0.375,0.0,0.25,0.5,0.25,0.0,0.75,0.0,4.0,0.5,4,False,False,False,False,0,0.0
official_bosnia_federation,Ajna,F,,79,ɑjnæ,0.5,1.0,0.25,0.75,0.125,0.0,0.25,0.0,1.0,0.5,0.25,0.375,0.0,0.25,0.5,0.25,0.0,0.75,0.0,4.0,0.5,4,False,False,False,False,0,0.0
official_bosnia_federation,Ajnur,M,,114,ɑjnʊr,0.4,1.0,0.4,0.8,0.2,0.0,0.2,0.0,1.0,0.6,0.4,0.3,0.0,0.5,0.3,0.4,0.2,0.5,0.0,5.0,0.4,5,False,False,False,False,1,0.0
official_bosnia_federation,Ajša,F,,84,ɑjʃæ,0.5,0.75,0.25,1.0,0.125,0.0,0.0,0.25,0.75,0.25,0.25,0.625,0.0,0.25,0.5,0.25,0.0,0.75,0.0,4.0,0.5,4,False,False,False,False,0,0.0
official_bosnia_federation,Alejna,F,,72,alejnæ,0.5,1.0,0.3333333333333333,0.8333333333333334,0.0,0.1666666666666666,0.1666666666666666,0.0,1.0,0.5833333333333334,0.3333333333333333,0.3333333333333333,0.0,0.1666666666666666,0.3333333333333333,0.1666666666666666,0.0,0.75,0.0,6.0,0.5,6,False,False,False,False,0,0.0
official_bosnia_federation,Ali,M,,249,alɪ,0.6666666666666666,1.0,0.3333333333333333,1.0,0.0,0.3333333333333333,0.0,0.0,1.0,0.6666666666666666,0.3333333333333333,0.3333333333333333,0.0,0.3333333333333333,0.3333333333333333,0.3333333333333333,0.0,0.5,0.0,3.0,0.6666666666666666,3,False,False,False,False,1,0.0
official_bosnia_federation,Alina,F,,97,alɪnæ,0.6,1.0,0.4,0.8,0.0,0.2,0.2,0.0,1.0,0.7,0.4,0.3,0.0,0.2,0.4,0.2,0.0,0.6,0.0,5.0,0.6,5,False,False,False,False,0,0.0
official_bosnia_federation,Amar,M,,194,amɑr,0.5,1.0,0.5,0.75,0.25,0.0,0.25,0.0,1.0,0.75,0.25,0.375,0.25,0.125,0.625,0.5,0.0,0.75,0.0,4.0,0.5,4,False,False,False,False,1,0.0
official_bosnia_federation,Amina,F,,163,amɪnæ,0.6,1.0,0.4,0.6,0.0,0.0,0.4,0.0,1.0,0.7,0.2,0.4,0.2,0.2,0.4,0.2,0.0,0.6,0.0,5.0,0.6,5,False,False,False,False,0,0.0
official_bosnia_federation,Amna,F,,108,amnæ,0.5,1.0,0.5,0.5,0.0,0.0,0.5,0.0,1.0,0.75,0.25,0.375,0.25,0.0,0.5,0.25,0.0,0.75,0.0,4.0,0.5,4,False,False,False,False,0,0.0
official_bosnia_federation,Ana,F,,68,anæ,0.6666666666666666,1.0,0.3333333333333333,0.6666666666666666,0.0,0.0,0.3333333333333333,0.0,1.0,0.6666666666666666,0.3333333333333333,0.3333333333333333,0.0,0.0,0.6666666666666666,0.3333333333333333,0.0,0.8333333333333334,0.0,3.0,0.6666666666666666,3,False,False,False,False,0,0.0
official_bosnia_federation,Asja,F,,209,asjæ,0.5,0.75,0.25,1.0,0.0,0.0,0.0,0.25,0.75,0.5,0.25,0.375,0.0,0.25,0.5,0.25,0.0,0.75,0.0,4.0,0.5,4,False,False,False,False,0,0.0
official_bosnia_federation,Bilal,M,,99,bilæl,0.4,0.8,0.6,0.8,0.0,0.4,0.0,0.0,1.0,0.8,0.4,0.3,0.2,0.2,0.2,0.0,0.0,0.7,0.0,5.0,0.4,5,False,False,False,False,1,0.0
official_bosnia_federation,Dalia,F,,96,dalɪæ,0.6,0.8,0.4,0.8,0.0,0.2,0.0,0.0,1.0,0.7,0.4,0.3,0.0,0.2,0.4,0.2,0.0,0.6,0.0,5.0,0.6,5,False,False,False,False,0,0.0
official_bosnia_federation,Dani,M,,85,danɪ,0.5,0.75,0.5,0.5,0.0,0.0,0.25,0.0,1.0,0.75,0.5,0.25,0.0,0.25,0.25,0.25,0.0,0.5,0.0,4.0,0.5,4,False,False,False,False,1,0.0
official_bosnia_federation,Daris,M,,117,dɑrɪs,0.4,0.6,0.6,0.8,0.2,0.0,0.0,0.2,0.8,0.8,0.6,0.2,0.0,0.3,0.3,0.2,0.0,0.5,0.0,5.0,0.4,5,False,False,False,False,1,0.0
official_bosnia_federation,Davud,M,,278,davʊd,0.4,0.4,0.6,0.6,0.0,0.0,0.0,0.2,1.0,0.8,0.4,0.3,0.2,0.2,0.2,0.4,0.2,0.5,0.0,5.0,0.4,5,False,False,False,False,1,0.0
official_bosnia_federation,Džan,M,,130,dʒan,0.25,0.5,0.75,0.5,0.0,0.0,0.25,0.25,1.0,0.625,0.75,0.375,0.0,0.0,0.25,0.25,0.0,0.625,0.0,4.0,0.25,4,False,False,False,False,1,0.0
official_bosnia_federation,Džejla,F,,79,dʒejlæ,0.3333333333333333,0.6666666666666666,0.5,0.8333333333333334,0.0,0.1666666666666666,0.0,0.1666666666666666,1.0,0.5,0.5,0.4166666666666667,0.0,0.1666666666666666,0.1666666666666666,0.0,0.0,0.6666666666666666,0.0,6.0,0.3333333333333333,6,False,False,False,False,0,0.0
official_bosnia_federation,Ema,F,,168,ɛmæ,0.6666666666666666,1.0,0.3333333333333333,0.6666666666666666,0.0,0.0,0.3333333333333333,0.0,1.0,0.6666666666666666,0.0,0.5,0.3333333333333333,0.0,0.3333333333333333,0.0,0.0,0.5,0.0,3.0,0.6666666666666666,3,False,False,False,False,0,0.0
official_bosnia_federation,Eman,M,,135,ɛmæn,0.5,1.0,0.5,0.5,0.0,0.0,0.5,0.0,1.0,0.75,0.25,0.375,0.25,0.0,0.25,0.0,0.0,0.5,0.0,4.0,0.5,4,False,False,False,False,1,0.0
official_bosnia_federation,Emin,M,,91,ɛmɪn,0.5,1.0,0.5,0.5,0.0,0.0,0.5,0.0,1.0,0.75,0.25,0.375,0.25,0.25,0.0,0.0,0.0,0.25,0.0,4.0,0.5,4,False,False,False,False,1,0.0
official_bosnia_federation,Emina,F,,80,ɛmɪnæ,0.6,1.0,0.4,0.6,0.0,0.0,0.4,0.0,1.0,0.7,0.2,0.4,0.2,0.2,0.2,0.0,0.0,0.4,0.0,5.0,0.6,5,False,False,False,False,0,0.0
official_bosnia_federation,Emir,M,,105,ɛmɪr,0.5,1.0,0.5,0.75,0.125,0.0,0.25,0.0,1.0,0.75,0.25,0.375,0.25,0.375,0.125,0.0,0.0,0.25,0.0,4.0,0.5,4,False,False,False,False,1,0.0
official_bosnia_federation,Ena,F,,77,ɛnæ,0.6666666666666666,1.0,0.3333333333333333,0.6666666666666666,0.0,0.0,0.3333333333333333,0.0,1.0,0.6666666666666666,0.3333333333333333,0.3333333333333333,0.0,0.0,0.3333333333333333,0.0,0.0,0.5,0.0,3.0,0.6666666666666666,3,False,False,False,False,0,0.0
official_bosnia_federation,Esma,F,,203,ɛsmæ,0.5,0.75,0.5,0.75,0.0,0.0,0.25,0.25,0.75,0.75,0.25,0.375,0.25,0.0,0.25,0.0,0.0,0.5,0.0,4.0,0.5,4,False,False,False,False,0,0.0
official_bosnia_federation,Hamza,M,,272,xamzæ,0.4,0.6,0.6,0.8,0.0,0.0,0.2,0.2,0.8,0.6,0.2,0.4,0.2,0.2,0.4,0.4,0.0,0.7,0.0,5.0,0.4,5,False,False,False,False,1,0.0
official_bosnia_federation,Hana,F,,169,xanæ,0.5,0.75,0.5,0.75,0.0,0.0,0.25,0.0,0.75,0.5,0.25,0.375,0.0,0.25,0.5,0.5,0.0,0.75,0.0,4.0,0.5,4,False,False,False,False,0,0.0
official_bosnia_federation,Harun,M,,148,xɑrʊn,0.4,0.8,0.6,0.8,0.2,0.0,0.2,0.0,0.8,0.6,0.4,0.3,0.0,0.5,0.3,0.6,0.2,0.5,0.0,5.0,0.4,5,False,False,False,False,1,0.0
official_bosnia_federation,Ilma,F,,77,ilmæ,0.5,1.0,0.5,0.75,0.0,0.25,0.25,0.0,1.0,0.75,0.25,0.375,0.25,0.25,0.25,0.0,0.0,0.75,0.0,4.0,0.5,4,False,False,False,False,0,0.0
official_bosnia_federation,Iman,F,,185,imæn,0.5,1.0,0.5,0.5,0.0,0.0,0.5,0.0,1.0,0.75,0.25,0.375,0.25,0.25,0.25,0.0,0.0,0.75,0.0,4.0,0.5,4,False,False,False,False,0,0.0
official_bosnia_federation,Imran,M,,176,imɾæn,0.4,1.0,0.6,0.6,0.1,0.0,0.4,0.0,1.0,0.8,0.4,0.3,0.2,0.3,0.3,0.0,0.0,0.7,0.0,5.0,0.4,5,False,False,False,False,1,0.0
official_bosnia_federation,Ishak,M,,85,ishæk,0.4,0.6,0.6,0.8,0.0,0.0,0.0,0.2,0.4,0.4,0.2,0.4,0.0,0.4,0.2,0.4,0.0,0.7,0.0,5.0,0.4,5,False,False,False,False,1,0.0
official_bosnia_federation,Ismail,M,,83,ismæɪl,0.5,0.8333333333333334,0.5,0.8333333333333334,0.0,0.1666666666666666,0.1666666666666666,0.1666666666666666,0.8333333333333334,0.75,0.3333333333333333,0.3333333333333333,0.1666666666666666,0.3333333333333333,0.1666666666666666,0.0,0.0,0.5833333333333334,0.0,6.0,0.5,6,False,False,False,False,1,0.0
official_bosnia_federation,Jusuf,M,,84,jusʊf,0.4,0.6,0.4,1.0,0.0,0.0,0.0,0.4,0.6,0.6,0.2,0.4,0.4,0.6,0.0,0.4,0.4,0.5,0.0,5.0,0.4,5,False,False,False,False,1,0.0
official_bosnia_federation,Lamija,F,,95,lamɪjæ,0.5,1.0,0.3333333333333333,0.8333333333333334,0.0,0.1666666666666666,0.1666666666666666,0.0,1.0,0.5833333333333334,0.1666666666666666,0.4166666666666667,0.1666666666666666,0.3333333333333333,0.3333333333333333,0.1666666666666666,0.0,0.5833333333333334,0.0,6.0,0.5,6,False,False,False,False,0,0.0
official_bosnia_federation,Lejla,F,,149,lejlæ,0.4,1.0,0.4,1.0,0.0,0.4,0.0,0.0,1.0,0.6,0.4,0.3,0.0,0.2,0.2,0.0,0.0,0.7,0.0,5.0,0.4,5,False,False,False,False,0,0.0
official_bosnia_federation,Luka,M,,80,lukæ,0.5,0.75,0.5,0.75,0.0,0.25,0.0,0.0,0.75,0.5,0.25,0.375,0.25,0.5,0.25,0.5,0.25,0.75,0.0,4.0,0.5,4,False,False,False,False,1,0.0
official_bosnia_federation,Malik,M,,88,malɪk,0.4,0.8,0.6,0.6,0.0,0.2,0.2,0.0,0.8,0.6,0.2,0.4,0.2,0.4,0.2,0.4,0.0,0.5,0.0,5.0,0.4,5,False,False,False,False,1,0.0
official_bosnia_federation,Merjem,F,,308,mɛrjem,0.3333333333333333,1.0,0.5,0.6666666666666666,0.0833333333333333,0.0,0.3333333333333333,0.0,1.0,0.6666666666666666,0.1666666666666666,0.4166666666666667,0.3333333333333333,0.25,0.0833333333333333,0.0,0.0,0.5,0.0,6.0,0.3333333333333333,6,False,False,False,False,0,0.0
official_bosnia_federation,Muhamed,M,,78,muhæmɛd,0.4285714285714285,0.8571428571428571,0.5714285714285714,0.5714285714285714,0.0,0.0,0.2857142857142857,0.0,0.8571428571428571,0.6428571428571429,0.1428571428571428,0.4285714285714285,0.4285714285714285,0.1428571428571428,0.1428571428571428,0.2857142857142857,0.1428571428571428,0.5714285714285714,0.0,7.0,0.4285714285714285,7,False,False,False,False,1,0.0
official_bosnia_federation,Nejla,F,,78,nejlæ,0.4,1.0,0.4,0.8,0.0,0.2,0.2,0.0,1.0,0.6,0.4,0.3,0.0,0.2,0.2,0.0,0.0,0.7,0.0,5.0,0.4,5,False,False,False,False,0,0.0
official_bosnia_federation,Nur,F,,72,nur,0.3333333333333333,1.0,0.6666666666666666,0.6666666666666666,0.1666666666666666,0.0,0.3333333333333333,0.0,1.0,0.8333333333333334,0.6666666666666666,0.1666666666666666,0.3333333333333333,0.5,0.1666666666666666,0.3333333333333333,0.3333333333333333,0.6666666666666666,0.0,3.0,0.3333333333333333,3,False,False,False,False,0,0.0
official_bosnia_federation,Omar,M,,169,omɑr,0.5,1.0,0.5,0.75,0.25,0.0,0.25,0.0,1.0,0.75,0.25,0.375,0.25,0.125,0.375,0.5,0.25,0.75,0.0,4.0,0.5,4,False,False,False,False,1,0.0
official_bosnia_federation,Omer,M,,76,omɛr,0.5,1.0,0.5,0.75,0.125,0.0,0.25,0.0,1.0,0.75,0.25,0.375,0.25,0.125,0.125,0.25,0.25,0.5,0.0,4.0,0.5,4,False,False,False,False,1,0.0
official_bosnia_federation,Petar,M,,80,pɛtɑr,0.4,0.6,0.6,0.6,0.2,0.0,0.0,0.0,0.6,0.8,0.4,0.3,0.2,0.1,0.3,0.2,0.0,0.5,0.0,5.0,0.4,5,False,False,False,False,1,0.0
official_bosnia_federation,Rejjan,M,,126,ɾejjæn,0.3333333333333333,1.0,0.3333333333333333,0.8333333333333334,0.0833333333333333,0.0,0.1666666666666666,0.0,1.0,0.5,0.3333333333333333,0.3333333333333333,0.0,0.4166666666666667,0.25,0.0,0.0,0.6666666666666666,0.0,6.0,0.3333333333333333,6,False,False,False,False,1,0.0
official_bosnia_federation,Sajra,F,,67,sɑjɾæ,0.4,0.8,0.4,1.0,0.2,0.0,0.0,0.2,0.8,0.6,0.4,0.3,0.0,0.3,0.5,0.2,0.0,0.7,0.0,5.0,0.4,5,False,False,False,False,0,0.0
official_bosnia_federation,Sara,F,,262,sɑræ,0.5,0.75,0.5,1.0,0.25,0.0,0.0,0.25,0.75,0.75,0.5,0.25,0.0,0.125,0.625,0.25,0.0,0.75,0.0,4.0,0.5,4,False,False,False,False,0,0.0
official_bosnia_federation,Sumeja,F,,74,sumejæ,0.5,0.8333333333333334,0.3333333333333333,0.8333333333333334,0.0,0.0,0.1666666666666666,0.1666666666666666,0.8333333333333334,0.5833333333333334,0.1666666666666666,0.4166666666666667,0.3333333333333333,0.3333333333333333,0.1666666666666666,0.1666666666666666,0.1666666666666666,0.75,0.0,6.0,0.5,6,False,False,False,False,0,0.0
official_bosnia_federation,Tarik,M,,82,tɑrɪk,0.4,0.6,0.6,0.6,0.2,0.0,0.0,0.0,0.6,0.6,0.4,0.3,0.0,0.5,0.3,0.4,0.0,0.5,0.0,5.0,0.4,5,False,False,False,False,1,0.0
official_bosnia_federation,Uma,F,,76,umæ,0.6666666666666666,1.0,0.3333333333333333,0.6666666666666666,0.0,0.0,0.3333333333333333,0.0,1.0,0.6666666666666666,0.0,0.5,0.6666666666666666,0.3333333333333333,0.3333333333333333,0.3333333333333333,0.3333333333333333,0.8333333333333334,0.0,3.0,0.6666666666666666,3,False,False,False,False,0,0.0
official_bosnia_federation,Una,F,,116,unæ,0.6666666666666666,1.0,0.3333333333333333,0.6666666666666666,0.0,0.0,0.3333333333333333,0.0,1.0,0.6666666666666666,0.3333333333333333,0.3333333333333333,0.3333333333333333,0.3333333333333333,0.3333333333333333,0.3333333333333333,0.3333333333333333,0.8333333333333334,0.0,3.0,0.6666666666666666,3,False,False,False,False,0,0.0
official_bosnia_federation,Šejma,F,,95,ʃejmæ,0.4,0.8,0.4,0.8,0.0,0.0,0.2,0.2,0.8,0.4,0.2,0.6,0.2,0.2,0.2,0.0,0.0,0.7,0.0,5.0,0.4,5,False,False,False,False,0,0.0
official_brazil,Adriana,F,,533801,adriɐ̃næ,0.5714285714285714,0.8571428571428571,0.4285714285714285,0.7142857142857143,0.0714285714285714,0.0,0.2857142857142857,0.0,1.0,0.7142857142857143,0.4285714285714285,0.2857142857142857,0.0,0.2142857142857142,0.3571428571428571,0.1428571428571428,0.0,0.7857142857142857,0.0,7.0,0.5714285714285714,7,False,False,False,False,0,0.0
official_brazil,Alice,F,,486261,alisy,0.6,0.8,0.4,1.0,0.0,0.2,0.0,0.2,0.8,0.7,0.4,0.3,0.2,0.4,0.2,0.2,0.2,0.8,0.0,5.0,0.6,5,False,False,False,False,0,0.0
official_brazil,Aline,F,,482105,aliny,0.6,1.0,0.4,0.8,0.0,0.2,0.2,0.0,1.0,0.7,0.4,0.3,0.2,0.4,0.2,0.2,0.2,0.8,0.0,5.0,0.6,5,False,False,False,False,0,0.0
official_brazil,Amanda,F,,493672,æmɐ̃ŋdæ,0.5,0.8333333333333334,0.5,0.5,0.0,0.0,0.5,0.0,1.0,0.5833333333333334,0.1666666666666666,0.4166666666666667,0.1666666666666666,0.1666666666666666,0.3333333333333333,0.1666666666666666,0.0,0.75,0.0,6.0,0.5,6,False,False,False,False,0,0.0
official_brazil,Ana,F,,3929951,ɐ̃næ,0.6666666666666666,1.0,0.3333333333333333,0.6666666666666666,0.0,0.0,0.6666666666666666,0.0,1.0,0.6666666666666666,0.3333333333333333,0.3333333333333333,0.0,0.0,0.3333333333333333,0.0,0.0,0.8333333333333334,0.0,3.0,0.6666666666666666,3,False,False,False,False,0,0.0
official_brazil,Andre,M,,556066,ɐ̃ŋdrɛ,0.4,0.8,0.6,0.6,0.1,0.0,0.4,0.0,1.0,0.6,0.4,0.3,0.0,0.3,0.1,0.2,0.0,0.5,0.0,5.0,0.4,5,False,False,False,False,1,0.0
official_brazil,Antonia,F,,552951,ɐ̃ŋtonjæ,0.4285714285714285,0.8571428571428571,0.4285714285714285,0.5714285714285714,0.0,0.0,0.4285714285714285,0.0,0.8571428571428571,0.5,0.2857142857142857,0.3571428571428571,0.0,0.2857142857142857,0.1428571428571428,0.2857142857142857,0.1428571428571428,0.7142857142857143,0.0,7.0,0.4285714285714285,7,False,False,False,False,0,0.0
official_brazil,Antonio,M,,2231019,ɐ̃ŋtonjʊ,0.4285714285714285,0.8571428571428571,0.4285714285714285,0.5714285714285714,0.0,0.0,0.4285714285714285,0.0,0.8571428571428571,0.5,0.2857142857142857,0.3571428571428571,0.0,0.4285714285714285,0.0,0.4285714285714285,0.2857142857142857,0.5714285714285714,0.0,7.0,0.4285714285714285,7,False,False,False,False,1,0.0
official_brazil,Arthur,M,,612474,aɾətur,0.5,0.8333333333333334,0.5,0.8333333333333334,0.1666666666666666,0.0,0.0,0.0,0.8333333333333334,0.75,0.5,0.25,0.1666666666666666,0.3333333333333333,0.3333333333333333,0.5,0.1666666666666666,0.5833333333333334,0.0,6.0,0.5,6,False,False,False,False,1,0.0
official_brazil,Beatriz,F,,442164,beatris,0.4285714285714285,0.5714285714285714,0.5714285714285714,0.7142857142857143,0.0714285714285714,0.0,0.0,0.1428571428571428,0.7142857142857143,0.7857142857142857,0.4285714285714285,0.2857142857142857,0.1428571428571428,0.2142857142857142,0.2142857142857142,0.1428571428571428,0.0,0.7142857142857143,0.0,7.0,0.4285714285714285,7,False,False,False,False,0,0.0
official_brazil,Bruna,F,,463671,brunæ,0.4,0.8,0.6,0.6,0.1,0.0,0.2,0.0,1.0,0.8,0.4,0.3,0.4,0.3,0.3,0.2,0.2,0.7,0.0,5.0,0.4,5,False,False,False,False,0,0.0
official_brazil,Bruno,M,,642042,brunʊ,0.4,0.8,0.6,0.6,0.1,0.0,0.2,0.0,1.0,0.8,0.4,0.3,0.4,0.5,0.1,0.4,0.4,0.5,0.0,5.0,0.4,5,False,False,False,False,1,0.0
official_brazil,Camila,F,,435131,kæmilæ,0.5,0.8333333333333334,0.5,0.6666666666666666,0.0,0.1666666666666666,0.1666666666666666,0.0,0.8333333333333334,0.5833333333333334,0.1666666666666666,0.4166666666666667,0.1666666666666666,0.3333333333333333,0.3333333333333333,0.1666666666666666,0.0,0.75,0.0,6.0,0.5,6,False,False,False,False,0,0.0
official_brazil,Carlos,M,,1468116,kaɾəlʊs,0.4285714285714285,0.7142857142857143,0.5714285714285714,0.8571428571428571,0.0714285714285714,0.1428571428571428,0.0,0.1428571428571428,0.7142857142857143,0.6428571428571429,0.4285714285714285,0.2857142857142857,0.0,0.3571428571428571,0.2142857142857142,0.5714285714285714,0.1428571428571428,0.4285714285714285,0.0,7.0,0.4285714285714285,6,False,False,False,False,1,0.0
official_brazil,Daniel,M,,765852,dæniɛʊ,0.6666666666666666,0.8333333333333334,0.3333333333333333,0.6666666666666666,0.0,0.0,0.1666666666666666,0.0,1.0,0.6666666666666666,0.3333333333333333,0.3333333333333333,0.0,0.3333333333333333,0.1666666666666666,0.1666666666666666,0.1666666666666666,0.5,0.0,6.0,0.6666666666666666,6,False,False,False,False,1,0.0
official_brazil,Davi,M,,868418,davi,0.5,0.5,0.5,0.75,0.0,0.0,0.0,0.25,1.0,0.75,0.25,0.375,0.25,0.25,0.25,0.25,0.0,0.75,0.0,4.0,0.5,4,False,False,False,False,1,0.0
official_brazil,Eduardo,M,,654801,eduaɾədʊ,0.625,0.75,0.375,0.75,0.0625,0.0,0.0,0.0,1.0,0.6875,0.375,0.3125,0.125,0.3125,0.1875,0.5,0.25,0.5625,0.0,8.0,0.625,7,False,False,False,False,1,0.0
official_brazil,Fabio,M,,497865,fabjʊ,0.4,0.6,0.4,0.8,0.0,0.0,0.0,0.2,0.8,0.6,0.0,0.5,0.4,0.4,0.2,0.4,0.2,0.5,0.0,5.0,0.4,5,False,False,False,False,1,0.0
official_brazil,Felipe,M,,672032,felipy,0.5,0.6666666666666666,0.5,0.8333333333333334,0.0,0.1666666666666666,0.0,0.1666666666666666,0.6666666666666666,0.75,0.1666666666666666,0.4166666666666667,0.5,0.3333333333333333,0.0,0.0,0.1666666666666666,0.75,0.0,6.0,0.5,6,False,False,False,False,1,0.0
official_brazil,Fernanda,F,,520705,feɾənɐ̃ŋdæ,0.4444444444444444,0.7777777777777778,0.5555555555555556,0.6666666666666666,0.0555555555555555,0.0,0.3333333333333333,0.1111111111111111,0.8888888888888888,0.6666666666666666,0.3333333333333333,0.3333333333333333,0.1111111111111111,0.1666666666666666,0.1666666666666666,0.2222222222222222,0.0,0.6111111111111112,0.0,9.0,0.4444444444444444,8,False,False,False,False,0,0.0
official_brazil,Fernando,M,,499165,feɾənɐ̃ŋdʊ,0.4444444444444444,0.7777777777777778,0.5555555555555556,0.6666666666666666,0.0555555555555555,0.0,0.3333333333333333,0.1111111111111111,0.8888888888888888,0.6666666666666666,0.3333333333333333,0.3333333333333333,0.1111111111111111,0.2777777777777778,0.0555555555555555,0.3333333333333333,0.1111111111111111,0.5,0.0,9.0,0.4444444444444444,8,False,False,False,False,1,0.0
official_brazil,Francisca,F,,661582,frɐ̃ŋsiskæ,0.3333333333333333,0.5555555555555556,0.6666666666666666,0.7777777777777778,0.0555555555555555,0.0,0.2222222222222222,0.3333333333333333,0.5555555555555556,0.6111111111111112,0.3333333333333333,0.3333333333333333,0.1111111111111111,0.3888888888888889,0.1666666666666666,0.2222222222222222,0.0,0.6666666666666666,0.0,9.0,0.3333333333333333,9,False,False,False,False,0,0.0
official_brazil,Francisco,M,,1659196,frɐ̃ŋsiskʊ,0.3333333333333333,0.5555555555555556,0.6666666666666666,0.7777777777777778,0.0555555555555555,0.0,0.2222222222222222,0.3333333333333333,0.5555555555555556,0.6111111111111112,0.3333333333333333,0.3333333333333333,0.1111111111111111,0.5,0.0555555555555555,0.3333333333333333,0.1111111111111111,0.5555555555555556,0.0,9.0,0.3333333333333333,9,False,False,False,False,1,0.0
official_brazil,Gabriel,M,,1201030,ɡabriɛʊ,0.5714285714285714,0.7142857142857143,0.4285714285714285,0.7142857142857143,0.0714285714285714,0.0,0.0,0.0,1.0,0.5714285714285714,0.1428571428571428,0.4285714285714285,0.1428571428571428,0.5,0.2142857142857142,0.4285714285714285,0.1428571428571428,0.5,0.0,7.0,0.5714285714285714,7,False,False,False,False,1,0.0
official_brazil,Gabriela,F,,414280,ɡabriɛlæ,0.5,0.75,0.5,0.75,0.0625,0.125,0.0,0.0,1.0,0.625,0.25,0.375,0.125,0.3125,0.3125,0.25,0.0,0.625,0.0,8.0,0.5,8,False,False,False,False,0,0.0
official_brazil,Guilherme,M,,671429,ɡiljɛɾəmy,0.4444444444444444,0.8888888888888888,0.4444444444444444,0.7777777777777778,0.0555555555555555,0.1111111111111111,0.1111111111111111,0.0,1.0,0.5555555555555556,0.2222222222222222,0.3888888888888889,0.2222222222222222,0.5,0.0555555555555555,0.2222222222222222,0.1111111111111111,0.5,0.0,9.0,0.4444444444444444,9,False,False,False,False,1,0.0
official_brazil,Gustavo,M,,676017,ɡustavʊ,0.4285714285714285,0.4285714285714285,0.5714285714285714,0.7142857142857143,0.0,0.0,0.0,0.2857142857142857,0.7142857142857143,0.6428571428571429,0.2857142857142857,0.3571428571428571,0.2857142857142857,0.4285714285714285,0.1428571428571428,0.5714285714285714,0.2857142857142857,0.5714285714285714,0.0,7.0,0.4285714285714285,7,False,False,False,False,1,0.0
official_brazil,Helena,F,,364336,elenæ,0.6,1.0,0.4,0.8,0.0,0.2,0.2,0.0,1.0,0.7,0.4,0.3,0.0,0.0,0.2,0.0,0.0,0.8,0.0,5.0,0.6,6,False,False,False,False,0,0.0
official_brazil,Isabela,F,,356804,izabɛlæ,0.5714285714285714,0.7142857142857143,0.4285714285714285,0.8571428571428571,0.0,0.1428571428571428,0.0,0.1428571428571428,1.0,0.7142857142857143,0.2857142857142857,0.3571428571428571,0.1428571428571428,0.1428571428571428,0.2857142857142857,0.1428571428571428,0.0,0.6428571428571429,0.0,7.0,0.5714285714285714,7,False,False,False,False,0,0.0
official_brazil,Jessica,F,,448574,ʒɛsikæ,0.5,0.5,0.5,0.8333333333333334,0.0,0.0,0.0,0.3333333333333333,0.6666666666666666,0.4166666666666667,0.3333333333333333,0.5,0.0,0.3333333333333333,0.1666666666666666,0.1666666666666666,0.0,0.5833333333333334,0.0,6.0,0.5,7,False,False,False,False,0,0.0
official_brazil,Joao,M,,3410873,ʒoɐ̃ʊ̃,0.75,0.75,0.25,1.0,0.0,0.0,0.5,0.25,1.0,0.375,0.25,0.625,0.0,0.25,0.0,0.5,0.5,0.625,0.0,4.0,0.75,4,False,False,False,False,1,0.0
official_brazil,Jose,M,,5141822,ʒozɛ,0.5,0.5,0.5,1.0,0.0,0.0,0.0,0.5,1.0,0.5,0.5,0.5,0.0,0.0,0.0,0.25,0.25,0.5,0.0,4.0,0.5,4,False,False,False,False,1,0.0
official_brazil,Julia,F,,646239,ʒuljæ,0.4,0.8,0.4,1.0,0.0,0.2,0.0,0.2,1.0,0.4,0.4,0.5,0.2,0.4,0.2,0.2,0.2,0.7,0.0,5.0,0.4,5,False,False,False,False,0,0.0
official_brazil,Juliana,F,,536687,ʒuliɐ̃næ,0.5714285714285714,0.8571428571428571,0.4285714285714285,0.8571428571428571,0.0,0.1428571428571428,0.2857142857142857,0.1428571428571428,1.0,0.5714285714285714,0.4285714285714285,0.4285714285714285,0.1428571428571428,0.2857142857142857,0.1428571428571428,0.1428571428571428,0.1428571428571428,0.7857142857142857,0.0,7.0,0.5714285714285714,7,False,False,False,False,0,0.0
official_brazil,Larissa,F,,434295,laɾisæ,0.5,0.8333333333333334,0.5,1.0,0.0833333333333333,0.1666666666666666,0.0,0.1666666666666666,0.8333333333333334,0.75,0.5,0.25,0.0,0.25,0.4166666666666667,0.1666666666666666,0.0,0.75,0.0,6.0,0.5,7,False,False,False,False,0,0.0
official_brazil,Laura,F,,481684,laʊɾæ,0.6,1.0,0.4,1.0,0.1,0.2,0.0,0.0,1.0,0.7,0.4,0.3,0.0,0.3,0.5,0.4,0.2,0.6,0.0,5.0,0.6,5,False,False,False,False,0,0.0
official_brazil,Leonardo,M,,563952,leonaɾədʊ,0.5555555555555556,0.8888888888888888,0.4444444444444444,0.7777777777777778,0.0555555555555555,0.1111111111111111,0.1111111111111111,0.0,1.0,0.7222222222222222,0.4444444444444444,0.2777777777777778,0.0,0.1666666666666666,0.1666666666666666,0.4444444444444444,0.2222222222222222,0.5555555555555556,0.0,9.0,0.5555555555555556,8,False,False,False,False,1,0.0
official_brazil,Leticia,F,,485276,letʃisjæ,0.375,0.625,0.5,0.875,0.0,0.125,0.0,0.25,0.625,0.5625,0.5,0.375,0.0,0.25,0.125,0.0,0.0,0.6875,0.0,8.0,0.375,7,False,False,False,False,0,0.0
official_brazil,Luana,F,,363896,luɐ̃næ,0.6,1.0,0.4,0.8,0.0,0.2,0.4,0.0,1.0,0.7,0.4,0.3,0.2,0.2,0.2,0.2,0.2,0.8,0.0,5.0,0.6,5,False,False,False,False,0,0.0
official_brazil,Lucas,M,,1332182,lukæs,0.4,0.6,0.6,0.8,0.0,0.2,0.0,0.2,0.6,0.6,0.4,0.3,0.2,0.4,0.2,0.4,0.2,0.7,0.0,5.0,0.4,5,False,False,False,False,1,0.0
official_brazil,Luciana,F,,405212,lusiɐ̃næ,0.5714285714285714,0.8571428571428571,0.4285714285714285,0.8571428571428571,0.0,0.1428571428571428,0.2857142857142857,0.1428571428571428,0.8571428571428571,0.7142857142857143,0.4285714285714285,0.2857142857142857,0.1428571428571428,0.2857142857142857,0.1428571428571428,0.1428571428571428,0.1428571428571428,0.7857142857142857,0.0,7.0,0.5714285714285714,7,False,False,False,False,0,0.0
official_brazil,Luis,M,,833846,lwis,0.25,0.75,0.5,1.0,0.0,0.25,0.0,0.25,0.75,0.625,0.5,0.25,0.25,0.5,0.0,0.25,0.25,0.625,0.0,4.0,0.25,4,False,False,False,False,1,0.0
official_brazil,Luiz,M,,1328252,luis,0.5,0.75,0.5,1.0,0.0,0.25,0.0,0.25,0.75,0.75,0.5,0.25,0.25,0.5,0.0,0.25,0.25,0.75,0.0,4.0,0.5,4,False,False,False,False,1,0.0
official_brazil,Marcelo,M,,641977,maɾəsɛlʊ,0.5,0.875,0.5,0.875,0.0625,0.125,0.125,0.125,0.875,0.75,0.375,0.3125,0.125,0.1875,0.1875,0.375,0.125,0.375,0.0,8.0,0.5,7,False,False,False,False,1,0.0
official_brazil,Marcia,F,,520013,maɾəsjæ,0.4285714285714285,0.8571428571428571,0.4285714285714285,0.8571428571428571,0.0714285714285714,0.0,0.1428571428571428,0.1428571428571428,0.8571428571428571,0.6428571428571429,0.2857142857142857,0.3571428571428571,0.1428571428571428,0.2142857142857142,0.3571428571428571,0.2857142857142857,0.0,0.5714285714285714,0.0,7.0,0.4285714285714285,6,False,False,False,False,0,0.0
official_brazil,Marcos,M,,1078017,maɾəkʊs,0.4285714285714285,0.7142857142857143,0.5714285714285714,0.7142857142857143,0.0714285714285714,0.0,0.1428571428571428,0.1428571428571428,0.7142857142857143,0.6428571428571429,0.2857142857142857,0.3571428571428571,0.1428571428571428,0.3571428571428571,0.2142857142857142,0.5714285714285714,0.1428571428571428,0.4285714285714285,0.0,7.0,0.4285714285714285,6,False,False,False,False,1,0.0
official_brazil,Maria,F,,12224470,maɾiæ,0.6,1.0,0.4,0.8,0.1,0.0,0.2,0.0,1.0,0.7,0.2,0.4,0.2,0.3,0.5,0.2,0.0,0.8,0.0,5.0,0.6,5,False,False,False,False,0,0.0
official_brazil,Mariana,F,,449511,maɾiɐ̃næ,0.5714285714285714,1.0,0.4285714285714285,0.7142857142857143,0.0714285714285714,0.0,0.4285714285714285,0.0,1.0,0.7142857142857143,0.2857142857142857,0.3571428571428571,0.1428571428571428,0.2142857142857142,0.3571428571428571,0.1428571428571428,0.0,0.7857142857142857,0.0,7.0,0.5714285714285714,7,False,False,False,False,0,0.0
official_brazil,Matheus,M,,647922,mateʊs,0.5,0.6666666666666666,0.5,0.6666666666666666,0.0,0.0,0.1666666666666666,0.1666666666666666,0.6666666666666666,0.75,0.3333333333333333,0.3333333333333333,0.1666666666666666,0.1666666666666666,0.1666666666666666,0.3333333333333333,0.1666666666666666,0.5833333333333334,0.0,6.0,0.5,7,False,False,False,False,1,0.0
official_brazil,Miguel,M,,709295,miɡɛʊ,0.6,0.8,0.4,0.6,0.0,0.0,0.2,0.0,1.0,0.5,0.0,0.5,0.2,0.6,0.0,0.4,0.2,0.4,0.0,5.0,0.6,6,False,False,False,False,1,0.0
official_brazil,Patricia,F,,499140,patrisjæ,0.375,0.625,0.5,0.75,0.0625,0.0,0.0,0.125,0.625,0.6875,0.375,0.3125,0.125,0.3125,0.3125,0.125,0.0,0.6875,0.0,8.0,0.375,8,False,False,False,False,0,0.0
official_brazil,Paulo,M,,1326222,paʊlʊ,0.6,0.8,0.4,0.8,0.0,0.2,0.0,0.0,0.8,0.7,0.2,0.4,0.2,0.4,0.2,0.6,0.4,0.4,0.0,5.0,0.6,5,False,False,False,False,1,0.0
official_brazil,Pedro,M,,1613671,pedrʊ,0.4,0.6,0.6,0.6,0.1,0.0,0.0,0.0,0.8,0.8,0.4,0.3,0.2,0.3,0.1,0.2,0.2,0.5,0.0,5.0,0.4,5,False,False,False,False,1,0.0
official_brazil,Rafael,M,,867715,xafaɛʊ,0.6666666666666666,0.6666666666666666,0.3333333333333333,1.0,0.0,0.0,0.0,0.1666666666666666,0.6666666666666666,0.5,0.0,0.5,0.1666666666666666,0.3333333333333333,0.3333333333333333,0.6666666666666666,0.1666666666666666,0.5,0.0,6.0,0.6666666666666666,6,False,False,False,False,1,0.0
official_brazil,Rodrigo,M,,559407,xodriɡʊ,0.4285714285714285,0.5714285714285714,0.5714285714285714,0.7142857142857143,0.0714285714285714,0.0,0.0,0.0,0.8571428571428571,0.5,0.2857142857142857,0.3571428571428571,0.0,0.6428571428571429,0.0714285714285714,0.5714285714285714,0.2857142857142857,0.5714285714285714,0.0,7.0,0.4285714285714285,7,False,False,False,False,1,0.0
official_brazil,Samuel,M,,517994,sæmuɛʊ,0.6666666666666666,0.8333333333333334,0.3333333333333333,0.8333333333333334,0.0,0.0,0.1666666666666666,0.1666666666666666,0.8333333333333334,0.6666666666666666,0.1666666666666666,0.4166666666666667,0.3333333333333333,0.3333333333333333,0.1666666666666666,0.3333333333333333,0.3333333333333333,0.5,0.0,6.0,0.6666666666666666,6,False,False,False,False,1,0.0
official_brazil,Sandra,F,,446251,sɐ̃ŋdræ,0.3333333333333333,0.6666666666666666,0.6666666666666666,0.6666666666666666,0.0833333333333333,0.0,0.3333333333333333,0.1666666666666666,0.8333333333333334,0.6666666666666666,0.5,0.25,0.0,0.25,0.25,0.1666666666666666,0.0,0.6666666666666666,0.0,6.0,0.3333333333333333,6,False,False,False,False,0,0.0
official_brazil,Vanessa,F,,396406,vænesæ,0.5,0.6666666666666666,0.5,0.8333333333333334,0.0,0.0,0.1666666666666666,0.3333333333333333,0.8333333333333334,0.75,0.3333333333333333,0.3333333333333333,0.1666666666666666,0.0,0.3333333333333333,0.0,0.0,0.75,0.0,6.0,0.5,7,False,False,False,False,0,0.0
official_brazil,Vera,F,,335119,vɛɾæ,0.5,0.75,0.5,1.0,0.125,0.0,0.0,0.25,1.0,0.75,0.25,0.375,0.25,0.125,0.375,0.0,0.0,0.5,0.0,4.0,0.5,4,False,False,False,False,0,0.0
official_brazil,Vitoria,F,,439735,vitɔɾjæ,0.4285714285714285,0.7142857142857143,0.4285714285714285,0.8571428571428571,0.0714285714285714,0.0,0.0,0.1428571428571428,0.8571428571428571,0.6428571428571429,0.2857142857142857,0.3571428571428571,0.1428571428571428,0.3571428571428571,0.2142857142857142,0.1428571428571428,0.1428571428571428,0.5714285714285714,0.0,7.0,0.4285714285714285,7,False,False,False,False,0,0.0
official_bulgaria,Александра,F,,756,ɐleksandrɐ,0.4,0.7,0.6,0.7,0.05,0.1,0.1,0.1,0.8,0.7,0.5,0.25,0.0,0.15,0.15,0.2,0.0,0.7,0.0,10.0,0.4,10,False,False,False,False,0,0.0
official_bulgaria,Александър,M,,1813,ɐleksandər,0.4,0.7,0.6,0.7,0.05,0.1,0.1,0.1,0.8,0.7,0.5,0.25,0.0,0.15,0.15,0.3,0.0,0.6,0.0,10.0,0.4,10,False,False,False,False,1,0.0
official_bulgaria,Борис,M,,1004,boris,0.4,0.6,0.6,0.8,0.1,0.0,0.0,0.2,0.8,0.8,0.4,0.3,0.2,0.3,0.1,0.2,0.2,0.7,0.0,5.0,0.4,5,False,False,False,False,1,0.0
official_bulgaria,Виктория,F,,1348,viktorijɐ,0.4444444444444444,0.6666666666666666,0.4444444444444444,0.7777777777777778,0.0555555555555555,0.0,0.0,0.1111111111111111,0.7777777777777778,0.5555555555555556,0.2222222222222222,0.3888888888888889,0.1111111111111111,0.5,0.0555555555555555,0.2222222222222222,0.1111111111111111,0.7222222222222222,0.0,9.0,0.4444444444444444,8,False,False,False,False,0,0.0
official_bulgaria,Габриела,F,,704,ɡɐbrieɫɐ,0.5,0.75,0.5,0.75,0.125,0.125,0.0,0.0,1.0,0.625,0.25,0.375,0.125,0.3125,0.0625,0.125,0.0,0.75,0.0,8.0,0.5,8,False,False,False,False,0,0.0
official_bulgaria,Георги,M,,1843,ɡeorɡiː,0.5,0.6666666666666666,0.5,0.6666666666666666,0.0833333333333333,0.0,0.0,0.0,1.0,0.4166666666666667,0.1666666666666666,0.4166666666666667,0.0,0.5833333333333334,0.0833333333333333,0.5,0.1666666666666666,0.75,0.1666666666666666,6.0,0.5,6,False,False,False,False,1,0.0
official_bulgaria,Даниел,M,,1186,danieɫ,0.5,0.8333333333333334,0.5,0.6666666666666666,0.0833333333333333,0.1666666666666666,0.1666666666666666,0.0,1.0,0.75,0.5,0.25,0.0,0.1666666666666666,0.1666666666666666,0.1666666666666666,0.0,0.75,0.0,6.0,0.5,6,False,False,False,False,1,0.0
official_bulgaria,Дария,F,,692,darijɐ,0.5,0.8333333333333334,0.3333333333333333,0.8333333333333334,0.0833333333333333,0.0,0.0,0.0,1.0,0.5833333333333334,0.3333333333333333,0.3333333333333333,0.0,0.4166666666666667,0.25,0.1666666666666666,0.0,0.75,0.0,6.0,0.5,5,False,False,False,False,0,0.0
official_bulgaria,Димитър,M,,1283,dimitər,0.4285714285714285,0.7142857142857143,0.5714285714285714,0.5714285714285714,0.0714285714285714,0.0,0.1428571428571428,0.0,0.8571428571428571,0.7857142857142857,0.4285714285714285,0.2857142857142857,0.1428571428571428,0.3571428571428571,0.0714285714285714,0.1428571428571428,0.0,0.5714285714285714,0.0,7.0,0.4285714285714285,7,False,False,False,False,1,0.0
official_bulgaria,Елена,F,,609,elenɐ,0.6,1.0,0.4,0.8,0.0,0.2,0.2,0.0,1.0,0.7,0.4,0.3,0.0,0.0,0.0,0.0,0.0,0.8,0.0,5.0,0.6,5,False,False,False,False,0,0.0
official_bulgaria,Калоян,M,,1158,kaɫojɐn,0.4285714285714285,0.8571428571428571,0.4285714285714285,0.7142857142857143,0.0714285714285714,0.1428571428571428,0.1428571428571428,0.0,0.8571428571428571,0.5,0.2857142857142857,0.3571428571428571,0.0,0.2857142857142857,0.1428571428571428,0.4285714285714285,0.1428571428571428,0.7142857142857143,0.0,7.0,0.4285714285714285,6,False,False,False,False,1,0.0
official_bulgaria,Мария,F,,1310,marijɐ,0.5,1.0,0.3333333333333333,0.8333333333333334,0.0833333333333333,0.0,0.1666666666666666,0.0,1.0,0.5833333333333334,0.1666666666666666,0.4166666666666667,0.1666666666666666,0.4166666666666667,0.25,0.1666666666666666,0.0,0.75,0.0,6.0,0.5,5,False,False,False,False,0,0.0
official_bulgaria,Мартин,M,,1504,martin,0.3333333333333333,0.8333333333333334,0.6666666666666666,0.5,0.0833333333333333,0.0,0.3333333333333333,0.0,0.8333333333333334,0.8333333333333334,0.5,0.25,0.1666666666666666,0.25,0.25,0.1666666666666666,0.0,0.6666666666666666,0.0,6.0,0.3333333333333333,6,False,False,False,False,1,0.0
official_bulgaria,Михаела,F,,553,mixaeɫɐ,0.5714285714285714,0.8571428571428571,0.4285714285714285,0.8571428571428571,0.0714285714285714,0.1428571428571428,0.1428571428571428,0.0,0.8571428571428571,0.5714285714285714,0.1428571428571428,0.4285714285714285,0.1428571428571428,0.2857142857142857,0.1428571428571428,0.2857142857142857,0.0,0.7857142857142857,0.0,7.0,0.5714285714285714,7,False,False,False,False,0,0.0
official_bulgaria,Никол,F,,1191,nikoɫ,0.4,0.8,0.6,0.6,0.1,0.2,0.2,0.0,0.8,0.6,0.4,0.3,0.0,0.4,0.0,0.4,0.2,0.7,0.0,5.0,0.4,5,False,False,False,False,0,0.0
official_bulgaria,Никола,M,,1192,nikoɫɐ,0.5,0.8333333333333334,0.5,0.6666666666666666,0.0833333333333333,0.1666666666666666,0.1666666666666666,0.0,0.8333333333333334,0.5833333333333334,0.3333333333333333,0.3333333333333333,0.0,0.3333333333333333,0.0,0.3333333333333333,0.1666666666666666,0.75,0.0,6.0,0.5,6,False,False,False,False,1,0.0
official_bulgaria,Рая,F,,859,rajɐ,0.5,1.0,0.25,1.0,0.125,0.0,0.0,0.0,1.0,0.5,0.25,0.375,0.0,0.375,0.375,0.25,0.0,0.75,0.0,4.0,0.5,3,False,False,False,False,0,0.0
official_bulgaria,Самуил,M,,654,samuiɫ,0.5,0.8333333333333334,0.5,0.8333333333333334,0.0833333333333333,0.1666666666666666,0.1666666666666666,0.1666666666666666,0.8333333333333334,0.75,0.3333333333333333,0.3333333333333333,0.3333333333333333,0.3333333333333333,0.1666666666666666,0.3333333333333333,0.1666666666666666,0.75,0.0,6.0,0.5,6,False,False,False,False,1,0.0
official_bulgaria,София,F,,862,sofijɐ,0.5,0.6666666666666666,0.3333333333333333,1.0,0.0,0.0,0.0,0.3333333333333333,0.6666666666666666,0.5833333333333334,0.1666666666666666,0.4166666666666667,0.1666666666666666,0.3333333333333333,0.0,0.1666666666666666,0.1666666666666666,0.75,0.0,6.0,0.5,5,False,False,False,False,0,0.0
official_bulgaria,Теодор,M,,994,teodor,0.5,0.6666666666666666,0.5,0.6666666666666666,0.0833333333333333,0.0,0.0,0.0,0.8333333333333334,0.75,0.5,0.25,0.0,0.0833333333333333,0.0833333333333333,0.3333333333333333,0.3333333333333333,0.75,0.0,6.0,0.5,6,False,False,False,False,1,0.0
official_canada,Amanda,F,,2515,ɐmandə,0.5,0.8333333333333334,0.5,0.5,0.0,0.0,0.3333333333333333,0.0,1.0,0.75,0.3333333333333333,0.3333333333333333,0.1666666666666666,0.0,0.1666666666666666,0.3333333333333333,0.0,0.5833333333333334,0.0,6.0,0.5,6,False,False,False,False,0,0.0
official_canada,Andrew,M,,2887,andɹuː,0.4,0.8,0.4,0.6,0.0,0.0,0.2,0.0,1.0,0.8,0.6,0.2,0.2,0.4,0.2,0.4,0.4,0.7,0.2,5.0,0.4,6,False,False,False,False,1,0.0
official_canada,Ashley,F,,5007,aʃli,0.5,0.75,0.5,1.0,0.0,0.25,0.0,0.25,0.75,0.5,0.5,0.5,0.0,0.25,0.25,0.25,0.0,0.75,0.0,4.0,0.5,6,False,False,False,False,0,0.0
official_canada,Brandon,M,,11389,bɹandən,0.2857142857142857,0.7142857142857143,0.5714285714285714,0.4285714285714285,0.0,0.0,0.2857142857142857,0.0,1.0,0.8571428571428571,0.5714285714285714,0.2142857142857142,0.1428571428571428,0.1428571428571428,0.1428571428571428,0.2857142857142857,0.1428571428571428,0.5,0.0,7.0,0.2857142857142857,7,False,False,False,False,1,0.0
official_canada,Christopher,M,,9379,kɹɪstəfə,0.375,0.5,0.5,0.75,0.0,0.0,0.0,0.25,0.5,0.6875,0.375,0.3125,0.125,0.375,0.0,0.375,0.125,0.3125,0.0,8.0,0.375,11,False,False,False,False,1,0.0
official_canada,David,M,,6214,deɪvɪd,0.5,0.5,0.5,0.6666666666666666,0.0,0.0,0.0,0.1666666666666666,1.0,0.75,0.3333333333333333,0.3333333333333333,0.1666666666666666,0.3333333333333333,0.0,0.0,0.0,0.4166666666666667,0.0,6.0,0.5,5,False,False,False,False,1,0.0
official_canada,Emily,F,,2432,ɛmɪli,0.6,1.0,0.4,0.8,0.0,0.2,0.2,0.0,1.0,0.7,0.2,0.4,0.2,0.4,0.0,0.0,0.0,0.4,0.0,5.0,0.6,5,False,False,False,False,0,0.0
official_canada,Emma,F,,5250,ɛmə,0.6666666666666666,1.0,0.3333333333333333,0.6666666666666666,0.0,0.0,0.3333333333333333,0.0,1.0,0.6666666666666666,0.0,0.5,0.3333333333333333,0.0,0.0,0.3333333333333333,0.0,0.1666666666666666,0.0,3.0,0.6666666666666666,4,False,False,False,False,0,0.0
official_canada,Jessica,F,,26568,dʒɛsɪkə,0.4285714285714285,0.4285714285714285,0.5714285714285714,0.7142857142857143,0.0,0.0,0.0,0.2857142857142857,0.7142857142857143,0.5,0.4285714285714285,0.4285714285714285,0.0,0.2857142857142857,0.0,0.2857142857142857,0.0,0.2857142857142857,0.0,7.0,0.4285714285714285,7,False,False,False,False,0,0.0
official_canada,Jonathan,M,,2901,dʒɒnəθən,0.375,0.625,0.625,0.625,0.0,0.0,0.25,0.125,0.875,0.6875,0.625,0.4375,0.0,0.0,0.125,0.375,0.125,0.4375,0.0,8.0,0.375,8,False,False,False,False,1,0.0
official_canada,Kyle,M,,2838,kaɪl,0.5,0.75,0.5,0.75,0.0,0.25,0.0,0.0,0.75,0.5,0.25,0.375,0.0,0.5,0.25,0.5,0.0,0.5,0.0,4.0,0.5,4,False,False,False,False,1,0.0
official_canada,Matthew,M,,30486,maθjuː,0.4,0.8,0.4,0.8,0.0,0.0,0.2,0.0,0.8,0.6,0.2,0.6,0.4,0.4,0.2,0.4,0.2,0.7,0.2,5.0,0.4,7,False,False,False,False,1,0.0
official_canada,Melissa,F,,2404,məlɪsə,0.5,0.8333333333333334,0.5,0.8333333333333334,0.0,0.1666666666666666,0.1666666666666666,0.1666666666666666,0.8333333333333334,0.75,0.3333333333333333,0.3333333333333333,0.1666666666666666,0.1666666666666666,0.0,0.3333333333333333,0.0,0.25,0.0,6.0,0.5,7,False,False,False,False,0,0.0
official_canada,Michael,M,,24098,maɪkəl,0.5,0.8333333333333334,0.5,0.6666666666666666,0.0,0.1666666666666666,0.1666666666666666,0.0,0.8333333333333334,0.5833333333333334,0.1666666666666666,0.4166666666666667,0.1666666666666666,0.3333333333333333,0.1666666666666666,0.5,0.0,0.4166666666666667,0.0,6.0,0.5,7,False,False,False,False,1,0.0
official_canada,Olivia,F,,2400,ɒlɪviə,0.6666666666666666,0.8333333333333334,0.3333333333333333,1.0,0.0,0.1666666666666666,0.0,0.1666666666666666,1.0,0.6666666666666666,0.1666666666666666,0.4166666666666667,0.1666666666666666,0.3333333333333333,0.1666666666666666,0.3333333333333333,0.1666666666666666,0.5,0.0,6.0,0.6666666666666666,6,False,False,False,False,0,0.0
official_canada,Ryan,M,,9081,ɹaɪən,0.6,1.0,0.2,0.8,0.0,0.0,0.2,0.0,1.0,0.7,0.4,0.3,0.0,0.4,0.2,0.4,0.2,0.4,0.0,5.0,0.6,4,False,False,False,False,1,0.0
official_canada,Samantha,F,,7667,sɐmanθə,0.4285714285714285,0.7142857142857143,0.5714285714285714,0.7142857142857143,0.0,0.0,0.2857142857142857,0.1428571428571428,0.7142857142857143,0.7857142857142857,0.4285714285714285,0.4285714285714285,0.1428571428571428,0.0,0.1428571428571428,0.2857142857142857,0.0,0.5714285714285714,0.0,7.0,0.4285714285714285,8,False,False,False,False,0,0.0
official_canada,Sarah,F,,25534,seəɹə,0.6,0.8,0.2,1.0,0.0,0.0,0.0,0.2,0.8,0.7,0.4,0.3,0.0,0.2,0.0,0.4,0.2,0.4,0.0,5.0,0.6,5,False,False,False,False,0,0.0
official_canada,Stephanie,F,,9643,stɛfəni,0.4285714285714285,0.5714285714285714,0.5714285714285714,0.7142857142857143,0.0,0.0,0.1428571428571428,0.2857142857142857,0.5714285714285714,0.7857142857142857,0.4285714285714285,0.2857142857142857,0.1428571428571428,0.1428571428571428,0.0,0.1428571428571428,0.0,0.4285714285714285,0.0,7.0,0.4285714285714285,9,False,False,False,False,0,0.0
official_canada_british_columbia,Amanda,F,,1446,ɐmandə,0.5,0.8333333333333334,0.5,0.5,0.0,0.0,0.3333333333333333,0.0,1.0,0.75,0.3333333333333333,0.3333333333333333,0.1666666666666666,0.0,0.1666666666666666,0.3333333333333333,0.0,0.5833333333333334,0.0,6.0,0.5,6,False,False,False,False,0,0.0
official_canada_british_columbia,David,M,,8321,deɪvɪd,0.5,0.5,0.5,0.6666666666666666,0.0,0.0,0.0,0.1666666666666666,1.0,0.75,0.3333333333333333,0.3333333333333333,0.1666666666666666,0.3333333333333333,0.0,0.0,0.0,0.4166666666666667,0.0,6.0,0.5,5,False,False,False,False,1,0.0
official_canada_british_columbia,Jennifer,F,,9167,dʒɛnɪfə,0.4285714285714285,0.5714285714285714,0.5714285714285714,0.7142857142857143,0.0,0.0,0.1428571428571428,0.2857142857142857,0.8571428571428571,0.6428571428571429,0.4285714285714285,0.4285714285714285,0.1428571428571428,0.1428571428571428,0.0,0.1428571428571428,0.0,0.2857142857142857,0.0,7.0,0.4285714285714285,8,False,False,False,False,0,0.0
official_canada_british_columbia,Jessica,F,,1035,dʒɛsɪkə,0.4285714285714285,0.4285714285714285,0.5714285714285714,0.7142857142857143,0.0,0.0,0.0,0.2857142857142857,0.7142857142857143,0.5,0.4285714285714285,0.4285714285714285,0.0,0.2857142857142857,0.0,0.2857142857142857,0.0,0.2857142857142857,0.0,7.0,0.4285714285714285,7,False,False,False,False,0,0.0
official_canada_british_columbia,Linda,F,,4409,lɪndə,0.4,0.8,0.6,0.6,0.0,0.2,0.2,0.0,1.0,0.8,0.6,0.2,0.0,0.2,0.0,0.2,0.0,0.3,0.0,5.0,0.4,5,False,False,False,False,0,0.0
official_canada_british_columbia,Michael,M,,6300,maɪkəl,0.5,0.8333333333333334,0.5,0.6666666666666666,0.0,0.1666666666666666,0.1666666666666666,0.0,0.8333333333333334,0.5833333333333334,0.1666666666666666,0.4166666666666667,0.1666666666666666,0.3333333333333333,0.1666666666666666,0.5,0.0,0.4166666666666667,0.0,6.0,0.5,7,False,False,False,False,1,0.0
official_canada_british_columbia,Robert,M,,10038,ɹɒbət,0.4,0.6,0.4,0.6,0.0,0.0,0.0,0.0,0.8,0.8,0.4,0.3,0.2,0.2,0.2,0.4,0.4,0.5,0.0,5.0,0.4,6,False,False,False,False,1,0.0
official_canada_british_columbia,Susan,F,,1464,suːzən,0.4,0.6,0.6,0.8,0.0,0.0,0.2,0.4,0.8,0.8,0.6,0.2,0.2,0.2,0.0,0.4,0.2,0.5,0.2,5.0,0.4,5,False,False,False,False,0,0.0
official_canada_new_brunswick,Amanda,F,,699,ɐmandə,0.5,0.8333333333333334,0.5,0.5,0.0,0.0,0.3333333333333333,0.0,1.0,0.75,0.3333333333333333,0.3333333333333333,0.1666666666666666,0.0,0.1666666666666666,0.3333333333333333,0.0,0.5833333333333334,0.0,6.0,0.5,6,False,False,False,False,0,0.0
official_canada_new_brunswick,Ashley,F,,134,aʃli,0.5,0.75,0.5,1.0,0.0,0.25,0.0,0.25,0.75,0.5,0.5,0.5,0.0,0.25,0.25,0.25,0.0,0.75,0.0,4.0,0.5,6,False,False,False,False,0,0.0
official_canada_new_brunswick,Brandon,M,,272,bɹandən,0.2857142857142857,0.7142857142857143,0.5714285714285714,0.4285714285714285,0.0,0.0,0.2857142857142857,0.0,1.0,0.8571428571428571,0.5714285714285714,0.2142857142857142,0.1428571428571428,0.1428571428571428,0.1428571428571428,0.2857142857142857,0.1428571428571428,0.5,0.0,7.0,0.2857142857142857,7,False,False,False,False,1,0.0
official_canada_new_brunswick,Christopher,M,,895,kɹɪstəfə,0.375,0.5,0.5,0.75,0.0,0.0,0.0,0.25,0.5,0.6875,0.375,0.3125,0.125,0.375,0.0,0.375,0.125,0.3125,0.0,8.0,0.375,11,False,False,False,False,1,0.0
official_canada_new_brunswick,Jason,M,,278,dʒeɪsən,0.4285714285714285,0.5714285714285714,0.5714285714285714,0.7142857142857143,0.0,0.0,0.1428571428571428,0.2857142857142857,0.8571428571428571,0.6428571428571429,0.5714285714285714,0.3571428571428571,0.0,0.1428571428571428,0.0,0.1428571428571428,0.0,0.4285714285714285,0.0,7.0,0.4285714285714285,5,False,False,False,False,1,0.0
official_canada_new_brunswick,Jennifer,F,,877,dʒɛnɪfə,0.4285714285714285,0.5714285714285714,0.5714285714285714,0.7142857142857143,0.0,0.0,0.1428571428571428,0.2857142857142857,0.8571428571428571,0.6428571428571429,0.4285714285714285,0.4285714285714285,0.1428571428571428,0.1428571428571428,0.0,0.1428571428571428,0.0,0.2857142857142857,0.0,7.0,0.4285714285714285,8,False,False,False,False,0,0.0
official_canada_new_brunswick,Jessica,F,,1814,dʒɛsɪkə,0.4285714285714285,0.4285714285714285,0.5714285714285714,0.7142857142857143,0.0,0.0,0.0,0.2857142857142857,0.7142857142857143,0.5,0.4285714285714285,0.4285714285714285,0.0,0.2857142857142857,0.0,0.2857142857142857,0.0,0.2857142857142857,0.0,7.0,0.4285714285714285,7,False,False,False,False,0,0.0
official_canada_new_brunswick,Joseph,M,,135,dʒəʊsəf,0.4285714285714285,0.4285714285714285,0.5714285714285714,0.8571428571428571,0.0,0.0,0.0,0.4285714285714285,0.7142857142857143,0.6428571428571429,0.4285714285714285,0.4285714285714285,0.1428571428571428,0.1428571428571428,0.0,0.4285714285714285,0.1428571428571428,0.2857142857142857,0.0,7.0,0.4285714285714285,6,False,False,False,False,1,0.0
official_canada_new_brunswick,Matthew,M,,1566,maθjuː,0.4,0.8,0.4,0.8,0.0,0.0,0.2,0.0,0.8,0.6,0.2,0.6,0.4,0.4,0.2,0.4,0.2,0.7,0.2,5.0,0.4,7,False,False,False,False,1,0.0
official_canada_new_brunswick,Melissa,F,,695,məlɪsə,0.5,0.8333333333333334,0.5,0.8333333333333334,0.0,0.1666666666666666,0.1666666666666666,0.1666666666666666,0.8333333333333334,0.75,0.3333333333333333,0.3333333333333333,0.1666666666666666,0.1666666666666666,0.0,0.3333333333333333,0.0,0.25,0.0,6.0,0.5,7,False,False,False,False,0,0.0
official_canada_new_brunswick,Michael,M,,1157,maɪkəl,0.5,0.8333333333333334,0.5,0.6666666666666666,0.0,0.1666666666666666,0.1666666666666666,0.0,0.8333333333333334,0.5833333333333334,0.1666666666666666,0.4166666666666667,0.1666666666666666,0.3333333333333333,0.1666666666666666,0.5,0.0,0.4166666666666667,0.0,6.0,0.5,7,False,False,False,False,1,0.0
official_canada_new_brunswick,Ryan,M,,141,ɹaɪən,0.6,1.0,0.2,0.8,0.0,0.0,0.2,0.0,1.0,0.7,0.4,0.3,0.0,0.4,0.2,0.4,0.2,0.4,0.0,5.0,0.6,4,False,False,False,False,1,0.0
official_canada_new_brunswick,Samantha,F,,115,sɐmanθə,0.4285714285714285,0.7142857142857143,0.5714285714285714,0.7142857142857143,0.0,0.0,0.2857142857142857,0.1428571428571428,0.7142857142857143,0.7857142857142857,0.4285714285714285,0.4285714285714285,0.1428571428571428,0.0,0.1428571428571428,0.2857142857142857,0.0,0.5714285714285714,0.0,7.0,0.4285714285714285,8,False,False,False,False,0,0.0
official_canada_nova_scotia,David,M,,949,deɪvɪd,0.5,0.5,0.5,0.6666666666666666,0.0,0.0,0.0,0.1666666666666666,1.0,0.75,0.3333333333333333,0.3333333333333333,0.1666666666666666,0.3333333333333333,0.0,0.0,0.0,0.4166666666666667,0.0,6.0,0.5,5,False,False,False,False,1,0.0
official_canada_nova_scotia,John,M,,14964,dʒɒn,0.25,0.5,0.75,0.5,0.0,0.0,0.25,0.25,1.0,0.625,0.75,0.375,0.0,0.0,0.25,0.25,0.25,0.625,0.0,4.0,0.25,4,False,False,False,False,1,0.0
official_canada_nova_scotia,Linda,F,,498,lɪndə,0.4,0.8,0.6,0.6,0.0,0.2,0.2,0.0,1.0,0.8,0.6,0.2,0.0,0.2,0.0,0.2,0.0,0.3,0.0,5.0,0.4,5,False,False,False,False,0,0.0
official_canada_nova_scotia,Mary,F,,15480,meəɹi,0.6,1.0,0.2,0.8,0.0,0.0,0.2,0.0,1.0,0.7,0.2,0.4,0.2,0.4,0.0,0.2,0.2,0.6,0.0,5.0,0.6,4,False,False,False,False,0,0.0
official_canada_ontario,David,M,,28921,deɪvɪd,0.5,0.5,0.5,0.6666666666666666,0.0,0.0,0.0,0.1666666666666666,1.0,0.75,0.3333333333333333,0.3333333333333333,0.1666666666666666,0.3333333333333333,0.0,0.0,0.0,0.4166666666666667,0.0,6.0,0.5,5,False,False,False,False,1,0.0
official_canada_ontario,Jennifer,F,,16018,dʒɛnɪfə,0.4285714285714285,0.5714285714285714,0.5714285714285714,0.7142857142857143,0.0,0.0,0.1428571428571428,0.2857142857142857,0.8571428571428571,0.6428571428571429,0.4285714285714285,0.4285714285714285,0.1428571428571428,0.1428571428571428,0.0,0.1428571428571428,0.0,0.2857142857142857,0.0,7.0,0.4285714285714285,8,False,False,False,False,0,0.0
official_canada_ontario,John,M,,27858,dʒɒn,0.25,0.5,0.75,0.5,0.0,0.0,0.25,0.25,1.0,0.625,0.75,0.375,0.0,0.0,0.25,0.25,0.25,0.625,0.0,4.0,0.25,4,False,False,False,False,1,0.0
official_canada_ontario,Joseph,M,,44183,dʒəʊsəf,0.4285714285714285,0.4285714285714285,0.5714285714285714,0.8571428571428571,0.0,0.0,0.0,0.4285714285714285,0.7142857142857143,0.6428571428571429,0.4285714285714285,0.4285714285714285,0.1428571428571428,0.1428571428571428,0.0,0.4285714285714285,0.1428571428571428,0.2857142857142857,0.0,7.0,0.4285714285714285,6,False,False,False,False,1,0.0
official_canada_ontario,Linda,F,,8766,lɪndə,0.4,0.8,0.6,0.6,0.0,0.2,0.2,0.0,1.0,0.8,0.6,0.2,0.0,0.2,0.0,0.2,0.0,0.3,0.0,5.0,0.4,5,False,False,False,False,0,0.0
official_canada_ontario,M,F,,12645,ɛm,0.5,1.0,0.5,0.5,0.0,0.0,0.5,0.0,1.0,0.75,0.0,0.5,0.5,0.0,0.0,0.0,0.0,0.25,0.0,2.0,0.5,1,False,False,False,False,0,0.0
official_canada_ontario,Marie,F,,32806,mɐɹiː,0.5,1.0,0.25,0.75,0.0,0.0,0.25,0.0,1.0,0.75,0.25,0.375,0.25,0.5,0.0,0.0,0.25,0.75,0.25,4.0,0.5,5,False,False,False,False,0,0.0
official_canada_ontario,Mary,F,,13239,meəɹi,0.6,1.0,0.2,0.8,0.0,0.0,0.2,0.0,1.0,0.7,0.2,0.4,0.2,0.4,0.0,0.2,0.2,0.6,0.0,5.0,0.6,4,False,False,False,False,0,0.0
official_canada_ontario,Robert,M,,6802,ɹɒbət,0.4,0.6,0.4,0.6,0.0,0.0,0.0,0.0,0.8,0.8,0.4,0.3,0.2,0.2,0.2,0.4,0.4,0.5,0.0,5.0,0.4,6,False,False,False,False,1,0.0
official_canada_quebec,Alexandra,F,,1876,aləksɑ̃dʀa,0.4444444444444444,0.6666666666666666,0.5555555555555556,0.7777777777777778,0.1111111111111111,0.1111111111111111,0.1111111111111111,0.1111111111111111,0.7777777777777778,0.5555555555555556,0.3333333333333333,0.3333333333333333,0.0,0.1111111111111111,0.3333333333333333,0.6666666666666666,0.0,0.6111111111111112,0.0,9.0,0.4444444444444444,9,False,False,False,False,0,0.0
official_canada_quebec,Alexandre,M,,999,aləksɑ̃dʀ,0.375,0.625,0.625,0.75,0.125,0.125,0.125,0.125,0.75,0.5625,0.375,0.3125,0.0,0.125,0.25,0.625,0.0,0.5625,0.0,8.0,0.375,9,False,False,False,False,1,0.0
official_canada_quebec,Annie,F,,947,ɑni,0.6666666666666666,1.0,0.3333333333333333,0.6666666666666666,0.1666666666666666,0.0,0.3333333333333333,0.0,1.0,0.6666666666666666,0.3333333333333333,0.3333333333333333,0.0,0.3333333333333333,0.3333333333333333,0.3333333333333333,0.0,0.8333333333333334,0.0,3.0,0.6666666666666666,5,False,False,False,False,0,0.0
official_canada_quebec,Caroline,F,,979,kaʀɔlin,0.4285714285714285,0.8571428571428571,0.5714285714285714,0.7142857142857143,0.0714285714285714,0.1428571428571428,0.1428571428571428,0.0,0.8571428571428571,0.5,0.2857142857142857,0.3571428571428571,0.0,0.2857142857142857,0.1428571428571428,0.5714285714285714,0.1428571428571428,0.5714285714285714,0.0,7.0,0.4285714285714285,8,False,False,False,False,0,0.0
official_canada_quebec,Catherine,F,,3721,katəʀin,0.4285714285714285,0.7142857142857143,0.5714285714285714,0.5714285714285714,0.0714285714285714,0.0,0.1428571428571428,0.0,0.7142857142857143,0.5,0.2857142857142857,0.3571428571428571,0.0,0.2857142857142857,0.1428571428571428,0.5714285714285714,0.0,0.5714285714285714,0.0,7.0,0.4285714285714285,9,False,False,False,False,0,0.0
official_canada_quebec,David,M,,995,davi,0.5,0.5,0.5,0.75,0.0,0.0,0.0,0.25,1.0,0.75,0.25,0.375,0.25,0.25,0.25,0.25,0.0,0.75,0.0,4.0,0.5,5,False,False,False,False,1,0.0
official_canada_quebec,Emilie,F,,895,əmili,0.6,1.0,0.4,0.8,0.0,0.2,0.2,0.0,1.0,0.7,0.2,0.4,0.2,0.4,0.0,0.2,0.0,0.6,0.0,5.0,0.6,6,False,False,False,False,0,0.0
official_canada_quebec,Francis,M,,1937,fʀɑ̃sis,0.3333333333333333,0.5,0.6666666666666666,1.0,0.1666666666666666,0.0,0.1666666666666666,0.5,0.5,0.6666666666666666,0.3333333333333333,0.3333333333333333,0.1666666666666666,0.1666666666666666,0.1666666666666666,0.3333333333333333,0.0,0.6666666666666666,0.0,6.0,0.3333333333333333,7,False,False,False,False,1,0.0
official_canada_quebec,Francois,M,,969,fʀɑ̃kwa,0.3333333333333333,0.6666666666666666,0.5,0.8333333333333334,0.1666666666666666,0.0,0.1666666666666666,0.1666666666666666,0.6666666666666666,0.3333333333333333,0.0,0.5,0.3333333333333333,0.3333333333333333,0.3333333333333333,0.8333333333333334,0.1666666666666666,0.6666666666666666,0.0,6.0,0.3333333333333333,8,False,False,False,False,1,0.0
official_canada_quebec,Gabriel,M,,1942,ɡabʀjəl,0.2857142857142857,0.7142857142857143,0.5714285714285714,0.7142857142857143,0.0714285714285714,0.1428571428571428,0.0,0.0,1.0,0.4285714285714285,0.1428571428571428,0.4285714285714285,0.1428571428571428,0.2857142857142857,0.1428571428571428,0.5714285714285714,0.0,0.5,0.0,7.0,0.2857142857142857,7,False,False,False,False,1,0.0
official_canada_quebec,Genevieve,F,,936,ʒənɛvjəv,0.375,0.625,0.5,0.875,0.0,0.0,0.125,0.375,1.0,0.5625,0.25,0.5,0.25,0.125,0.0,0.25,0.0,0.3125,0.0,8.0,0.375,9,False,False,False,False,0,0.0
official_canada_quebec,Guillaume,M,,960,ɡjlom,0.2,0.8,0.6,0.6,0.0,0.2,0.2,0.0,1.0,0.5,0.2,0.4,0.2,0.4,0.0,0.4,0.2,0.6,0.0,5.0,0.2,9,False,False,False,False,1,0.0
official_canada_quebec,Isabelle,F,,890,izabɛl,0.5,0.6666666666666666,0.5,0.8333333333333334,0.0,0.1666666666666666,0.0,0.1666666666666666,1.0,0.75,0.3333333333333333,0.3333333333333333,0.1666666666666666,0.1666666666666666,0.1666666666666666,0.1666666666666666,0.0,0.5833333333333334,0.0,6.0,0.5,8,False,False,False,False,0,0.0
official_canada_quebec,Jessica,F,,1829,ʒɛsika,0.5,0.5,0.5,0.8333333333333334,0.0,0.0,0.0,0.3333333333333333,0.6666666666666666,0.4166666666666667,0.3333333333333333,0.5,0.0,0.3333333333333333,0.1666666666666666,0.3333333333333333,0.0,0.5833333333333334,0.0,6.0,0.5,7,False,False,False,False,0,0.0
official_canada_quebec,Julie,F,,934,ʒyli,0.5,0.75,0.5,1.0,0.0,0.25,0.0,0.25,1.0,0.5,0.5,0.5,0.25,0.5,0.0,0.0,0.25,0.75,0.0,4.0,0.5,5,False,False,False,False,0,0.0
official_canada_quebec,Karine,F,,948,kaʀin,0.4,0.8,0.6,0.6,0.1,0.0,0.2,0.0,0.8,0.4,0.2,0.4,0.0,0.4,0.2,0.6,0.0,0.7,0.0,5.0,0.4,6,False,False,False,False,0,0.0
official_canada_quebec,Marie Eve,F,,4755,maʀjə əv,0.4285714285714285,0.8571428571428571,0.4285714285714285,0.8571428571428571,0.0714285714285714,0.0,0.1428571428571428,0.1428571428571428,1.0,0.5,0.0,0.5,0.2857142857142857,0.1428571428571428,0.1428571428571428,0.5714285714285714,0.0,0.4285714285714285,0.0,7.0,0.4285714285714285,9,False,False,False,False,0,0.0
official_canada_quebec,Mathieu,M,,983,matjø,0.4,0.8,0.4,0.6,0.0,0.0,0.2,0.0,0.8,0.6,0.2,0.4,0.2,0.2,0.2,0.2,0.2,0.7,0.0,5.0,0.4,7,False,False,False,False,1,0.0
official_canada_quebec,Maxime,M,,993,maɡzim,0.3333333333333333,0.6666666666666666,0.6666666666666666,0.5,0.0,0.0,0.3333333333333333,0.1666666666666666,1.0,0.6666666666666666,0.1666666666666666,0.4166666666666667,0.3333333333333333,0.3333333333333333,0.1666666666666666,0.3333333333333333,0.0,0.6666666666666666,0.0,6.0,0.3333333333333333,6,False,False,False,False,1,0.0
official_canada_quebec,Melissa,F,,875,məlisa,0.5,0.8333333333333334,0.5,0.8333333333333334,0.0,0.1666666666666666,0.1666666666666666,0.1666666666666666,0.8333333333333334,0.75,0.3333333333333333,0.3333333333333333,0.1666666666666666,0.1666666666666666,0.1666666666666666,0.3333333333333333,0.0,0.5833333333333334,0.0,6.0,0.5,7,False,False,False,False,0,0.0
official_canada_quebec,Michael,M,,2896,miʃal,0.4,0.8,0.6,0.8,0.0,0.2,0.2,0.2,0.8,0.6,0.4,0.5,0.2,0.2,0.2,0.2,0.0,0.7,0.0,5.0,0.4,7,False,False,False,False,1,0.0
official_canada_quebec,Patrick,M,,970,patʀikk,0.2857142857142857,0.4285714285714285,0.7142857142857143,0.4285714285714285,0.0714285714285714,0.0,0.0,0.0,0.4285714285714285,0.4285714285714285,0.1428571428571428,0.4285714285714285,0.1428571428571428,0.4285714285714285,0.1428571428571428,0.5714285714285714,0.0,0.6428571428571429,0.0,7.0,0.2857142857142857,7,False,False,False,False,1,0.0
official_canada_quebec,Samuel,M,,2871,samyl,0.4,0.8,0.6,0.8,0.0,0.2,0.2,0.2,0.8,0.8,0.4,0.3,0.4,0.2,0.2,0.2,0.2,0.7,0.0,5.0,0.4,6,False,False,False,False,1,0.0
official_canada_quebec,Sebastien,M,,1917,səbassjɛ̃,0.375,0.5,0.5,0.875,0.0,0.0,0.125,0.375,0.625,0.6875,0.375,0.3125,0.125,0.125,0.125,0.25,0.0,0.4375,0.0,8.0,0.375,9,False,False,False,False,1,0.0
official_canada_quebec,Simon,M,,3843,simɔ̃,0.5,0.75,0.5,0.75,0.0,0.0,0.5,0.25,0.75,0.75,0.25,0.375,0.25,0.25,0.0,0.25,0.25,0.5,0.0,4.0,0.5,5,False,False,False,False,1,0.0
official_canada_quebec,Stephanie,F,,2809,stəfani,0.4285714285714285,0.5714285714285714,0.5714285714285714,0.7142857142857143,0.0,0.0,0.1428571428571428,0.2857142857142857,0.5714285714285714,0.7857142857142857,0.4285714285714285,0.2857142857142857,0.1428571428571428,0.1428571428571428,0.1428571428571428,0.2857142857142857,0.0,0.5714285714285714,0.0,7.0,0.4285714285714285,9,False,False,False,False,0,0.0
official_canada_quebec,Thomas,M,,963,tɔma,0.5,0.75,0.5,0.5,0.0,0.0,0.25,0.0,0.75,0.75,0.25,0.375,0.25,0.0,0.25,0.5,0.25,0.5,0.0,4.0,0.5,6,False,False,False,False,1,0.0
official_canada_quebec,Valerie,F,,2742,valəʀi,0.5,0.8333333333333334,0.5,1.0,0.0833333333333333,0.1666666666666666,0.0,0.1666666666666666,1.0,0.5833333333333334,0.1666666666666666,0.4166666666666667,0.1666666666666666,0.1666666666666666,0.1666666666666666,0.5,0.0,0.5833333333333334,0.0,6.0,0.5,7,False,False,False,False,0,0.0
official_canada_quebec,Vanessa,F,,942,vanɛsa,0.5,0.6666666666666666,0.5,0.8333333333333334,0.0,0.0,0.1666666666666666,0.3333333333333333,0.8333333333333334,0.75,0.3333333333333333,0.3333333333333333,0.1666666666666666,0.0,0.3333333333333333,0.3333333333333333,0.0,0.5833333333333334,0.0,6.0,0.5,7,False,False,False,False,0,0.0
official_canada_quebec,Veronique,F,,1856,vəʀɔnik,0.4285714285714285,0.7142857142857143,0.5714285714285714,0.7142857142857143,0.0714285714285714,0.0,0.1428571428571428,0.1428571428571428,0.8571428571428571,0.5,0.1428571428571428,0.4285714285714285,0.1428571428571428,0.2857142857142857,0.0,0.5714285714285714,0.1428571428571428,0.4285714285714285,0.0,7.0,0.4285714285714285,9,False,False,False,False,0,0.0
official_canada_quebec,Vincent,M,,940,vɛ̃sɑ̃,0.5,0.5,0.5,1.0,0.125,0.0,0.5,0.5,0.75,0.75,0.25,0.375,0.25,0.0,0.25,0.25,0.0,0.5,0.0,4.0,0.5,7,False,False,False,False,1,0.0
official_canada_quebec,William,M,,4765,wijjɑ̃,0.4,1.0,0.0,1.0,0.1,0.0,0.2,0.0,1.0,0.2,0.0,0.5,0.2,0.8,0.2,0.4,0.2,0.7,0.0,5.0,0.4,7,False,False,False,False,1,0.0
official_china,一诺,F,,15000,i˥ nwɔ˥˩,0.5,0.7857142857142857,0.3571428571428571,0.6428571428571429,0.2142857142857142,0.2142857142857142,0.3571428571428571,0.2142857142857142,0.7857142857142857,0.5,0.3571428571428571,0.4285714285714285,0.3571428571428571,0.5,0.2142857142857142,0.5,0.5,0.5,0.2142857142857142,7.0,0.5,2,False,False,False,False,0,0.0
official_china,依诺,F,,12000,i˥ nwɔ˥˩,0.5,0.7857142857142857,0.3571428571428571,0.6428571428571429,0.2142857142857142,0.2142857142857142,0.3571428571428571,0.2142857142857142,0.7857142857142857,0.5,0.3571428571428571,0.4285714285714285,0.3571428571428571,0.5,0.2142857142857142,0.5,0.5,0.5,0.2142857142857142,7.0,0.5,2,False,False,False,False,0,0.0
official_china,奕泽,M,,11000,i˥˩ tsɤ˧˥,0.5,0.5,0.5,0.625,0.3125,0.25,0.25,0.375,0.5,0.625,0.5,0.375,0.25,0.375,0.25,0.375,0.25,0.625,0.25,8.0,0.5,2,False,False,False,False,1,0.0
official_china,奕辰,M,,14000,i˥˩ ʈʂʰən˧˥,0.4444444444444444,0.5555555555555556,0.5555555555555556,0.5555555555555556,0.2222222222222222,0.2222222222222222,0.3333333333333333,0.3333333333333333,0.5555555555555556,0.4444444444444444,0.5555555555555556,0.3333333333333333,0.2222222222222222,0.3333333333333333,0.2222222222222222,0.3333333333333333,0.2222222222222222,0.5,0.2222222222222222,9.0,0.4444444444444444,2,False,False,False,False,1,0.0
official_china,宇泽,M,,13000,y˧˩˧ tsɤ˧˥,0.5,0.5,0.5,0.6111111111111112,0.3333333333333333,0.2777777777777778,0.2777777777777778,0.3888888888888889,0.5,0.6111111111111112,0.5,0.3888888888888889,0.3888888888888889,0.3888888888888889,0.2777777777777778,0.3888888888888889,0.3888888888888889,0.6111111111111112,0.2777777777777778,9.0,0.5,2,False,False,False,False,1,0.0
official_china,宇轩,M,,10500,y˧˩˧ ɕɥœn˥,0.4444444444444444,0.6666666666666666,0.4444444444444444,0.6666666666666666,0.3888888888888889,0.2222222222222222,0.3333333333333333,0.3333333333333333,0.6666666666666666,0.4444444444444444,0.4444444444444444,0.5,0.4444444444444444,0.5555555555555556,0.2222222222222222,0.2222222222222222,0.5555555555555556,0.5555555555555556,0.2222222222222222,9.0,0.4444444444444444,2,False,False,False,False,1,0.0
official_china,梓涵,F,,11000,tsɯ˧˩˧ xan˧˥,0.4090909090909091,0.5,0.5909090909090909,0.5909090909090909,0.2272727272727272,0.2272727272727272,0.3181818181818182,0.3181818181818182,0.5,0.5909090909090909,0.5,0.3636363636363636,0.2272727272727272,0.4090909090909091,0.3181818181818182,0.5,0.2272727272727272,0.5,0.2272727272727272,11.0,0.4090909090909091,2,False,False,False,False,0,0.0
official_china,欣怡,F,,9000,ɕin˥ i˧˥,0.5,0.6428571428571429,0.5,0.6428571428571429,0.3571428571428571,0.2142857142857142,0.3571428571428571,0.3571428571428571,0.6428571428571429,0.5,0.5,0.5,0.2142857142857142,0.6428571428571429,0.2142857142857142,0.2142857142857142,0.2142857142857142,0.6428571428571429,0.2142857142857142,7.0,0.5,2,False,False,False,False,0,0.0
official_china,沐宸,M,,23000,mu˥˩ ʈʂʰən˧˥,0.4,0.6,0.6,0.5,0.2,0.2,0.4,0.3,0.6,0.5,0.5,0.35,0.4,0.3,0.2,0.4,0.3,0.5,0.2,10.0,0.4,2,False,False,False,False,1,0.0
official_china,沐辰,M,,17000,mu˥˩ ʈʂʰən˧˥,0.4,0.6,0.6,0.5,0.2,0.2,0.4,0.3,0.6,0.5,0.5,0.35,0.4,0.3,0.2,0.4,0.3,0.5,0.2,10.0,0.4,2,False,False,False,False,1,0.0
official_china,沐阳,M,,10000,mu˥˩ jɑŋ˧˥,0.4444444444444444,0.7777777777777778,0.4444444444444444,0.5555555555555556,0.2777777777777778,0.2222222222222222,0.4444444444444444,0.2222222222222222,0.7777777777777778,0.4444444444444444,0.2222222222222222,0.5,0.4444444444444444,0.5555555555555556,0.3333333333333333,0.5555555555555556,0.3333333333333333,0.6111111111111112,0.2222222222222222,9.0,0.4444444444444444,2,False,False,False,False,1,0.0
official_china,浩宇,M,,19000,xɑʊ˥˩ y˧˩˧,0.6111111111111112,0.6111111111111112,0.3888888888888889,0.7222222222222222,0.3333333333333333,0.2777777777777778,0.2777777777777778,0.2777777777777778,0.6111111111111112,0.4444444444444444,0.2777777777777778,0.5,0.3888888888888889,0.6111111111111112,0.3888888888888889,0.6111111111111112,0.5,0.5555555555555556,0.2777777777777778,9.0,0.6111111111111112,2,False,False,False,False,1,0.0
official_china,浩然,M,,12000,xɑʊ˥˩ ʐan˧˥,0.5,0.6,0.5,0.7,0.25,0.2,0.3,0.3,0.7,0.45,0.4,0.4,0.2,0.4,0.4,0.6,0.3,0.55,0.2,10.0,0.5,2,False,False,False,False,1,0.0
official_china,艺涵,F,,13000,i˥˩ xan˧˥,0.5,0.625,0.5,0.625,0.25,0.25,0.375,0.25,0.625,0.5,0.375,0.4375,0.25,0.5,0.375,0.5,0.25,0.625,0.25,8.0,0.5,2,False,False,False,False,0,0.0
official_china,苡沫,F,,10000,i˧˩˧ mwɔ˥˩,0.5,0.7222222222222222,0.3888888888888889,0.6111111111111112,0.2777777777777778,0.2777777777777778,0.3888888888888889,0.2777777777777778,0.7222222222222222,0.5,0.2777777777777778,0.5,0.5,0.5,0.2777777777777778,0.5,0.5,0.5,0.2777777777777778,9.0,0.5,2,False,False,False,False,0,0.0
official_china,若汐,F,,18000,ʐwɔ˥˩ ɕi˥,0.4375,0.5625,0.4375,0.8125,0.3125,0.1875,0.1875,0.4375,0.6875,0.3125,0.4375,0.5,0.3125,0.5625,0.1875,0.4375,0.4375,0.5,0.1875,8.0,0.4375,2,False,False,False,False,0,0.0
official_china,茗泽,M,,15000,miŋ˧˥ tsɤ˧˥,0.4,0.6,0.6,0.5,0.25,0.2,0.4,0.3,0.6,0.6,0.4,0.4,0.3,0.4,0.2,0.4,0.2,0.6,0.2,10.0,0.4,2,False,False,False,False,1,0.0
official_china,语桐,F,,8500,y˧˩˧ tʰʊŋ˧˥,0.5,0.6111111111111112,0.5,0.5,0.2777777777777778,0.2777777777777778,0.3888888888888889,0.2777777777777778,0.6111111111111112,0.5,0.3888888888888889,0.4444444444444444,0.3888888888888889,0.6111111111111112,0.2777777777777778,0.5,0.5,0.5,0.2777777777777778,9.0,0.5,2,False,False,False,False,0,0.0
official_china,语汐,F,,8000,y˧˩˧ ɕi˥,0.5714285714285714,0.5714285714285714,0.4285714285714285,0.7142857142857143,0.4285714285714285,0.2857142857142857,0.2857142857142857,0.4285714285714285,0.5714285714285714,0.4285714285714285,0.4285714285714285,0.5714285714285714,0.4285714285714285,0.7142857142857143,0.2857142857142857,0.2857142857142857,0.4285714285714285,0.6428571428571429,0.2857142857142857,7.0,0.5714285714285714,2,False,False,False,False,0,0.0
official_china,雨桐,F,,9500,y˧˩˧ tʰʊŋ˧˥,0.5,0.6111111111111112,0.5,0.5,0.2777777777777778,0.2777777777777778,0.3888888888888889,0.2777777777777778,0.6111111111111112,0.5,0.3888888888888889,0.4444444444444444,0.3888888888888889,0.6111111111111112,0.2777777777777778,0.5,0.5,0.5,0.2777777777777778,9.0,0.5,2,False,False,False,False,0,0.0
official_colombia,Alejandro,M,,33690,alexandɾo,0.4444444444444444,0.7777777777777778,0.5555555555555556,0.7777777777777778,0.0555555555555555,0.1111111111111111,0.1111111111111111,0.0,0.8888888888888888,0.6666666666666666,0.4444444444444444,0.2777777777777778,0.0,0.1666666666666666,0.2777777777777778,0.4444444444444444,0.1111111111111111,0.7222222222222222,0.0,9.0,0.4444444444444444,9,False,False,False,False,1,0.0
official_colombia,Alexander,M,,16583,aleksandeɾ,0.4,0.7,0.6,0.7,0.05,0.1,0.1,0.1,0.8,0.7,0.5,0.25,0.0,0.15,0.25,0.3,0.0,0.7,0.0,10.0,0.4,9,False,False,False,False,1,0.0
official_colombia,Daniel,M,,20791,danjel,0.3333333333333333,0.8333333333333334,0.5,0.6666666666666666,0.0,0.1666666666666666,0.1666666666666666,0.0,1.0,0.6666666666666666,0.5,0.25,0.0,0.1666666666666666,0.1666666666666666,0.1666666666666666,0.0,0.6666666666666666,0.0,6.0,0.3333333333333333,6,False,False,False,False,1,0.0
official_colombia,Daniela,F,,44762,danjela,0.4285714285714285,0.8571428571428571,0.4285714285714285,0.7142857142857143,0.0,0.1428571428571428,0.1428571428571428,0.0,1.0,0.6428571428571429,0.4285714285714285,0.2857142857142857,0.0,0.1428571428571428,0.2857142857142857,0.2857142857142857,0.0,0.7142857142857143,0.0,7.0,0.4285714285714285,7,False,False,False,False,0,0.0
official_colombia,Emmanuel,M,,12484,emmanwel,0.375,1.0,0.5,0.625,0.0,0.125,0.375,0.0,1.0,0.6875,0.25,0.375,0.375,0.125,0.125,0.25,0.125,0.6875,0.0,8.0,0.375,8,False,False,False,False,1,0.0
official_colombia,Esteban,M,,13895,esteβan,0.4285714285714285,0.5714285714285714,0.5714285714285714,0.7142857142857143,0.0,0.0,0.1428571428571428,0.1428571428571428,0.7142857142857143,0.7857142857142857,0.4285714285714285,0.2857142857142857,0.1428571428571428,0.0,0.1428571428571428,0.1428571428571428,0.0,0.7142857142857143,0.0,7.0,0.4285714285714285,7,False,False,False,False,1,0.0
official_colombia,Gabriela,F,,21690,ɡaβɾiela,0.5,0.75,0.5,0.875,0.0625,0.125,0.0,0.0,1.0,0.625,0.25,0.375,0.125,0.3125,0.3125,0.375,0.0,0.75,0.0,8.0,0.5,8,False,False,False,False,0,0.0
official_colombia,Isabella,F,,39296,isaβeʎa,0.5714285714285714,0.7142857142857143,0.4285714285714285,1.0,0.0714285714285714,0.1428571428571428,0.0,0.1428571428571428,0.8571428571428571,0.5714285714285714,0.2857142857142857,0.5,0.1428571428571428,0.2857142857142857,0.2857142857142857,0.2857142857142857,0.0,0.7857142857142857,0.0,7.0,0.5714285714285714,8,False,False,False,False,0,0.0
official_colombia,Juliana,F,,23345,xuljana,0.4285714285714285,0.8571428571428571,0.4285714285714285,0.8571428571428571,0.0,0.1428571428571428,0.1428571428571428,0.0,0.8571428571428571,0.5,0.2857142857142857,0.3571428571428571,0.1428571428571428,0.4285714285714285,0.2857142857142857,0.5714285714285714,0.1428571428571428,0.7142857142857143,0.0,7.0,0.4285714285714285,7,False,False,False,False,0,0.0
official_colombia,Manuela,F,,23779,manwela,0.4285714285714285,1.0,0.4285714285714285,0.7142857142857143,0.0,0.1428571428571428,0.2857142857142857,0.0,1.0,0.6428571428571429,0.2857142857142857,0.3571428571428571,0.2857142857142857,0.1428571428571428,0.2857142857142857,0.4285714285714285,0.1428571428571428,0.7142857142857143,0.0,7.0,0.4285714285714285,7,False,False,False,False,0,0.0
official_colombia,Mariana,F,,60522,maɾjana,0.4285714285714285,1.0,0.4285714285714285,0.7142857142857143,0.0714285714285714,0.0,0.2857142857142857,0.0,1.0,0.6428571428571429,0.2857142857142857,0.3571428571428571,0.1428571428571428,0.2142857142857142,0.5,0.4285714285714285,0.0,0.7142857142857143,0.0,7.0,0.4285714285714285,7,False,False,False,False,0,0.0
official_colombia,Mateo,M,,19543,mateo,0.6,0.8,0.4,0.6,0.0,0.0,0.2,0.0,0.8,0.7,0.2,0.4,0.2,0.0,0.2,0.4,0.2,0.8,0.0,5.0,0.6,5,False,False,False,False,1,0.0
official_colombia,Natalia,F,,29505,natalja,0.4285714285714285,0.8571428571428571,0.4285714285714285,0.7142857142857143,0.0,0.1428571428571428,0.1428571428571428,0.0,0.8571428571428571,0.6428571428571429,0.4285714285714285,0.2857142857142857,0.0,0.1428571428571428,0.4285714285714285,0.4285714285714285,0.0,0.7142857142857143,0.0,7.0,0.4285714285714285,7,False,False,False,False,0,0.0
official_colombia,Nicolas,M,,31849,nikolas,0.4285714285714285,0.7142857142857143,0.5714285714285714,0.7142857142857143,0.0,0.1428571428571428,0.1428571428571428,0.1428571428571428,0.7142857142857143,0.6428571428571429,0.4285714285714285,0.2857142857142857,0.0,0.2857142857142857,0.1428571428571428,0.4285714285714285,0.1428571428571428,0.7142857142857143,0.0,7.0,0.4285714285714285,7,False,False,False,False,1,0.0
official_colombia,Samuel,M,,36415,samwel,0.3333333333333333,0.8333333333333334,0.5,0.8333333333333334,0.0,0.1666666666666666,0.1666666666666666,0.1666666666666666,0.8333333333333334,0.6666666666666666,0.3333333333333333,0.3333333333333333,0.3333333333333333,0.1666666666666666,0.1666666666666666,0.3333333333333333,0.1666666666666666,0.6666666666666666,0.0,6.0,0.3333333333333333,6,False,False,False,False,1,0.0
official_colombia,Santiago,M,,98405,santjaɣo,0.375,0.625,0.5,0.75,0.0,0.0,0.125,0.125,0.75,0.5625,0.375,0.3125,0.0,0.25,0.25,0.5,0.125,0.6875,0.0,8.0,0.375,8,False,False,False,False,1,0.0
official_colombia,Sebastian,M,,59305,seβastjan,0.3333333333333333,0.5555555555555556,0.5555555555555556,0.7777777777777778,0.0,0.0,0.1111111111111111,0.2222222222222222,0.6666666666666666,0.7222222222222222,0.4444444444444444,0.2777777777777778,0.1111111111111111,0.1111111111111111,0.2222222222222222,0.2222222222222222,0.0,0.6666666666666666,0.0,9.0,0.3333333333333333,9,False,False,False,False,1,0.0
official_colombia,Sofia,F,,31116,sofja,0.4,0.6,0.4,1.0,0.0,0.0,0.0,0.4,0.6,0.6,0.2,0.4,0.2,0.2,0.2,0.4,0.2,0.7,0.0,5.0,0.4,5,False,False,False,False,0,0.0
official_colombia,Valentina,F,,85559,balentina,0.4444444444444444,0.7777777777777778,0.5555555555555556,0.5555555555555556,0.0,0.1111111111111111,0.2222222222222222,0.0,0.8888888888888888,0.7777777777777778,0.4444444444444444,0.2777777777777778,0.1111111111111111,0.1111111111111111,0.2222222222222222,0.2222222222222222,0.0,0.7222222222222222,0.0,9.0,0.4444444444444444,9,False,False,False,False,0,0.0
official_colombia,Valeria,F,,35602,baleɾja,0.4285714285714285,0.8571428571428571,0.4285714285714285,0.8571428571428571,0.0714285714285714,0.1428571428571428,0.0,0.0,1.0,0.6428571428571429,0.2857142857142857,0.3571428571428571,0.1428571428571428,0.2142857142857142,0.3571428571428571,0.2857142857142857,0.0,0.7142857142857143,0.0,7.0,0.4285714285714285,7,False,False,False,False,0,0.0
official_croatia,Ana,F,,203,ana,0.6666666666666666,1.0,0.3333333333333333,0.6666666666666666,0.0,0.0,0.3333333333333333,0.0,1.0,0.6666666666666666,0.3333333333333333,0.3333333333333333,0.0,0.0,0.6666666666666666,0.6666666666666666,0.0,0.8333333333333334,0.0,3.0,0.6666666666666666,3,False,False,False,False,0,0.0
official_croatia,Ante,M,,215,ante,0.5,0.75,0.5,0.5,0.0,0.0,0.25,0.0,0.75,0.75,0.5,0.25,0.0,0.0,0.25,0.25,0.0,0.75,0.0,4.0,0.5,4,False,False,False,False,1,0.0
official_croatia,Borna,M,,250,borna,0.4,0.8,0.6,0.6,0.1,0.0,0.2,0.0,1.0,0.8,0.4,0.3,0.2,0.1,0.3,0.4,0.2,0.7,0.0,5.0,0.4,5,False,False,False,False,1,0.0
official_croatia,Cvita,F,,143,tsvita,0.3333333333333333,0.3333333333333333,0.6666666666666666,0.6666666666666666,0.0,0.0,0.0,0.3333333333333333,0.5,0.8333333333333334,0.5,0.25,0.1666666666666666,0.1666666666666666,0.1666666666666666,0.1666666666666666,0.0,0.6666666666666666,0.0,6.0,0.3333333333333333,5,False,False,False,False,0,0.0
official_croatia,David,M,,398,david,0.4,0.4,0.6,0.6,0.0,0.0,0.0,0.2,1.0,0.8,0.4,0.3,0.2,0.2,0.2,0.2,0.0,0.7,0.0,5.0,0.4,5,False,False,False,False,1,0.0
official_croatia,Dora,F,,199,dora,0.5,0.75,0.5,0.75,0.125,0.0,0.0,0.0,1.0,0.75,0.5,0.25,0.0,0.125,0.375,0.5,0.25,0.75,0.0,4.0,0.5,4,False,False,False,False,0,0.0
official_croatia,Elena,F,,205,elena,0.6,1.0,0.4,0.8,0.0,0.2,0.2,0.0,1.0,0.7,0.4,0.3,0.0,0.0,0.2,0.2,0.0,0.8,0.0,5.0,0.6,5,False,False,False,False,0,0.0
official_croatia,Ema,F,,281,ema,0.6666666666666666,1.0,0.3333333333333333,0.6666666666666666,0.0,0.0,0.3333333333333333,0.0,1.0,0.6666666666666666,0.0,0.5,0.3333333333333333,0.0,0.3333333333333333,0.3333333333333333,0.0,0.8333333333333334,0.0,3.0,0.6666666666666666,3,False,False,False,False,0,0.0
official_croatia,Ena,F,,138,ena,0.6666666666666666,1.0,0.3333333333333333,0.6666666666666666,0.0,0.0,0.3333333333333333,0.0,1.0,0.6666666666666666,0.3333333333333333,0.3333333333333333,0.0,0.0,0.3333333333333333,0.3333333333333333,0.0,0.8333333333333334,0.0,3.0,0.6666666666666666,3,False,False,False,False,0,0.0
official_croatia,Eva,F,,270,eva,0.6666666666666666,0.6666666666666666,0.3333333333333333,1.0,0.0,0.0,0.0,0.3333333333333333,1.0,0.6666666666666666,0.0,0.5,0.3333333333333333,0.0,0.3333333333333333,0.3333333333333333,0.0,0.8333333333333334,0.0,3.0,0.6666666666666666,3,False,False,False,False,0,0.0
official_croatia,Filip,M,,168,filip,0.4,0.6,0.6,0.8,0.0,0.2,0.0,0.2,0.6,0.8,0.2,0.4,0.4,0.4,0.0,0.0,0.0,0.7,0.0,5.0,0.4,5,False,False,False,False,1,0.0
official_croatia,Fran,M,,281,fran,0.25,0.75,0.75,0.75,0.125,0.0,0.25,0.25,0.75,0.875,0.5,0.25,0.25,0.125,0.375,0.25,0.0,0.625,0.0,4.0,0.25,4,False,False,False,False,1,0.0
official_croatia,Franka,F,,164,franka,0.3333333333333333,0.6666666666666666,0.6666666666666666,0.6666666666666666,0.0833333333333333,0.0,0.1666666666666666,0.1666666666666666,0.6666666666666666,0.6666666666666666,0.3333333333333333,0.3333333333333333,0.1666666666666666,0.25,0.4166666666666667,0.5,0.0,0.6666666666666666,0.0,6.0,0.3333333333333333,6,False,False,False,False,0,0.0
official_croatia,Gabriel,M,,176,ɡabriel,0.4285714285714285,0.7142857142857143,0.5714285714285714,0.7142857142857143,0.0714285714285714,0.1428571428571428,0.0,0.0,1.0,0.6428571428571429,0.2857142857142857,0.3571428571428571,0.1428571428571428,0.3571428571428571,0.2142857142857142,0.2857142857142857,0.0,0.7142857142857143,0.0,7.0,0.4285714285714285,7,False,False,False,False,1,0.0
official_croatia,Hana,F,,163,xana,0.5,0.75,0.5,0.75,0.0,0.0,0.25,0.0,0.75,0.5,0.25,0.375,0.0,0.25,0.5,0.75,0.0,0.75,0.0,4.0,0.5,4,False,False,False,False,0,0.0
official_croatia,Iva,F,,175,iva,0.6666666666666666,0.6666666666666666,0.3333333333333333,1.0,0.0,0.0,0.0,0.3333333333333333,1.0,0.6666666666666666,0.0,0.5,0.3333333333333333,0.3333333333333333,0.3333333333333333,0.3333333333333333,0.0,0.8333333333333334,0.0,3.0,0.6666666666666666,3,False,False,False,False,0,0.0
official_croatia,Ivan,M,,375,ivan,0.5,0.75,0.5,0.75,0.0,0.0,0.25,0.25,1.0,0.75,0.25,0.375,0.25,0.25,0.25,0.25,0.0,0.75,0.0,4.0,0.5,4,False,False,False,False,1,0.0
official_croatia,Ivano,M,,162,ivano,0.6,0.8,0.4,0.8,0.0,0.0,0.2,0.2,1.0,0.7,0.2,0.4,0.2,0.2,0.2,0.4,0.2,0.8,0.0,5.0,0.6,5,False,False,False,False,1,0.0
official_croatia,Jakov,M,,514,jakov,0.4,0.6,0.4,0.8,0.0,0.0,0.0,0.2,0.8,0.4,0.0,0.5,0.2,0.4,0.2,0.6,0.2,0.7,0.0,5.0,0.4,5,False,False,False,False,1,0.0
official_croatia,Jan,M,,195,jan,0.3333333333333333,1.0,0.3333333333333333,0.6666666666666666,0.0,0.0,0.3333333333333333,0.0,1.0,0.5,0.3333333333333333,0.3333333333333333,0.0,0.3333333333333333,0.3333333333333333,0.3333333333333333,0.0,0.6666666666666666,0.0,3.0,0.3333333333333333,3,False,False,False,False,1,0.0
official_croatia,Josip,M,,275,josip,0.4,0.6,0.4,0.8,0.0,0.0,0.0,0.2,0.6,0.6,0.2,0.4,0.2,0.4,0.0,0.2,0.2,0.7,0.0,5.0,0.4,5,False,False,False,False,1,0.0
official_croatia,Karlo,M,,231,karlo,0.4,0.8,0.6,0.8,0.1,0.2,0.0,0.0,0.8,0.6,0.4,0.3,0.0,0.3,0.3,0.6,0.2,0.7,0.0,5.0,0.4,5,False,False,False,False,1,0.0
official_croatia,Klara,F,,190,klara,0.4,0.8,0.6,0.8,0.1,0.2,0.0,0.0,0.8,0.6,0.4,0.3,0.0,0.3,0.5,0.6,0.0,0.7,0.0,5.0,0.4,5,False,False,False,False,0,0.0
official_croatia,Lana,F,,129,lana,0.5,1.0,0.5,0.75,0.0,0.25,0.25,0.0,1.0,0.75,0.5,0.25,0.0,0.0,0.5,0.5,0.0,0.75,0.0,4.0,0.5,4,False,False,False,False,0,0.0
official_croatia,Lara,F,,228,lara,0.5,1.0,0.5,1.0,0.125,0.25,0.0,0.0,1.0,0.75,0.5,0.25,0.0,0.125,0.625,0.5,0.0,0.75,0.0,4.0,0.5,4,False,False,False,False,0,0.0
official_croatia,Laura,F,,166,laura,0.6,1.0,0.4,1.0,0.1,0.2,0.0,0.0,1.0,0.7,0.4,0.3,0.2,0.3,0.5,0.6,0.2,0.8,0.0,5.0,0.6,5,False,False,False,False,0,0.0
official_croatia,Lea,F,,147,lea,0.6666666666666666,1.0,0.3333333333333333,1.0,0.0,0.3333333333333333,0.0,0.0,1.0,0.6666666666666666,0.3333333333333333,0.3333333333333333,0.0,0.0,0.3333333333333333,0.3333333333333333,0.0,0.8333333333333334,0.0,3.0,0.6666666666666666,3,False,False,False,False,0,0.0
official_croatia,Lena,F,,133,lena,0.5,1.0,0.5,0.75,0.0,0.25,0.25,0.0,1.0,0.75,0.5,0.25,0.0,0.0,0.25,0.25,0.0,0.75,0.0,4.0,0.5,4,False,False,False,False,0,0.0
official_croatia,Leo,M,,208,leo,0.6666666666666666,1.0,0.3333333333333333,1.0,0.0,0.3333333333333333,0.0,0.0,1.0,0.6666666666666666,0.3333333333333333,0.3333333333333333,0.0,0.0,0.0,0.3333333333333333,0.3333333333333333,0.8333333333333334,0.0,3.0,0.6666666666666666,3,False,False,False,False,1,0.0
official_croatia,Leon,M,,266,leon,0.5,1.0,0.5,0.75,0.0,0.25,0.25,0.0,1.0,0.75,0.5,0.25,0.0,0.0,0.0,0.25,0.25,0.75,0.0,4.0,0.5,4,False,False,False,False,1,0.0
official_croatia,Lovro,M,,260,lovro,0.4,0.8,0.6,1.0,0.1,0.2,0.0,0.2,1.0,0.8,0.4,0.3,0.2,0.1,0.1,0.4,0.4,0.7,0.0,5.0,0.4,5,False,False,False,False,1,0.0
official_croatia,Lucija,F,,324,lutsija,0.4285714285714285,0.7142857142857143,0.4285714285714285,0.8571428571428571,0.0,0.1428571428571428,0.0,0.1428571428571428,0.7142857142857143,0.6428571428571429,0.4285714285714285,0.2857142857142857,0.1428571428571428,0.4285714285714285,0.1428571428571428,0.2857142857142857,0.1428571428571428,0.7142857142857143,0.0,7.0,0.4285714285714285,6,False,False,False,False,0,0.0
official_croatia,Luka,M,,622,luka,0.5,0.75,0.5,0.75,0.0,0.25,0.0,0.0,0.75,0.5,0.25,0.375,0.25,0.5,0.25,0.75,0.25,0.75,0.0,4.0,0.5,4,False,False,False,False,1,0.0
official_croatia,Marija,F,,189,marija,0.5,1.0,0.3333333333333333,0.8333333333333334,0.0833333333333333,0.0,0.1666666666666666,0.0,1.0,0.5833333333333334,0.1666666666666666,0.4166666666666667,0.1666666666666666,0.4166666666666667,0.4166666666666667,0.3333333333333333,0.0,0.75,0.0,6.0,0.5,6,False,False,False,False,0,0.0
official_croatia,Marko,M,,260,marko,0.4,0.8,0.6,0.6,0.1,0.0,0.2,0.0,0.8,0.6,0.2,0.4,0.2,0.3,0.3,0.6,0.2,0.7,0.0,5.0,0.4,5,False,False,False,False,1,0.0
official_croatia,Marta,F,,321,marta,0.4,0.8,0.6,0.6,0.1,0.0,0.2,0.0,0.8,0.8,0.4,0.3,0.2,0.1,0.5,0.4,0.0,0.7,0.0,5.0,0.4,5,False,False,False,False,0,0.0
official_croatia,Matej,M,,314,matej,0.4,0.8,0.4,0.6,0.0,0.0,0.2,0.0,0.8,0.6,0.2,0.4,0.2,0.2,0.2,0.2,0.0,0.7,0.0,5.0,0.4,5,False,False,False,False,1,0.0
official_croatia,Mateo,M,,335,mateo,0.6,0.8,0.4,0.6,0.0,0.0,0.2,0.0,0.8,0.7,0.2,0.4,0.2,0.0,0.2,0.4,0.2,0.8,0.0,5.0,0.6,5,False,False,False,False,1,0.0
official_croatia,Mia,F,,355,mia,0.6666666666666666,1.0,0.3333333333333333,0.6666666666666666,0.0,0.0,0.3333333333333333,0.0,1.0,0.6666666666666666,0.0,0.5,0.3333333333333333,0.3333333333333333,0.3333333333333333,0.3333333333333333,0.0,0.8333333333333334,0.0,3.0,0.6666666666666666,3,False,False,False,False,0,0.0
official_croatia,Mihael,M,,291,mixael,0.5,0.8333333333333334,0.5,0.8333333333333334,0.0,0.1666666666666666,0.1666666666666666,0.0,0.8333333333333334,0.5833333333333334,0.1666666666666666,0.4166666666666667,0.1666666666666666,0.3333333333333333,0.1666666666666666,0.3333333333333333,0.0,0.75,0.0,6.0,0.5,6,False,False,False,False,1,0.0
official_croatia,Mila,F,,307,mila,0.5,1.0,0.5,0.75,0.0,0.25,0.25,0.0,1.0,0.75,0.25,0.375,0.25,0.25,0.25,0.25,0.0,0.75,0.0,4.0,0.5,4,False,False,False,False,0,0.0
official_croatia,Nika,F,,372,nika,0.5,0.75,0.5,0.5,0.0,0.0,0.25,0.0,0.75,0.5,0.25,0.375,0.0,0.5,0.25,0.5,0.0,0.75,0.0,4.0,0.5,4,False,False,False,False,0,0.0
official_croatia,Niko,M,,384,niko,0.5,0.75,0.5,0.5,0.0,0.0,0.25,0.0,0.75,0.5,0.25,0.375,0.0,0.5,0.0,0.5,0.25,0.75,0.0,4.0,0.5,4,False,False,False,False,1,0.0
official_croatia,Noa,M,,339,noa,0.6666666666666666,1.0,0.3333333333333333,0.6666666666666666,0.0,0.0,0.3333333333333333,0.0,1.0,0.6666666666666666,0.3333333333333333,0.3333333333333333,0.0,0.0,0.3333333333333333,0.6666666666666666,0.3333333333333333,0.8333333333333334,0.0,3.0,0.6666666666666666,3,False,False,False,False,1,0.0
official_croatia,Nora,F,,159,nora,0.5,1.0,0.5,0.75,0.125,0.0,0.25,0.0,1.0,0.75,0.5,0.25,0.0,0.125,0.375,0.5,0.25,0.75,0.0,4.0,0.5,4,False,False,False,False,0,0.0
official_croatia,Petar,M,,360,petar,0.4,0.6,0.6,0.6,0.1,0.0,0.0,0.0,0.6,0.8,0.4,0.3,0.2,0.1,0.3,0.2,0.0,0.7,0.0,5.0,0.4,5,False,False,False,False,1,0.0
official_croatia,Petra,F,,153,petra,0.4,0.6,0.6,0.6,0.1,0.0,0.0,0.0,0.6,0.8,0.4,0.3,0.2,0.1,0.3,0.2,0.0,0.7,0.0,5.0,0.4,5,False,False,False,False,0,0.0
official_croatia,Rafael,M,,169,rafael,0.5,0.8333333333333334,0.5,1.0,0.0833333333333333,0.1666666666666666,0.0,0.1666666666666666,0.8333333333333334,0.75,0.3333333333333333,0.3333333333333333,0.1666666666666666,0.0833333333333333,0.4166666666666667,0.3333333333333333,0.0,0.75,0.0,6.0,0.5,6,False,False,False,False,1,0.0
official_croatia,Rita,F,,353,rita,0.5,0.75,0.5,0.75,0.125,0.0,0.0,0.0,0.75,0.75,0.5,0.25,0.0,0.375,0.375,0.25,0.0,0.75,0.0,4.0,0.5,4,False,False,False,False,0,0.0
official_croatia,Roko,M,,353,roko,0.5,0.75,0.5,0.75,0.125,0.0,0.0,0.0,0.75,0.5,0.25,0.375,0.0,0.375,0.125,0.75,0.5,0.75,0.0,4.0,0.5,4,False,False,False,False,1,0.0
official_croatia,Sara,F,,259,sara,0.5,0.75,0.5,1.0,0.125,0.0,0.0,0.25,0.75,0.75,0.5,0.25,0.0,0.125,0.625,0.5,0.0,0.75,0.0,4.0,0.5,4,False,False,False,False,0,0.0
official_croatia,Sofia,F,,166,sofia,0.6,0.6,0.4,1.0,0.0,0.0,0.0,0.4,0.6,0.7,0.2,0.4,0.2,0.2,0.2,0.4,0.2,0.8,0.0,5.0,0.6,5,False,False,False,False,0,0.0
official_croatia,Tena,F,,213,tena,0.5,0.75,0.5,0.5,0.0,0.0,0.25,0.0,0.75,0.75,0.5,0.25,0.0,0.0,0.25,0.25,0.0,0.75,0.0,4.0,0.5,4,False,False,False,False,0,0.0
official_croatia,Teo,M,,230,teo,0.6666666666666666,0.6666666666666666,0.3333333333333333,0.6666666666666666,0.0,0.0,0.0,0.0,0.6666666666666666,0.6666666666666666,0.3333333333333333,0.3333333333333333,0.0,0.0,0.0,0.3333333333333333,0.3333333333333333,0.8333333333333334,0.0,3.0,0.6666666666666666,3,False,False,False,False,1,0.0
official_croatia,Toma,M,,441,toma,0.5,0.75,0.5,0.5,0.0,0.0,0.25,0.0,0.75,0.75,0.25,0.375,0.25,0.0,0.25,0.5,0.25,0.75,0.0,4.0,0.5,4,False,False,False,False,1,0.0
official_croatia,Una,F,,185,una,0.6666666666666666,1.0,0.3333333333333333,0.6666666666666666,0.0,0.0,0.3333333333333333,0.0,1.0,0.6666666666666666,0.3333333333333333,0.3333333333333333,0.3333333333333333,0.3333333333333333,0.3333333333333333,0.6666666666666666,0.3333333333333333,0.8333333333333334,0.0,3.0,0.6666666666666666,3,False,False,False,False,0,0.0
official_croatia,Viktor,M,,148,viktor,0.3333333333333333,0.5,0.6666666666666666,0.6666666666666666,0.0833333333333333,0.0,0.0,0.1666666666666666,0.6666666666666666,0.6666666666666666,0.3333333333333333,0.3333333333333333,0.1666666666666666,0.4166666666666667,0.0833333333333333,0.3333333333333333,0.1666666666666666,0.6666666666666666,0.0,6.0,0.3333333333333333,6,False,False,False,False,1,0.0
official_croatia,Vita,F,,141,vita,0.5,0.5,0.5,0.75,0.0,0.0,0.0,0.25,0.75,0.75,0.25,0.375,0.25,0.25,0.25,0.25,0.0,0.75,0.0,4.0,0.5,4,False,False,False,False,0,0.0
official_croatia,Vito,M,,243,vito,0.5,0.5,0.5,0.75,0.0,0.0,0.0,0.25,0.75,0.75,0.25,0.375,0.25,0.25,0.0,0.25,0.25,0.75,0.0,4.0,0.5,4,False,False,False,False,1,0.0
official_croatia,Šimun,M,,330,ʃimun,0.4,0.8,0.6,0.6,0.0,0.0,0.4,0.2,0.8,0.6,0.4,0.5,0.4,0.4,0.0,0.2,0.2,0.7,0.0,5.0,0.4,5,False,False,False,False,1,0.0
official_curacao,Ana,F,,428,ana,0.6666666666666666,1.0,0.3333333333333333,0.6666666666666666,0.0,0.0,0.3333333333333333,0.0,1.0,0.6666666666666666,0.3333333333333333,0.3333333333333333,0.0,0.0,0.6666666666666666,0.6666666666666666,0.0,0.8333333333333334,0.0,3.0,0.6666666666666666,3,False,False,False,False,0,0.0
official_curacao,Anthony,M,,328,anthoni,0.4285714285714285,0.8571428571428571,0.5714285714285714,0.5714285714285714,0.0,0.0,0.2857142857142857,0.0,0.7142857142857143,0.6428571428571429,0.4285714285714285,0.2857142857142857,0.0,0.1428571428571428,0.1428571428571428,0.4285714285714285,0.1428571428571428,0.7142857142857143,0.0,7.0,0.4285714285714285,7,False,False,False,False,1,0.0
official_curacao,Carlos,M,,420,karlos,0.3333333333333333,0.6666666666666666,0.6666666666666666,0.8333333333333334,0.0833333333333333,0.1666666666666666,0.0,0.1666666666666666,0.6666666666666666,0.6666666666666666,0.5,0.25,0.0,0.25,0.25,0.5,0.1666666666666666,0.6666666666666666,0.0,6.0,0.3333333333333333,6,False,False,False,False,1,0.0
official_curacao,Carmen,F,,276,karmeŋ,0.3333333333333333,0.8333333333333334,0.6666666666666666,0.5,0.0833333333333333,0.0,0.3333333333333333,0.0,0.8333333333333334,0.5,0.1666666666666666,0.4166666666666667,0.1666666666666666,0.4166666666666667,0.25,0.5,0.0,0.6666666666666666,0.0,6.0,0.3333333333333333,6,False,False,False,False,0,0.0
official_curacao,Daniel,M,,288,danjel,0.3333333333333333,0.8333333333333334,0.5,0.6666666666666666,0.0,0.1666666666666666,0.1666666666666666,0.0,1.0,0.6666666666666666,0.5,0.25,0.0,0.1666666666666666,0.1666666666666666,0.1666666666666666,0.0,0.6666666666666666,0.0,6.0,0.3333333333333333,6,False,False,False,False,1,0.0
official_curacao,David,M,,301,david,0.4,0.4,0.6,0.6,0.0,0.0,0.0,0.2,1.0,0.8,0.4,0.3,0.2,0.2,0.2,0.2,0.0,0.7,0.0,5.0,0.4,5,False,False,False,False,1,0.0
official_curacao,Edsel,M,,289,edsel,0.4,0.6,0.6,0.8,0.0,0.2,0.0,0.2,0.8,0.8,0.6,0.2,0.0,0.0,0.0,0.0,0.0,0.7,0.0,5.0,0.4,5,False,False,False,False,1,0.0
official_curacao,Erwin,M,,276,erwiŋ,0.4,1.0,0.4,0.8,0.1,0.0,0.2,0.0,1.0,0.4,0.2,0.4,0.2,0.7,0.1,0.4,0.2,0.7,0.0,5.0,0.4,5,False,False,False,False,1,0.0
official_curacao,Franklin,M,,386,frankliŋ,0.25,0.75,0.75,0.625,0.0625,0.125,0.25,0.125,0.75,0.625,0.375,0.3125,0.125,0.4375,0.1875,0.375,0.0,0.625,0.0,8.0,0.25,8,False,False,False,False,1,0.0
official_curacao,Gilbert,M,,265,xilbert,0.2857142857142857,0.5714285714285714,0.7142857142857143,0.7142857142857143,0.0714285714285714,0.1428571428571428,0.0,0.0,0.7142857142857143,0.7142857142857143,0.4285714285714285,0.2857142857142857,0.1428571428571428,0.3571428571428571,0.0714285714285714,0.1428571428571428,0.0,0.6428571428571429,0.0,7.0,0.2857142857142857,7,False,False,False,False,1,0.0
official_curacao,Hubert,M,,302,hubert,0.3333333333333333,0.6666666666666666,0.6666666666666666,0.6666666666666666,0.0833333333333333,0.0,0.0,0.0,0.6666666666666666,0.6666666666666666,0.3333333333333333,0.3333333333333333,0.3333333333333333,0.25,0.0833333333333333,0.3333333333333333,0.1666666666666666,0.6666666666666666,0.0,6.0,0.3333333333333333,6,False,False,False,False,1,0.0
official_curacao,Humphrey,M,,255,humphrej,0.25,0.875,0.625,0.75,0.0625,0.0,0.125,0.0,0.625,0.5,0.125,0.4375,0.375,0.3125,0.0625,0.375,0.125,0.625,0.0,8.0,0.25,8,False,False,False,False,1,0.0
official_curacao,Ingrid,F,,355,inɡrid,0.3333333333333333,0.6666666666666666,0.6666666666666666,0.5,0.0833333333333333,0.0,0.1666666666666666,0.0,1.0,0.6666666666666666,0.5,0.25,0.0,0.5833333333333334,0.0833333333333333,0.1666666666666666,0.0,0.6666666666666666,0.0,6.0,0.3333333333333333,6,False,False,False,False,0,0.0
official_curacao,Jacqueline,F,,300,jakkweline,0.4,0.8,0.4,0.7,0.0,0.1,0.1,0.0,0.8,0.4,0.2,0.4,0.1,0.5,0.1,0.4,0.1,0.7,0.0,10.0,0.4,10,False,False,False,False,0,0.0
official_curacao,Jean,F,,25,jeaŋ,0.5,1.0,0.25,0.75,0.0,0.0,0.25,0.0,1.0,0.25,0.0,0.5,0.0,0.5,0.25,0.5,0.0,0.75,0.0,4.0,0.5,4,False,False,False,False,0,0.0
official_curacao,Jean,M,,393,jeaŋ,0.5,1.0,0.25,0.75,0.0,0.0,0.25,0.0,1.0,0.25,0.0,0.5,0.0,0.5,0.25,0.5,0.0,0.75,0.0,4.0,0.5,4,False,False,False,False,1,0.0
official_curacao,Jonathan,M,,276,jonathaŋ,0.375,0.875,0.5,0.625,0.0,0.0,0.25,0.0,0.75,0.4375,0.25,0.375,0.0,0.25,0.25,0.625,0.125,0.6875,0.0,8.0,0.375,8,False,False,False,False,1,0.0
official_curacao,Jose,F,,8,jose,0.5,0.75,0.25,1.0,0.0,0.0,0.0,0.25,0.75,0.5,0.25,0.375,0.0,0.25,0.0,0.25,0.25,0.75,0.0,4.0,0.5,4,False,False,False,False,0,0.0
official_curacao,Jose,M,,715,jose,0.5,0.75,0.25,1.0,0.0,0.0,0.0,0.25,0.75,0.5,0.25,0.375,0.0,0.25,0.0,0.25,0.25,0.75,0.0,4.0,0.5,4,False,False,False,False,1,0.0
official_curacao,Juan,M,,384,jwaŋ,0.25,1.0,0.25,0.75,0.0,0.0,0.25,0.0,1.0,0.125,0.0,0.5,0.25,0.75,0.25,0.75,0.25,0.625,0.0,4.0,0.25,4,False,False,False,False,1,0.0
official_curacao,Kenneth,M,,327,kenneth,0.2857142857142857,0.7142857142857143,0.7142857142857143,0.4285714285714285,0.0,0.0,0.2857142857142857,0.0,0.5714285714285714,0.5714285714285714,0.4285714285714285,0.2857142857142857,0.0,0.1428571428571428,0.0,0.2857142857142857,0.0,0.6428571428571429,0.0,7.0,0.2857142857142857,7,False,False,False,False,1,0.0
official_curacao,Luis,M,,378,lujs,0.25,0.75,0.5,1.0,0.0,0.25,0.0,0.25,0.75,0.625,0.5,0.25,0.25,0.5,0.0,0.25,0.25,0.625,0.0,4.0,0.25,4,False,False,False,False,1,0.0
official_curacao,Maria,F,,1647,marja,0.4,1.0,0.4,0.8,0.1,0.0,0.2,0.0,1.0,0.6,0.2,0.4,0.2,0.3,0.5,0.4,0.0,0.7,0.0,5.0,0.4,5,False,False,False,False,0,0.0
official_curacao,Marie,F,,289,marje,0.4,1.0,0.4,0.8,0.1,0.0,0.2,0.0,1.0,0.6,0.2,0.4,0.2,0.3,0.3,0.2,0.0,0.7,0.0,5.0,0.4,5,False,False,False,False,0,0.0
official_curacao,Marie,M,,2,marje,0.4,1.0,0.4,0.8,0.1,0.0,0.2,0.0,1.0,0.6,0.2,0.4,0.2,0.3,0.3,0.2,0.0,0.7,0.0,5.0,0.4,5,False,False,False,False,1,0.0
official_curacao,Marlon,M,,277,marloŋ,0.3333333333333333,1.0,0.6666666666666666,0.6666666666666666,0.0833333333333333,0.1666666666666666,0.3333333333333333,0.0,1.0,0.6666666666666666,0.3333333333333333,0.3333333333333333,0.1666666666666666,0.25,0.25,0.5,0.1666666666666666,0.6666666666666666,0.0,6.0,0.3333333333333333,6,False,False,False,False,1,0.0
official_curacao,Michael,M,,419,mitʃael,0.4285714285714285,0.7142857142857143,0.5714285714285714,0.7142857142857143,0.0,0.1428571428571428,0.1428571428571428,0.1428571428571428,0.7142857142857143,0.6428571428571429,0.4285714285714285,0.4285714285714285,0.1428571428571428,0.1428571428571428,0.1428571428571428,0.1428571428571428,0.0,0.7142857142857143,0.0,7.0,0.4285714285714285,7,False,False,False,False,1,0.0
official_curacao,Raymond,M,,287,rajmond,0.2857142857142857,0.8571428571428571,0.5714285714285714,0.5714285714285714,0.0714285714285714,0.0,0.2857142857142857,0.0,1.0,0.7142857142857143,0.4285714285714285,0.2857142857142857,0.1428571428571428,0.2142857142857142,0.2142857142857142,0.2857142857142857,0.1428571428571428,0.6428571428571429,0.0,7.0,0.2857142857142857,7,False,False,False,False,1,0.0
official_curacao,Richard,M,,319,ritʃard,0.2857142857142857,0.5714285714285714,0.7142857142857143,0.7142857142857143,0.1428571428571428,0.0,0.0,0.1428571428571428,0.7142857142857143,0.7142857142857143,0.7142857142857143,0.2857142857142857,0.0,0.2857142857142857,0.2857142857142857,0.1428571428571428,0.0,0.6428571428571429,0.0,7.0,0.2857142857142857,7,False,False,False,False,1,0.0
official_curacao,Robert,M,,470,robert,0.3333333333333333,0.6666666666666666,0.6666666666666666,0.6666666666666666,0.1666666666666666,0.0,0.0,0.0,0.8333333333333334,0.8333333333333334,0.5,0.25,0.1666666666666666,0.1666666666666666,0.1666666666666666,0.1666666666666666,0.1666666666666666,0.6666666666666666,0.0,6.0,0.3333333333333333,6,False,False,False,False,1,0.0
official_curacao,Ronald,M,,391,ronald,0.3333333333333333,0.8333333333333334,0.6666666666666666,0.6666666666666666,0.0833333333333333,0.1666666666666666,0.1666666666666666,0.0,1.0,0.8333333333333334,0.6666666666666666,0.1666666666666666,0.0,0.0833333333333333,0.25,0.3333333333333333,0.1666666666666666,0.6666666666666666,0.0,6.0,0.3333333333333333,6,False,False,False,False,1,0.0
official_curacao,Sandra,F,,332,sandra,0.3333333333333333,0.6666666666666666,0.6666666666666666,0.6666666666666666,0.0833333333333333,0.0,0.1666666666666666,0.1666666666666666,0.8333333333333334,0.8333333333333334,0.6666666666666666,0.1666666666666666,0.0,0.0833333333333333,0.4166666666666667,0.3333333333333333,0.0,0.6666666666666666,0.0,6.0,0.3333333333333333,6,False,False,False,False,0,0.0
official_curacao,Stanley,M,,268,stanlej,0.2857142857142857,0.7142857142857143,0.5714285714285714,0.7142857142857143,0.0,0.1428571428571428,0.1428571428571428,0.1428571428571428,0.7142857142857143,0.7142857142857143,0.5714285714285714,0.2142857142857142,0.0,0.1428571428571428,0.1428571428571428,0.1428571428571428,0.0,0.6428571428571429,0.0,7.0,0.2857142857142857,7,False,False,False,False,1,0.0
official_czech,LEONTÝNA,F,,1,leontiːna,0.5,0.875,0.5,0.625,0.0,0.125,0.25,0.0,0.875,0.75,0.5,0.25,0.0,0.125,0.125,0.25,0.125,0.75,0.125,8.0,0.5,8,False,False,False,False,0,0.0
official_czech,LILIANA,F,,1,liliana,0.5714285714285714,1.0,0.4285714285714285,0.8571428571428571,0.0,0.2857142857142857,0.1428571428571428,0.0,1.0,0.7142857142857143,0.4285714285714285,0.2857142857142857,0.0,0.2857142857142857,0.2857142857142857,0.2857142857142857,0.0,0.7857142857142857,0.0,7.0,0.5714285714285714,7,False,False,False,False,0,0.0
official_czech,LILIEN,F,,1,lilien,0.5,1.0,0.5,0.8333333333333334,0.0,0.3333333333333333,0.1666666666666666,0.0,1.0,0.75,0.5,0.25,0.0,0.3333333333333333,0.0,0.0,0.0,0.75,0.0,6.0,0.5,6,False,False,False,False,0,0.0
official_czech,LINDA,F,,1,linda,0.4,0.8,0.6,0.6,0.0,0.2,0.2,0.0,1.0,0.8,0.6,0.2,0.0,0.2,0.2,0.2,0.0,0.7,0.0,5.0,0.4,5,False,False,False,False,0,0.0
official_czech,LUCIE,F,,1,lutsije,0.4285714285714285,0.7142857142857143,0.4285714285714285,0.8571428571428571,0.0,0.1428571428571428,0.0,0.1428571428571428,0.7142857142857143,0.6428571428571429,0.4285714285714285,0.2857142857142857,0.1428571428571428,0.4285714285714285,0.0,0.1428571428571428,0.1428571428571428,0.7142857142857143,0.0,7.0,0.4285714285714285,5,False,False,False,False,0,0.0
official_czech,MAGDALENA,F,,1,maɡdalena,0.4444444444444444,0.7777777777777778,0.5555555555555556,0.5555555555555556,0.0,0.1111111111111111,0.2222222222222222,0.0,1.0,0.6666666666666666,0.3333333333333333,0.3333333333333333,0.1111111111111111,0.1111111111111111,0.3333333333333333,0.4444444444444444,0.0,0.7222222222222222,0.0,9.0,0.4444444444444444,9,False,False,False,False,0,0.0
official_czech,MAGDALÉNA,F,,1,maɡdaleːna,0.4444444444444444,0.7777777777777778,0.5555555555555556,0.5555555555555556,0.0,0.1111111111111111,0.2222222222222222,0.0,1.0,0.6666666666666666,0.3333333333333333,0.3333333333333333,0.1111111111111111,0.1111111111111111,0.3333333333333333,0.4444444444444444,0.0,0.7222222222222222,0.1111111111111111,9.0,0.4444444444444444,9,False,False,False,False,0,0.0
official_czech,MALVÍNA,F,,1,malviːna,0.4285714285714285,0.8571428571428571,0.5714285714285714,0.7142857142857143,0.0,0.1428571428571428,0.2857142857142857,0.1428571428571428,1.0,0.7857142857142857,0.2857142857142857,0.3571428571428571,0.2857142857142857,0.1428571428571428,0.2857142857142857,0.2857142857142857,0.0,0.7142857142857143,0.1428571428571428,7.0,0.4285714285714285,7,False,False,False,False,0,0.0
official_czech,MARIANA,F,,1,mariana,0.5714285714285714,1.0,0.4285714285714285,0.7142857142857143,0.0714285714285714,0.0,0.2857142857142857,0.0,1.0,0.7142857142857143,0.2857142857142857,0.3571428571428571,0.1428571428571428,0.2142857142857142,0.5,0.4285714285714285,0.0,0.7857142857142857,0.0,7.0,0.5714285714285714,7,False,False,False,False,0,0.0
official_czech,MARIE,F,,1,marije,0.5,1.0,0.3333333333333333,0.8333333333333334,0.0833333333333333,0.0,0.1666666666666666,0.0,1.0,0.5833333333333334,0.1666666666666666,0.4166666666666667,0.1666666666666666,0.4166666666666667,0.25,0.1666666666666666,0.0,0.75,0.0,6.0,0.5,5,False,False,False,False,0,0.0
official_czech,MARKÉTA,F,,1,markeːta,0.4285714285714285,0.7142857142857143,0.5714285714285714,0.5714285714285714,0.0714285714285714,0.0,0.1428571428571428,0.0,0.7142857142857143,0.6428571428571429,0.2857142857142857,0.3571428571428571,0.1428571428571428,0.2142857142857142,0.3571428571428571,0.4285714285714285,0.0,0.7142857142857143,0.1428571428571428,7.0,0.4285714285714285,7,False,False,False,False,0,0.0
official_czech,MATYAS,M,,1,matias,0.5,0.6666666666666666,0.5,0.6666666666666666,0.0,0.0,0.1666666666666666,0.1666666666666666,0.6666666666666666,0.75,0.3333333333333333,0.3333333333333333,0.1666666666666666,0.1666666666666666,0.3333333333333333,0.3333333333333333,0.0,0.75,0.0,6.0,0.5,6,False,False,False,False,1,0.0
official_czech,MATYLDA,F,,1,matilda,0.4285714285714285,0.7142857142857143,0.5714285714285714,0.5714285714285714,0.0,0.1428571428571428,0.1428571428571428,0.0,0.8571428571428571,0.7857142857142857,0.4285714285714285,0.2857142857142857,0.1428571428571428,0.1428571428571428,0.2857142857142857,0.2857142857142857,0.0,0.7142857142857143,0.0,7.0,0.4285714285714285,7,False,False,False,False,0,0.0
official_czech,MATYÁŠ,M,,1,matiaːʃ,0.5,0.6666666666666666,0.5,0.6666666666666666,0.0,0.0,0.1666666666666666,0.1666666666666666,0.6666666666666666,0.5833333333333334,0.3333333333333333,0.5,0.1666666666666666,0.1666666666666666,0.3333333333333333,0.3333333333333333,0.0,0.75,0.1666666666666666,6.0,0.5,6,False,False,False,False,1,0.0
official_czech,MATĚJ,M,,1,macej,0.4,0.8,0.4,0.6,0.0,0.0,0.2,0.0,0.8,0.4,0.0,0.5,0.2,0.4,0.2,0.2,0.0,0.7,0.0,5.0,0.4,5,False,False,False,False,1,0.0
official_czech,MAX,M,,1,maks,0.25,0.5,0.75,0.5,0.0,0.0,0.25,0.25,0.5,0.625,0.25,0.375,0.25,0.25,0.25,0.5,0.0,0.625,0.0,4.0,0.25,3,False,False,False,False,1,0.0
official_czech,MAXIM,M,,1,maksim,0.3333333333333333,0.6666666666666666,0.6666666666666666,0.5,0.0,0.0,0.3333333333333333,0.1666666666666666,0.6666666666666666,0.6666666666666666,0.1666666666666666,0.4166666666666667,0.3333333333333333,0.3333333333333333,0.1666666666666666,0.3333333333333333,0.0,0.6666666666666666,0.0,6.0,0.3333333333333333,5,False,False,False,False,1,0.0
official_czech,MAXMILIÁN,M,,1,maksmiliaːn,0.4,0.8,0.6,0.6,0.0,0.1,0.3,0.1,0.8,0.7,0.3,0.35,0.2,0.3,0.2,0.3,0.0,0.7,0.1,10.0,0.4,9,False,False,False,False,1,0.0
official_czech,MEDA,F,,1,meda,0.5,0.75,0.5,0.5,0.0,0.0,0.25,0.0,1.0,0.75,0.25,0.375,0.25,0.0,0.25,0.25,0.0,0.75,0.0,4.0,0.5,4,False,False,False,False,0,0.0
official_czech,MIA,F,,1,mia,0.6666666666666666,1.0,0.3333333333333333,0.6666666666666666,0.0,0.0,0.3333333333333333,0.0,1.0,0.6666666666666666,0.0,0.5,0.3333333333333333,0.3333333333333333,0.3333333333333333,0.3333333333333333,0.0,0.8333333333333334,0.0,3.0,0.6666666666666666,3,False,False,False,False,0,0.0
official_czech,MICHAEL,M,,1,mixael,0.5,0.8333333333333334,0.5,0.8333333333333334,0.0,0.1666666666666666,0.1666666666666666,0.0,0.8333333333333334,0.5833333333333334,0.1666666666666666,0.4166666666666667,0.1666666666666666,0.3333333333333333,0.1666666666666666,0.3333333333333333,0.0,0.75,0.0,6.0,0.5,7,False,False,False,False,1,0.0
official_czech,MICHAELA,F,,1,mixaela,0.5714285714285714,0.8571428571428571,0.4285714285714285,0.8571428571428571,0.0,0.1428571428571428,0.1428571428571428,0.0,0.8571428571428571,0.5714285714285714,0.1428571428571428,0.4285714285714285,0.1428571428571428,0.2857142857142857,0.2857142857142857,0.4285714285714285,0.0,0.7857142857142857,0.0,7.0,0.5714285714285714,8,False,False,False,False,0,0.0
official_czech,MICHAL,M,,1,mixal,0.4,0.8,0.6,0.8,0.0,0.2,0.2,0.0,0.8,0.6,0.2,0.4,0.2,0.4,0.2,0.4,0.0,0.7,0.0,5.0,0.4,6,False,False,False,False,1,0.0
official_czech,MIKULÁŠ,M,,1,mikulaːʃ,0.4285714285714285,0.7142857142857143,0.5714285714285714,0.7142857142857143,0.0,0.1428571428571428,0.1428571428571428,0.1428571428571428,0.7142857142857143,0.5,0.2857142857142857,0.5,0.2857142857142857,0.4285714285714285,0.1428571428571428,0.4285714285714285,0.1428571428571428,0.7142857142857143,0.1428571428571428,7.0,0.4285714285714285,7,False,False,False,False,1,0.0
official_czech,MILAN,M,,1,milan,0.4,1.0,0.6,0.6,0.0,0.2,0.4,0.0,1.0,0.8,0.4,0.3,0.2,0.2,0.2,0.2,0.0,0.7,0.0,5.0,0.4,5,False,False,False,False,1,0.0
official_czech,MIROSLAV,M,,1,miroslav,0.375,0.75,0.625,0.875,0.0625,0.125,0.125,0.25,0.875,0.8125,0.375,0.3125,0.25,0.1875,0.1875,0.25,0.125,0.6875,0.0,8.0,0.375,8,False,False,False,False,1,0.0
official_czech,MONIKA,F,,1,monika,0.5,0.8333333333333334,0.5,0.5,0.0,0.0,0.3333333333333333,0.0,0.8333333333333334,0.5833333333333334,0.1666666666666666,0.4166666666666667,0.1666666666666666,0.3333333333333333,0.1666666666666666,0.5,0.1666666666666666,0.75,0.0,6.0,0.5,6,False,False,False,False,0,0.0
official_czech,NATÁLIE,F,,1,nataːlije,0.5,0.875,0.375,0.75,0.0,0.125,0.125,0.0,0.875,0.625,0.375,0.3125,0.0,0.25,0.25,0.25,0.0,0.75,0.125,8.0,0.5,7,False,False,False,False,0,0.0
official_czech,NELA,F,,1,nela,0.5,1.0,0.5,0.75,0.0,0.25,0.25,0.0,1.0,0.75,0.5,0.25,0.0,0.0,0.25,0.25,0.0,0.75,0.0,4.0,0.5,4,False,False,False,False,0,0.0
official_czech,NELLA,F,,1,nela,0.5,1.0,0.5,0.75,0.0,0.25,0.25,0.0,1.0,0.75,0.5,0.25,0.0,0.0,0.25,0.25,0.0,0.75,0.0,4.0,0.5,5,False,False,False,False,0,0.0
official_czech,NICOLAS,M,,1,ɲitsolas,0.375,0.625,0.625,0.75,0.0,0.125,0.125,0.25,0.625,0.6875,0.5,0.25,0.0,0.25,0.125,0.25,0.125,0.6875,0.0,8.0,0.375,7,False,False,False,False,1,0.0
official_czech,NIKOL,F,,1,ɲikol,0.4,0.8,0.6,0.6,0.0,0.2,0.2,0.0,0.8,0.4,0.2,0.4,0.0,0.6,0.0,0.4,0.2,0.7,0.0,5.0,0.4,5,False,False,False,False,0,0.0
official_czech,NIKOLA,F,,1,ɲikola,0.5,0.8333333333333334,0.5,0.6666666666666666,0.0,0.1666666666666666,0.1666666666666666,0.0,0.8333333333333334,0.4166666666666667,0.1666666666666666,0.4166666666666667,0.0,0.5,0.1666666666666666,0.5,0.1666666666666666,0.75,0.0,6.0,0.5,6,False,False,False,False,0,0.0
official_czech,NIKOLAS,M,,1,ɲikolas,0.4285714285714285,0.7142857142857143,0.5714285714285714,0.7142857142857143,0.0,0.1428571428571428,0.1428571428571428,0.1428571428571428,0.7142857142857143,0.5,0.2857142857142857,0.3571428571428571,0.0,0.4285714285714285,0.1428571428571428,0.4285714285714285,0.1428571428571428,0.7142857142857143,0.0,7.0,0.4285714285714285,7,False,False,False,False,1,0.0
official_czech,NINA,F,,1,ɲina,0.5,1.0,0.5,0.5,0.0,0.0,0.5,0.0,1.0,0.5,0.25,0.375,0.0,0.5,0.25,0.25,0.0,0.75,0.0,4.0,0.5,4,False,False,False,False,0,0.0
official_czech,OLIVER,M,,1,oliver,0.5,0.8333333333333334,0.5,1.0,0.0833333333333333,0.1666666666666666,0.0,0.1666666666666666,1.0,0.75,0.3333333333333333,0.3333333333333333,0.1666666666666666,0.25,0.0833333333333333,0.1666666666666666,0.1666666666666666,0.75,0.0,6.0,0.5,6,False,False,False,False,1,0.0
official_czech,OLIVIA,F,,1,olivia,0.6666666666666666,0.8333333333333334,0.3333333333333333,1.0,0.0,0.1666666666666666,0.0,0.1666666666666666,1.0,0.6666666666666666,0.1666666666666666,0.4166666666666667,0.1666666666666666,0.3333333333333333,0.1666666666666666,0.3333333333333333,0.1666666666666666,0.8333333333333334,0.0,6.0,0.6666666666666666,6,False,False,False,False,0,0.0
official_czech,OLÍVIE,F,,1,oliːvije,0.5714285714285714,0.8571428571428571,0.2857142857142857,1.0,0.0,0.1428571428571428,0.0,0.1428571428571428,1.0,0.5714285714285714,0.1428571428571428,0.4285714285714285,0.1428571428571428,0.4285714285714285,0.0,0.1428571428571428,0.1428571428571428,0.7857142857142857,0.1428571428571428,7.0,0.5714285714285714,6,False,False,False,False,0,0.0
official_czech,ONDŘEJ,M,,1,ondr̝eɪ,0.5,0.8333333333333334,0.5,0.6666666666666666,0.0833333333333333,0.0,0.1666666666666666,0.0,1.0,0.75,0.5,0.25,0.0,0.25,0.0833333333333333,0.1666666666666666,0.1666666666666666,0.5833333333333334,0.0,6.0,0.5,6,False,False,False,False,1,0.0
official_czech,OSKAR,M,,1,oskar,0.4,0.6,0.6,0.8,0.1,0.0,0.0,0.2,0.6,0.6,0.4,0.3,0.0,0.3,0.3,0.6,0.2,0.7,0.0,5.0,0.4,5,False,False,False,False,1,0.0
official_czech,PATRIK,M,,1,patrik,0.3333333333333333,0.5,0.6666666666666666,0.5,0.0833333333333333,0.0,0.0,0.0,0.5,0.6666666666666666,0.3333333333333333,0.3333333333333333,0.1666666666666666,0.4166666666666667,0.25,0.3333333333333333,0.0,0.6666666666666666,0.0,6.0,0.3333333333333333,6,False,False,False,False,1,0.0
official_czech,PAVEL,M,,1,pavel,0.4,0.6,0.6,0.8,0.0,0.2,0.0,0.2,0.8,0.8,0.2,0.4,0.4,0.0,0.2,0.2,0.0,0.7,0.0,5.0,0.4,5,False,False,False,False,1,0.0
official_czech,PETR,M,,1,petr̩,0.5,0.5,0.75,0.5,0.125,0.0,0.0,0.0,0.5,0.875,0.5,0.25,0.25,0.125,0.125,0.0,0.0,0.625,0.0,4.0,0.5,4,False,False,False,False,1,0.0
official_czech,RADEK,M,,1,radek,0.4,0.6,0.6,0.6,0.1,0.0,0.0,0.0,0.8,0.6,0.4,0.3,0.0,0.3,0.3,0.4,0.0,0.7,0.0,5.0,0.4,5,False,False,False,False,1,0.0
official_czech,RADIM,M,,1,raɟim,0.4,0.8,0.6,0.6,0.1,0.0,0.2,0.0,1.0,0.6,0.2,0.4,0.2,0.5,0.3,0.2,0.0,0.7,0.0,5.0,0.4,5,False,False,False,False,1,0.0
official_czech,RICHARD,M,,1,rixart,0.3333333333333333,0.6666666666666666,0.6666666666666666,0.8333333333333334,0.1666666666666666,0.0,0.0,0.0,0.6666666666666666,0.6666666666666666,0.5,0.25,0.0,0.5,0.3333333333333333,0.3333333333333333,0.0,0.6666666666666666,0.0,6.0,0.3333333333333333,7,False,False,False,False,1,0.0
official_czech,ROBERT,M,,1,robert,0.3333333333333333,0.6666666666666666,0.6666666666666666,0.6666666666666666,0.1666666666666666,0.0,0.0,0.0,0.8333333333333334,0.8333333333333334,0.5,0.25,0.1666666666666666,0.1666666666666666,0.1666666666666666,0.1666666666666666,0.1666666666666666,0.6666666666666666,0.0,6.0,0.3333333333333333,6,False,False,False,False,1,0.0
official_czech,ROBIN,M,,1,robin,0.4,0.8,0.6,0.6,0.1,0.0,0.2,0.0,1.0,0.8,0.4,0.3,0.2,0.3,0.1,0.2,0.2,0.7,0.0,5.0,0.4,5,False,False,False,False,1,0.0
official_czech,ROMAN,M,,1,roman,0.4,1.0,0.6,0.6,0.1,0.0,0.4,0.0,1.0,0.8,0.4,0.3,0.2,0.1,0.3,0.4,0.2,0.7,0.0,5.0,0.4,5,False,False,False,False,1,0.0
official_czech,ROZÁLIE,F,,1,rozaːlije,0.5,0.875,0.375,1.0,0.0625,0.125,0.0,0.125,1.0,0.625,0.375,0.3125,0.0,0.3125,0.1875,0.25,0.125,0.75,0.125,8.0,0.5,7,False,False,False,False,0,0.0
official_czech,SAMUEL,M,,1,samuel,0.5,0.8333333333333334,0.5,0.8333333333333334,0.0,0.1666666666666666,0.1666666666666666,0.1666666666666666,0.8333333333333334,0.75,0.3333333333333333,0.3333333333333333,0.3333333333333333,0.1666666666666666,0.1666666666666666,0.3333333333333333,0.1666666666666666,0.75,0.0,6.0,0.5,6,False,False,False,False,1,0.0
official_czech,TOMÁŠ,M,,1,tomaːʃ,0.4,0.6,0.6,0.6,0.0,0.0,0.2,0.2,0.6,0.6,0.4,0.5,0.2,0.0,0.2,0.4,0.2,0.7,0.2,5.0,0.4,5,False,False,False,False,1,0.0
official_czech,VALÉRIE,F,,1,valeːrije,0.5,0.875,0.375,1.0,0.0625,0.125,0.0,0.125,1.0,0.625,0.25,0.375,0.125,0.3125,0.1875,0.125,0.0,0.75,0.125,8.0,0.5,7,False,False,False,False,0,0.0
official_czech,VANESA,F,,1,vanesa,0.5,0.6666666666666666,0.5,0.8333333333333334,0.0,0.0,0.1666666666666666,0.3333333333333333,0.8333333333333334,0.75,0.3333333333333333,0.3333333333333333,0.1666666666666666,0.0,0.3333333333333333,0.3333333333333333,0.0,0.75,0.0,6.0,0.5,6,False,False,False,False,0,0.0
official_czech,VICTORIA,F,,1,vitstoria,0.4444444444444444,0.5555555555555556,0.5555555555555556,0.7777777777777778,0.0555555555555555,0.0,0.0,0.2222222222222222,0.6666666666666666,0.7777777777777778,0.4444444444444444,0.2777777777777778,0.1111111111111111,0.2777777777777778,0.1666666666666666,0.2222222222222222,0.1111111111111111,0.7222222222222222,0.0,9.0,0.4444444444444444,8,False,False,False,False,0,0.0
official_czech,VIKTORIE,F,,1,viktorije,0.4444444444444444,0.6666666666666666,0.4444444444444444,0.7777777777777778,0.0555555555555555,0.0,0.0,0.1111111111111111,0.7777777777777778,0.5555555555555556,0.2222222222222222,0.3888888888888889,0.1111111111111111,0.5,0.0555555555555555,0.2222222222222222,0.1111111111111111,0.7222222222222222,0.0,9.0,0.4444444444444444,8,False,False,False,False,0,0.0
official_czech,VINCENT,M,,1,vintsent,0.25,0.5,0.75,0.5,0.0,0.0,0.25,0.25,0.625,0.875,0.625,0.1875,0.125,0.125,0.0,0.0,0.0,0.625,0.0,8.0,0.25,7,False,False,False,False,1,0.0
official_czech,VIOLA,F,,1,viola,0.6,0.8,0.4,1.0,0.0,0.2,0.0,0.2,1.0,0.7,0.2,0.4,0.2,0.2,0.2,0.4,0.2,0.8,0.0,5.0,0.6,5,False,False,False,False,0,0.0
official_czech,VOJTĚCH,M,,1,vojcex,0.3333333333333333,0.5,0.5,0.8333333333333334,0.0,0.0,0.0,0.1666666666666666,0.6666666666666666,0.3333333333333333,0.0,0.5,0.1666666666666666,0.5,0.0,0.3333333333333333,0.1666666666666666,0.6666666666666666,0.0,6.0,0.3333333333333333,7,False,False,False,False,1,0.0
official_czech,VÁCLAV,M,,1,vaːtslav,0.2857142857142857,0.4285714285714285,0.7142857142857143,0.8571428571428571,0.0,0.1428571428571428,0.0,0.4285714285714285,0.7142857142857143,0.8571428571428571,0.4285714285714285,0.2857142857142857,0.2857142857142857,0.0,0.2857142857142857,0.2857142857142857,0.0,0.6428571428571429,0.1428571428571428,7.0,0.2857142857142857,6,False,False,False,False,1,0.0
official_czech_mv,NAIROBI,F,,1,nairobi,0.5714285714285714,0.8571428571428571,0.4285714285714285,0.7142857142857143,0.0714285714285714,0.0,0.1428571428571428,0.0,1.0,0.7142857142857143,0.2857142857142857,0.3571428571428571,0.1428571428571428,0.3571428571428571,0.2142857142857142,0.2857142857142857,0.1428571428571428,0.7857142857142857,0.0,7.0,0.5714285714285714,7,False,False,False,False,0,0.0
official_czech_mv,NAIVELIN,F,,1,naivelin,0.5,0.875,0.5,0.75,0.0,0.125,0.25,0.125,1.0,0.75,0.375,0.3125,0.125,0.25,0.125,0.125,0.0,0.75,0.0,8.0,0.5,8,False,False,False,False,0,0.0
official_czech_mv,NALA,F,,1,nala,0.5,1.0,0.5,0.75,0.0,0.25,0.25,0.0,1.0,0.75,0.5,0.25,0.0,0.0,0.5,0.5,0.0,0.75,0.0,4.0,0.5,4,False,False,False,False,0,0.0
official_czech_mv,NALANI,F,,1,nalaɲi,0.5,1.0,0.5,0.6666666666666666,0.0,0.1666666666666666,0.3333333333333333,0.0,1.0,0.5833333333333334,0.3333333333333333,0.3333333333333333,0.0,0.3333333333333333,0.3333333333333333,0.3333333333333333,0.0,0.75,0.0,6.0,0.5,6,False,False,False,False,0,0.0
official_czech_mv,NALEYA,F,,1,naleia,0.6666666666666666,1.0,0.3333333333333333,0.8333333333333334,0.0,0.1666666666666666,0.1666666666666666,0.0,1.0,0.6666666666666666,0.3333333333333333,0.3333333333333333,0.0,0.1666666666666666,0.3333333333333333,0.3333333333333333,0.0,0.8333333333333334,0.0,6.0,0.6666666666666666,6,False,False,False,False,0,0.0
official_czech_mv,NALIA,F,,1,nalia,0.6,1.0,0.4,0.8,0.0,0.2,0.2,0.0,1.0,0.7,0.4,0.3,0.0,0.2,0.4,0.4,0.0,0.8,0.0,5.0,0.6,5,False,False,False,False,0,0.0
official_czech_mv,NAMÚN,F,,1,namuːn,0.4,1.0,0.6,0.4,0.0,0.0,0.6,0.0,1.0,0.8,0.4,0.3,0.4,0.2,0.2,0.4,0.2,0.7,0.2,5.0,0.4,5,False,False,False,False,0,0.0
official_czech_mv,NANA,F,,1,nana,0.5,1.0,0.5,0.5,0.0,0.0,0.5,0.0,1.0,0.75,0.5,0.25,0.0,0.0,0.5,0.5,0.0,0.75,0.0,4.0,0.5,4,False,False,False,False,0,0.0
official_czech_mv,NANCY,F,,1,nantsi,0.3333333333333333,0.6666666666666666,0.6666666666666666,0.5,0.0,0.0,0.3333333333333333,0.1666666666666666,0.6666666666666666,0.8333333333333334,0.6666666666666666,0.1666666666666666,0.0,0.1666666666666666,0.1666666666666666,0.1666666666666666,0.0,0.6666666666666666,0.0,6.0,0.3333333333333333,5,False,False,False,False,0,0.0
official_czech_mv,NANETA,F,,1,naneta,0.5,0.8333333333333334,0.5,0.5,0.0,0.0,0.3333333333333333,0.0,0.8333333333333334,0.75,0.5,0.25,0.0,0.0,0.3333333333333333,0.3333333333333333,0.0,0.75,0.0,6.0,0.5,6,False,False,False,False,0,0.0
official_czech_mv,NANI,F,,1,naɲi,0.5,1.0,0.5,0.5,0.0,0.0,0.5,0.0,1.0,0.5,0.25,0.375,0.0,0.5,0.25,0.25,0.0,0.75,0.0,4.0,0.5,4,False,False,False,False,0,0.0
official_czech_mv,NANIJA,F,,1,naɲija,0.5,1.0,0.3333333333333333,0.6666666666666666,0.0,0.0,0.3333333333333333,0.0,1.0,0.4166666666666667,0.1666666666666666,0.4166666666666667,0.0,0.5,0.3333333333333333,0.3333333333333333,0.0,0.75,0.0,6.0,0.5,6,False,False,False,False,0,0.0
official_czech_mv,NANKLING,F,,1,naŋkliŋk,0.25,0.75,0.75,0.375,0.0,0.125,0.375,0.0,0.75,0.375,0.25,0.375,0.0,0.625,0.125,0.625,0.0,0.625,0.0,8.0,0.25,8,False,False,False,False,0,0.0
official_czech_mv,NANTENIN,F,,1,nanteɲin,0.375,0.875,0.625,0.375,0.0,0.0,0.5,0.0,0.875,0.6875,0.5,0.25,0.0,0.25,0.125,0.125,0.0,0.6875,0.0,8.0,0.375,8,False,False,False,False,0,0.0
official_czech_mv,NANY,F,,1,nani,0.5,1.0,0.5,0.5,0.0,0.0,0.5,0.0,1.0,0.75,0.5,0.25,0.0,0.25,0.25,0.25,0.0,0.75,0.0,4.0,0.5,4,False,False,False,False,0,0.0
official_czech_mv,NAOMI,F,,1,naomi,0.6,1.0,0.4,0.6,0.0,0.0,0.4,0.0,1.0,0.7,0.2,0.4,0.2,0.2,0.2,0.4,0.2,0.8,0.0,5.0,0.6,5,False,False,False,False,0,0.0
official_czech_mv,NAOMI-MELODY,F,,1,naomimelodi,0.5454545454545454,0.9090909090909092,0.4545454545454545,0.6363636363636364,0.0,0.0909090909090909,0.2727272727272727,0.0,1.0,0.7272727272727273,0.2727272727272727,0.3636363636363636,0.1818181818181818,0.1818181818181818,0.0909090909090909,0.2727272727272727,0.1818181818181818,0.7727272727272727,0.0,11.0,0.5454545454545454,12,False,False,False,False,0,0.0
official_czech_mv,NARA,F,,1,nara,0.5,1.0,0.5,0.75,0.125,0.0,0.25,0.0,1.0,0.75,0.5,0.25,0.0,0.125,0.625,0.5,0.0,0.75,0.0,4.0,0.5,4,False,False,False,False,0,0.0
official_czech_mv,NARCISA,F,,1,nartsisa,0.375,0.625,0.625,0.75,0.0625,0.0,0.125,0.25,0.625,0.8125,0.625,0.1875,0.0,0.1875,0.3125,0.25,0.0,0.6875,0.0,8.0,0.375,7,False,False,False,False,0,0.0
official_czech_mv,NARCISKA,F,,1,nartsiska,0.3333333333333333,0.5555555555555556,0.6666666666666666,0.6666666666666666,0.0555555555555555,0.0,0.1111111111111111,0.2222222222222222,0.5555555555555556,0.7222222222222222,0.5555555555555556,0.2222222222222222,0.0,0.2777777777777778,0.2777777777777778,0.3333333333333333,0.0,0.6666666666666666,0.0,9.0,0.3333333333333333,8,False,False,False,False,0,0.0
official_czech_mv,NARINE,F,,1,narine,0.5,1.0,0.5,0.6666666666666666,0.0833333333333333,0.0,0.3333333333333333,0.0,1.0,0.75,0.5,0.25,0.0,0.25,0.25,0.1666666666666666,0.0,0.75,0.0,6.0,0.5,6,False,False,False,False,0,0.0
official_czech_mv,NARYA,F,,1,naria,0.6,1.0,0.4,0.8,0.1,0.0,0.2,0.0,1.0,0.7,0.4,0.3,0.0,0.3,0.5,0.4,0.0,0.8,0.0,5.0,0.6,5,False,False,False,False,0,0.0
official_czech_mv,NASANJY,F,,1,nasanji,0.4285714285714285,0.8571428571428571,0.4285714285714285,0.7142857142857143,0.0,0.0,0.2857142857142857,0.1428571428571428,0.8571428571428571,0.6428571428571429,0.4285714285714285,0.2857142857142857,0.0,0.2857142857142857,0.2857142857142857,0.2857142857142857,0.0,0.7142857142857143,0.0,7.0,0.4285714285714285,7,False,False,False,False,0,0.0
official_czech_mv,NASTASSIA,F,,1,nastassia,0.4444444444444444,0.5555555555555556,0.5555555555555556,0.7777777777777778,0.0,0.0,0.1111111111111111,0.3333333333333333,0.5555555555555556,0.7777777777777778,0.5555555555555556,0.2222222222222222,0.0,0.1111111111111111,0.3333333333333333,0.3333333333333333,0.0,0.7222222222222222,0.0,9.0,0.4444444444444444,9,False,False,False,False,0,0.0
official_czech_mv,NASTYA,F,,1,nastia,0.5,0.6666666666666666,0.5,0.6666666666666666,0.0,0.0,0.1666666666666666,0.1666666666666666,0.6666666666666666,0.75,0.5,0.25,0.0,0.1666666666666666,0.3333333333333333,0.3333333333333333,0.0,0.75,0.0,6.0,0.5,6,False,False,False,False,0,0.0
official_czech_mv,NASUA,F,,1,nasua,0.6,0.8,0.4,0.8,0.0,0.0,0.2,0.2,0.8,0.7,0.4,0.3,0.2,0.2,0.4,0.6,0.2,0.8,0.0,5.0,0.6,5,False,False,False,False,0,0.0
official_czech_mv,NASŤA,F,,1,nasca,0.4,0.6,0.6,0.6,0.0,0.0,0.2,0.2,0.6,0.6,0.4,0.3,0.0,0.2,0.4,0.4,0.0,0.7,0.0,5.0,0.4,5,False,False,False,False,0,0.0
official_czech_mv,NATA,F,,1,nata,0.5,0.75,0.5,0.5,0.0,0.0,0.25,0.0,0.75,0.75,0.5,0.25,0.0,0.0,0.5,0.5,0.0,0.75,0.0,4.0,0.5,4,False,False,False,False,0,0.0
official_czech_mv,NATALE,F,,1,natale,0.5,0.8333333333333334,0.5,0.6666666666666666,0.0,0.1666666666666666,0.1666666666666666,0.0,0.8333333333333334,0.75,0.5,0.25,0.0,0.0,0.3333333333333333,0.3333333333333333,0.0,0.75,0.0,6.0,0.5,6,False,False,False,False,0,0.0
official_czech_mv,NATALEE,F,,1,natalee,0.5714285714285714,0.8571428571428571,0.4285714285714285,0.7142857142857143,0.0,0.1428571428571428,0.1428571428571428,0.0,0.8571428571428571,0.7142857142857143,0.4285714285714285,0.2857142857142857,0.0,0.0,0.2857142857142857,0.2857142857142857,0.0,0.7857142857142857,0.0,7.0,0.5714285714285714,7,False,False,False,False,0,0.0
official_czech_mv,NIKOLAUS,M,,1,ɲikolaʊs,0.5,0.75,0.5,0.75,0.0,0.125,0.125,0.125,0.75,0.5,0.25,0.375,0.0,0.5,0.125,0.5,0.25,0.625,0.0,8.0,0.5,8,False,False,False,False,1,0.0
official_czech_mv,NIKOLAY,M,,1,ɲikolai,0.5714285714285714,0.8571428571428571,0.4285714285714285,0.7142857142857143,0.0,0.1428571428571428,0.1428571428571428,0.0,0.8571428571428571,0.4285714285714285,0.1428571428571428,0.4285714285714285,0.0,0.5714285714285714,0.1428571428571428,0.4285714285714285,0.1428571428571428,0.7857142857142857,0.0,7.0,0.5714285714285714,7,False,False,False,False,1,0.0
official_czech_mv,NIKOLAZ,M,,1,ɲikolas,0.4285714285714285,0.7142857142857143,0.5714285714285714,0.7142857142857143,0.0,0.1428571428571428,0.1428571428571428,0.1428571428571428,0.7142857142857143,0.5,0.2857142857142857,0.3571428571428571,0.0,0.4285714285714285,0.1428571428571428,0.4285714285714285,0.1428571428571428,0.7142857142857143,0.0,7.0,0.4285714285714285,7,False,False,False,False,1,0.0
official_czech_mv,NILS,M,,1,nils,0.25,0.75,0.75,0.75,0.0,0.25,0.25,0.25,0.75,0.875,0.75,0.125,0.0,0.25,0.0,0.0,0.0,0.625,0.0,4.0,0.25,4,False,False,False,False,1,0.0
official_czech_mv,NIMAI,M,,1,ɲimai,0.6,1.0,0.4,0.6,0.0,0.0,0.4,0.0,1.0,0.5,0.0,0.5,0.2,0.6,0.2,0.2,0.0,0.8,0.0,5.0,0.6,5,False,False,False,False,1,0.0
official_czech_mv,NORMAN,M,,1,norman,0.3333333333333333,1.0,0.6666666666666666,0.5,0.0833333333333333,0.0,0.5,0.0,1.0,0.8333333333333334,0.5,0.25,0.1666666666666666,0.0833333333333333,0.25,0.3333333333333333,0.1666666666666666,0.6666666666666666,0.0,6.0,0.3333333333333333,6,False,False,False,False,1,0.0
official_czech_mv,NORTAN,M,,1,nortan,0.3333333333333333,0.8333333333333334,0.6666666666666666,0.5,0.0833333333333333,0.0,0.3333333333333333,0.0,0.8333333333333334,0.8333333333333334,0.6666666666666666,0.1666666666666666,0.0,0.0833333333333333,0.25,0.3333333333333333,0.1666666666666666,0.6666666666666666,0.0,6.0,0.3333333333333333,6,False,False,False,False,1,0.0
official_czech_mv,NOVEL,M,,1,novel,0.4,0.8,0.6,0.8,0.0,0.2,0.2,0.2,1.0,0.8,0.4,0.3,0.2,0.0,0.0,0.2,0.2,0.7,0.0,5.0,0.4,5,False,False,False,False,1,0.0
official_czech_mv,NOÉ,M,,1,noeː,0.6666666666666666,1.0,0.3333333333333333,0.6666666666666666,0.0,0.0,0.3333333333333333,0.0,1.0,0.6666666666666666,0.3333333333333333,0.3333333333333333,0.0,0.0,0.0,0.3333333333333333,0.3333333333333333,0.8333333333333334,0.3333333333333333,3.0,0.6666666666666666,3,False,False,False,False,1,0.0
official_czech_mv,NUGROHO,M,,1,nuɡroho,0.4285714285714285,0.8571428571428571,0.5714285714285714,0.7142857142857143,0.0714285714285714,0.0,0.1428571428571428,0.0,0.8571428571428571,0.5,0.2857142857142857,0.3571428571428571,0.1428571428571428,0.3571428571428571,0.0714285714285714,0.7142857142857143,0.4285714285714285,0.7142857142857143,0.0,7.0,0.4285714285714285,7,False,False,False,False,1,0.0
official_czech_mv,NUKA,M,,1,nuka,0.5,0.75,0.5,0.5,0.0,0.0,0.25,0.0,0.75,0.5,0.25,0.375,0.25,0.5,0.25,0.75,0.25,0.75,0.0,4.0,0.5,4,False,False,False,False,1,0.0
official_czech_mv,NURADIL,M,,1,nuraɟil,0.4285714285714285,0.8571428571428571,0.5714285714285714,0.7142857142857143,0.0714285714285714,0.1428571428571428,0.1428571428571428,0.0,1.0,0.6428571428571429,0.4285714285714285,0.2857142857142857,0.1428571428571428,0.5,0.2142857142857142,0.2857142857142857,0.1428571428571428,0.7142857142857143,0.0,7.0,0.4285714285714285,7,False,False,False,False,1,0.0
official_czech_mv,NURDAULET,M,,1,nurdaʊlet,0.4444444444444444,0.7777777777777778,0.5555555555555556,0.6666666666666666,0.0555555555555555,0.1111111111111111,0.1111111111111111,0.0,0.8888888888888888,0.7777777777777778,0.5555555555555556,0.2222222222222222,0.1111111111111111,0.2777777777777778,0.1666666666666666,0.3333333333333333,0.2222222222222222,0.6111111111111112,0.0,9.0,0.4444444444444444,9,False,False,False,False,1,0.0
official_czech_mv,NYAN,M,,1,nian,0.5,1.0,0.5,0.5,0.0,0.0,0.5,0.0,1.0,0.75,0.5,0.25,0.0,0.25,0.25,0.25,0.0,0.75,0.0,4.0,0.5,4,False,False,False,False,1,0.0
official_czech_mv,NÁTAN,M,,1,naːtan,0.4,0.8,0.6,0.4,0.0,0.0,0.4,0.0,0.8,0.8,0.6,0.2,0.0,0.0,0.4,0.4,0.0,0.7,0.2,5.0,0.4,5,False,False,False,False,1,0.0
official_czech_mv,NĚHOSLAV,M,,1,ɲehoslav,0.375,0.75,0.625,0.875,0.0,0.125,0.125,0.25,0.75,0.5625,0.25,0.375,0.125,0.125,0.125,0.375,0.125,0.6875,0.0,8.0,0.375,8,False,False,False,False,1,0.0
official_czech_mv,OBI,M,,1,obi,0.6666666666666666,0.6666666666666666,0.3333333333333333,0.6666666666666666,0.0,0.0,0.0,0.0,1.0,0.6666666666666666,0.0,0.5,0.3333333333333333,0.3333333333333333,0.0,0.3333333333333333,0.3333333333333333,0.8333333333333334,0.0,3.0,0.6666666666666666,3,False,False,False,False,1,0.0
official_czech_mv,OBINNA,M,,1,obina,0.6,0.8,0.4,0.6,0.0,0.0,0.2,0.0,1.0,0.7,0.2,0.4,0.2,0.2,0.2,0.4,0.2,0.8,0.0,5.0,0.6,6,False,False,False,False,1,0.0
official_czech_mv,OCEAN,M,,1,otsean,0.5,0.6666666666666666,0.5,0.6666666666666666,0.0,0.0,0.1666666666666666,0.1666666666666666,0.6666666666666666,0.75,0.5,0.25,0.0,0.0,0.1666666666666666,0.3333333333333333,0.1666666666666666,0.75,0.0,6.0,0.5,5,False,False,False,False,1,0.0
official_czech_mv,ODED,M,,1,odet,0.5,0.5,0.5,0.5,0.0,0.0,0.0,0.0,0.75,0.75,0.5,0.25,0.0,0.0,0.0,0.25,0.25,0.75,0.0,4.0,0.5,4,False,False,False,False,1,0.0
official_czech_mv,ODIN,M,,1,oɟin,0.5,0.75,0.5,0.5,0.0,0.0,0.25,0.0,1.0,0.5,0.25,0.375,0.0,0.5,0.0,0.25,0.25,0.75,0.0,4.0,0.5,4,False,False,False,False,1,0.0
official_czech_mv,ODOLEN,M,,1,odolen,0.5,0.8333333333333334,0.5,0.6666666666666666,0.0,0.1666666666666666,0.1666666666666666,0.0,1.0,0.75,0.5,0.25,0.0,0.0,0.0,0.3333333333333333,0.3333333333333333,0.75,0.0,6.0,0.5,6,False,False,False,False,1,0.0
official_czech_mv,ODON,M,,1,odon,0.5,0.75,0.5,0.5,0.0,0.0,0.25,0.0,1.0,0.75,0.5,0.25,0.0,0.0,0.0,0.5,0.5,0.75,0.0,4.0,0.5,4,False,False,False,False,1,0.0
official_czech_mv,ODORICO,M,,1,odoritso,0.5,0.625,0.5,0.75,0.0625,0.0,0.0,0.125,0.75,0.75,0.5,0.25,0.0,0.1875,0.0625,0.375,0.375,0.75,0.0,8.0,0.5,7,False,False,False,False,1,0.0
official_czech_mv,ODOSA,M,,1,odosa,0.6,0.6,0.4,0.8,0.0,0.0,0.0,0.2,0.8,0.7,0.4,0.3,0.0,0.0,0.2,0.6,0.4,0.8,0.0,5.0,0.6,5,False,False,False,False,1,0.0
official_czech_mv,ODYSSEAS,M,,1,odisseas,0.5,0.5,0.5,0.875,0.0,0.0,0.0,0.375,0.625,0.75,0.5,0.25,0.0,0.125,0.125,0.25,0.125,0.75,0.0,8.0,0.5,8,False,False,False,False,1,0.0
official_czech_mv,ODYSSEUS,M,,1,odisseʊs,0.5,0.5,0.5,0.875,0.0,0.0,0.0,0.375,0.625,0.75,0.5,0.25,0.0,0.25,0.0,0.25,0.25,0.625,0.0,8.0,0.5,8,False,False,False,False,1,0.0
official_czech_mv,OFEK,M,,1,ofek,0.5,0.5,0.5,0.75,0.0,0.0,0.0,0.25,0.5,0.5,0.0,0.5,0.25,0.25,0.0,0.5,0.25,0.75,0.0,4.0,0.5,4,False,False,False,False,1,0.0
official_czech_mv,OFER,M,,1,ofer,0.5,0.75,0.5,1.0,0.125,0.0,0.0,0.25,0.75,0.75,0.25,0.375,0.25,0.125,0.125,0.25,0.25,0.75,0.0,4.0,0.5,4,False,False,False,False,1,0.0
official_czech_mv,OGNJEN,M,,1,oɡnjen,0.3333333333333333,0.8333333333333334,0.5,0.5,0.0,0.0,0.3333333333333333,0.0,1.0,0.5,0.3333333333333333,0.3333333333333333,0.0,0.3333333333333333,0.0,0.3333333333333333,0.1666666666666666,0.6666666666666666,0.0,6.0,0.3333333333333333,6,False,False,False,False,1,0.0
official_denmark,Agnes,F,,1255,?ɑjnəs,0.4,0.8,0.4,0.8,0.1,0.0,0.2,0.2,0.8,0.6,0.4,0.3,0.0,0.2,0.2,0.4,0.0,0.5,0.0,5.0,0.4,5,False,False,False,False,0,0.0
official_denmark,Aksel,M,,1317,?ɑksəl,0.4,0.6,0.6,0.8,0.1,0.2,0.0,0.2,0.6,0.6,0.4,0.3,0.0,0.2,0.2,0.6,0.0,0.5,0.0,5.0,0.4,5,False,False,False,False,1,0.0
official_denmark,Alberte,F,,1049,albɛɐ̯də,0.4285714285714285,0.7142857142857143,0.4285714285714285,0.7142857142857143,0.0,0.1428571428571428,0.0,0.0,1.0,0.7142857142857143,0.2857142857142857,0.3571428571428571,0.1428571428571428,0.0,0.1428571428571428,0.2857142857142857,0.0,0.5,0.0,7.0,0.4285714285714285,7,False,False,False,False,0,0.0
official_denmark,Alfred,M,,1381,alfʁεð,0.2,0.4,0.8,1.0,0.0,0.2,0.0,0.4,0.8,0.7,0.4,0.5,0.2,0.0,0.2,0.4,0.0,0.6,0.0,5.0,0.2,6,False,False,False,False,1,0.0
official_denmark,Alma,F,,1405,alma,0.5,1.0,0.5,0.75,0.0,0.25,0.25,0.0,1.0,0.75,0.25,0.375,0.25,0.0,0.5,0.5,0.0,0.75,0.0,4.0,0.5,4,False,False,False,False,0,0.0
official_denmark,Anker,M,,714,?ɑnkʔʌ,0.4,0.8,0.4,0.4,0.1,0.0,0.2,0.0,0.6,0.4,0.2,0.4,0.0,0.2,0.2,0.8,0.0,0.7,0.0,5.0,0.4,5,False,False,False,False,1,0.0
official_denmark,Anna,F,,1077,ana,0.6666666666666666,1.0,0.3333333333333333,0.6666666666666666,0.0,0.0,0.3333333333333333,0.0,1.0,0.6666666666666666,0.3333333333333333,0.3333333333333333,0.0,0.0,0.6666666666666666,0.6666666666666666,0.0,0.8333333333333334,0.0,3.0,0.6666666666666666,4,False,False,False,False,0,0.0
official_denmark,Anton,M,,832,antʔʌn,0.3333333333333333,0.8333333333333334,0.5,0.3333333333333333,0.0,0.0,0.3333333333333333,0.0,0.6666666666666666,0.6666666666666666,0.5,0.25,0.0,0.0,0.1666666666666666,0.5,0.0,0.6666666666666666,0.0,6.0,0.3333333333333333,5,False,False,False,False,1,0.0
official_denmark,Arthur,M,,1268,ɑthʔuɐ̯,0.3333333333333333,0.8333333333333334,0.3333333333333333,0.6666666666666666,0.0833333333333333,0.0,0.0,0.0,0.5,0.4166666666666667,0.1666666666666666,0.4166666666666667,0.1666666666666666,0.1666666666666666,0.1666666666666666,0.6666666666666666,0.1666666666666666,0.75,0.0,6.0,0.3333333333333333,6,False,False,False,False,1,0.0
official_denmark,Asta,F,,1071,asta,0.5,0.5,0.5,0.75,0.0,0.0,0.0,0.25,0.5,0.75,0.5,0.25,0.0,0.0,0.5,0.5,0.0,0.75,0.0,4.0,0.5,4,False,False,False,False,0,0.0
official_denmark,Astrid,F,,775,astʁʔið,0.2857142857142857,0.4285714285714285,0.5714285714285714,0.7142857142857143,0.0,0.0,0.0,0.2857142857142857,0.5714285714285714,0.5714285714285714,0.4285714285714285,0.4285714285714285,0.0,0.1428571428571428,0.1428571428571428,0.4285714285714285,0.0,0.6428571428571429,0.0,7.0,0.2857142857142857,6,False,False,False,False,0,0.0
official_denmark,August,M,,1260,ɒɡɒsd,0.4,0.4,0.6,0.6,0.0,0.0,0.0,0.2,0.8,0.6,0.4,0.3,0.0,0.2,0.4,0.6,0.4,0.7,0.0,5.0,0.4,6,False,False,False,False,1,0.0
official_denmark,Aya,F,,670,aʔya,0.75,1.0,0.0,0.75,0.0,0.0,0.0,0.0,0.75,0.375,0.0,0.5,0.25,0.25,0.5,0.75,0.25,0.875,0.0,4.0,0.75,3,False,False,False,False,0,0.0
official_denmark,Clara,F,,1230,klɑʁɑ,0.4,0.6,0.6,0.8,0.2,0.2,0.0,0.2,0.8,0.4,0.2,0.4,0.0,0.2,0.4,0.8,0.0,0.7,0.0,5.0,0.4,5,False,False,False,False,0,0.0
official_denmark,Elias,M,,1115,ʔelʔias,0.4285714285714285,0.8571428571428571,0.2857142857142857,0.7142857142857143,0.0,0.1428571428571428,0.0,0.1428571428571428,0.5714285714285714,0.5,0.2857142857142857,0.3571428571428571,0.0,0.1428571428571428,0.1428571428571428,0.4285714285714285,0.0,0.7142857142857143,0.0,7.0,0.4285714285714285,5,False,False,False,False,1,0.0
official_denmark,Ella,F,,1326,εla,0.5,1.0,0.5,1.0,0.0,0.5,0.0,0.0,1.0,0.75,0.5,0.25,0.0,0.0,0.5,0.5,0.0,0.75,0.0,2.0,0.5,4,False,False,False,False,0,0.0
official_denmark,Ellen,F,,890,εlən,0.3333333333333333,1.0,0.6666666666666666,0.6666666666666666,0.0,0.3333333333333333,0.3333333333333333,0.0,1.0,0.8333333333333334,0.6666666666666666,0.1666666666666666,0.0,0.0,0.0,0.3333333333333333,0.0,0.3333333333333333,0.0,3.0,0.3333333333333333,5,False,False,False,False,0,0.0
official_denmark,Ellie,F,,1053,εljə,0.3333333333333333,1.0,0.3333333333333333,1.0,0.0,0.3333333333333333,0.0,0.0,1.0,0.5,0.3333333333333333,0.3333333333333333,0.0,0.3333333333333333,0.0,0.3333333333333333,0.0,0.3333333333333333,0.0,3.0,0.3333333333333333,5,False,False,False,False,0,0.0
official_denmark,Elliot,M,,960,εljʔʌt,0.2,0.8,0.4,0.6,0.0,0.2,0.0,0.0,0.6,0.5,0.4,0.3,0.0,0.2,0.0,0.4,0.0,0.6,0.0,5.0,0.2,6,False,False,False,False,1,0.0
official_denmark,Emil,M,,1319,εmʔil,0.25,1.0,0.5,0.5,0.0,0.25,0.25,0.0,0.75,0.625,0.25,0.375,0.25,0.25,0.0,0.25,0.0,0.625,0.0,4.0,0.25,4,False,False,False,False,1,0.0
official_denmark,Emily,F,,621,εmʔili,0.4,1.0,0.4,0.6,0.0,0.2,0.2,0.0,0.8,0.6,0.2,0.4,0.2,0.4,0.0,0.2,0.0,0.7,0.0,5.0,0.4,5,False,False,False,False,0,0.0
official_denmark,Emma,F,,1227,εma,0.5,1.0,0.5,0.5,0.0,0.0,0.5,0.0,1.0,0.75,0.0,0.5,0.5,0.0,0.5,0.5,0.0,0.75,0.0,2.0,0.5,4,False,False,False,False,0,0.0
official_denmark,Esther,F,,816,ʔesthʔʌ,0.2857142857142857,0.7142857142857143,0.4285714285714285,0.5714285714285714,0.0,0.0,0.0,0.1428571428571428,0.2857142857142857,0.4285714285714285,0.2857142857142857,0.3571428571428571,0.0,0.0,0.0,0.5714285714285714,0.0,0.6428571428571429,0.0,7.0,0.2857142857142857,6,False,False,False,False,0,0.0
official_denmark,Felix,M,,930,fʔelʔiɡs,0.25,0.625,0.5,0.625,0.0,0.125,0.0,0.25,0.5,0.5,0.25,0.375,0.125,0.25,0.0,0.375,0.0,0.625,0.0,8.0,0.25,5,False,False,False,False,1,0.0
official_denmark,Frederik,M,,702,fʁεðəʁʔek,0.25,0.375,0.625,0.75,0.0,0.0,0.0,0.375,0.625,0.375,0.125,0.5625,0.125,0.125,0.0,0.625,0.0,0.5,0.0,8.0,0.25,8,False,False,False,False,1,0.0
official_denmark,Freja,F,,1277,fʁ?ɑja,0.4,0.6,0.4,1.0,0.1,0.0,0.0,0.4,0.8,0.4,0.0,0.5,0.2,0.2,0.4,0.6,0.0,0.7,0.0,5.0,0.4,5,False,False,False,False,0,0.0
official_denmark,Frida,F,,1047,fʁʔiða,0.3333333333333333,0.5,0.5,0.8333333333333334,0.0,0.0,0.0,0.3333333333333333,0.6666666666666666,0.5,0.1666666666666666,0.5833333333333334,0.1666666666666666,0.1666666666666666,0.1666666666666666,0.5,0.0,0.6666666666666666,0.0,6.0,0.3333333333333333,5,False,False,False,False,0,0.0
official_denmark,Hugo,M,,846,hʔuɡʔo,0.3333333333333333,0.8333333333333334,0.3333333333333333,0.5,0.0,0.0,0.0,0.0,0.5,0.1666666666666666,0.0,0.5,0.1666666666666666,0.3333333333333333,0.0,1.0,0.3333333333333333,0.6666666666666666,0.0,6.0,0.3333333333333333,4,False,False,False,False,1,0.0
official_denmark,Ida,F,,1196,ʔiða,0.5,0.75,0.25,0.75,0.0,0.0,0.0,0.0,0.75,0.5,0.25,0.625,0.0,0.25,0.25,0.5,0.0,0.75,0.0,4.0,0.5,3,False,False,False,False,0,0.0
official_denmark,Isabella,F,,749,ʔisabεlla,0.375,0.75,0.5,0.75,0.0,0.25,0.0,0.125,0.75,0.6875,0.375,0.3125,0.125,0.125,0.25,0.375,0.0,0.6875,0.0,8.0,0.375,8,False,False,False,False,0,0.0
official_denmark,Josefine,F,,882,josəfinə,0.5,0.75,0.375,0.875,0.0,0.0,0.125,0.25,0.75,0.625,0.25,0.375,0.125,0.25,0.0,0.375,0.125,0.5,0.0,8.0,0.5,8,False,False,False,False,0,0.0
official_denmark,Karl,M,,1021,kɑɐ̯l,0.25,0.75,0.5,0.75,0.125,0.25,0.0,0.0,0.75,0.5,0.25,0.375,0.0,0.25,0.25,0.5,0.0,0.75,0.0,4.0,0.25,4,False,False,False,False,1,0.0
official_denmark,Karla,F,,1128,kɑla,0.5,0.75,0.5,0.75,0.125,0.25,0.0,0.0,0.75,0.5,0.25,0.375,0.0,0.25,0.5,0.75,0.0,0.75,0.0,4.0,0.5,5,False,False,False,False,0,0.0
official_denmark,Lauge,M,,753,lɑwɡə,0.4,0.8,0.4,0.8,0.1,0.2,0.0,0.0,1.0,0.4,0.2,0.4,0.2,0.4,0.2,0.8,0.2,0.5,0.0,5.0,0.4,5,False,False,False,False,1,0.0
official_denmark,Laura,F,,872,lɑwʁɑ,0.4,0.8,0.4,1.0,0.2,0.2,0.0,0.2,1.0,0.4,0.2,0.4,0.2,0.2,0.4,0.8,0.2,0.7,0.0,5.0,0.4,5,False,False,False,False,0,0.0
official_denmark,Liam,M,,829,lʔiam,0.4,1.0,0.4,0.6,0.0,0.2,0.2,0.0,0.8,0.6,0.2,0.4,0.2,0.2,0.2,0.4,0.0,0.7,0.0,5.0,0.4,4,False,False,False,False,1,0.0
official_denmark,Lily,F,,991,lʔilʔy,0.3333333333333333,1.0,0.3333333333333333,0.6666666666666666,0.0,0.3333333333333333,0.0,0.0,0.6666666666666666,0.5,0.3333333333333333,0.3333333333333333,0.1666666666666666,0.3333333333333333,0.0,0.3333333333333333,0.1666666666666666,0.6666666666666666,0.0,6.0,0.3333333333333333,4,False,False,False,False,0,0.0
official_denmark,Lucas,M,,1264,lʔukas,0.3333333333333333,0.6666666666666666,0.5,0.6666666666666666,0.0,0.1666666666666666,0.0,0.1666666666666666,0.5,0.5,0.3333333333333333,0.3333333333333333,0.1666666666666666,0.3333333333333333,0.1666666666666666,0.6666666666666666,0.1666666666666666,0.6666666666666666,0.0,6.0,0.3333333333333333,5,False,False,False,False,1,0.0
official_denmark,Luna,F,,1133,lʔuna,0.4,1.0,0.4,0.6,0.0,0.2,0.2,0.0,0.8,0.6,0.4,0.3,0.2,0.2,0.2,0.6,0.2,0.7,0.0,5.0,0.4,4,False,False,False,False,0,0.0
official_denmark,Lærke,F,,690,lεɐ̯kə,0.25,0.75,0.5,0.75,0.0,0.25,0.0,0.0,0.75,0.5,0.25,0.375,0.0,0.25,0.0,0.5,0.0,0.5,0.0,4.0,0.25,5,False,False,False,False,0,0.0
official_denmark,Magnus,M,,912,m?ɑjnʔus,0.2857142857142857,0.8571428571428571,0.4285714285714285,0.5714285714285714,0.0714285714285714,0.0,0.2857142857142857,0.1428571428571428,0.7142857142857143,0.5714285714285714,0.2857142857142857,0.3571428571428571,0.2857142857142857,0.2857142857142857,0.1428571428571428,0.4285714285714285,0.1428571428571428,0.6428571428571429,0.0,7.0,0.2857142857142857,6,False,False,False,False,1,0.0
official_denmark,Maja,F,,629,m?ɑja,0.5,1.0,0.25,0.75,0.125,0.0,0.25,0.0,1.0,0.5,0.0,0.5,0.25,0.25,0.5,0.5,0.0,0.75,0.0,4.0,0.5,4,False,False,False,False,0,0.0
official_denmark,Malthe,M,,1326,malthə,0.3333333333333333,0.8333333333333334,0.6666666666666666,0.6666666666666666,0.0,0.1666666666666666,0.1666666666666666,0.0,0.6666666666666666,0.6666666666666666,0.3333333333333333,0.3333333333333333,0.1666666666666666,0.0,0.1666666666666666,0.5,0.0,0.5,0.0,6.0,0.3333333333333333,6,False,False,False,False,1,0.0
official_denmark,Matheo,M,,810,mathʔeʔo,0.375,0.875,0.375,0.5,0.0,0.0,0.125,0.0,0.5,0.4375,0.125,0.4375,0.125,0.0,0.125,0.625,0.125,0.6875,0.0,8.0,0.375,6,False,False,False,False,1,0.0
official_denmark,Mathilde,F,,720,mathildə,0.375,0.75,0.625,0.625,0.0,0.125,0.125,0.0,0.75,0.6875,0.375,0.3125,0.125,0.125,0.125,0.375,0.0,0.5625,0.0,8.0,0.375,8,False,False,False,False,0,0.0
official_denmark,Noah,M,,1376,nʔoa,0.5,1.0,0.25,0.5,0.0,0.0,0.25,0.0,0.75,0.5,0.25,0.375,0.0,0.0,0.25,0.75,0.25,0.75,0.0,4.0,0.5,4,False,False,False,False,1,0.0
official_denmark,Nohr,M,,784,nʔoɐ̯,0.25,1.0,0.25,0.5,0.0,0.0,0.25,0.0,0.75,0.5,0.25,0.375,0.0,0.0,0.0,0.5,0.25,0.75,0.0,4.0,0.25,4,False,False,False,False,1,0.0
official_denmark,Nora,F,,1135,nʔoʁɑ,0.4,0.8,0.4,0.6,0.1,0.0,0.2,0.2,0.8,0.4,0.2,0.4,0.0,0.0,0.2,0.8,0.2,0.7,0.0,5.0,0.4,4,False,False,False,False,0,0.0
official_denmark,Oliver,M,,1355,ʔʌliʋʔʌ,0.4285714285714285,1.0,0.1428571428571428,0.7142857142857143,0.0714285714285714,0.1428571428571428,0.0,0.0,0.7142857142857143,0.5,0.1428571428571428,0.4285714285714285,0.1428571428571428,0.2142857142857142,0.0714285714285714,0.5714285714285714,0.0,0.7142857142857143,0.0,7.0,0.4285714285714285,6,False,False,False,False,1,0.0
official_denmark,Olivia,F,,1168,olʔiʋʔia,0.5,1.0,0.125,0.75,0.0625,0.125,0.0,0.0,0.75,0.5,0.125,0.4375,0.125,0.3125,0.1875,0.5,0.125,0.75,0.0,8.0,0.5,6,False,False,False,False,0,0.0
official_denmark,Oscar,M,,1533,ʔʌskɑ,0.4,0.6,0.4,0.6,0.1,0.0,0.0,0.2,0.4,0.4,0.2,0.4,0.0,0.2,0.2,0.8,0.0,0.7,0.0,5.0,0.4,5,False,False,False,False,1,0.0
official_denmark,Otto,M,,941,ʔʌtʔo,0.4,0.8,0.2,0.4,0.0,0.0,0.0,0.0,0.4,0.4,0.2,0.4,0.0,0.0,0.0,0.8,0.2,0.7,0.0,5.0,0.4,4,False,False,False,False,1,0.0
official_denmark,Saga,F,,637,saaɡa,0.6,0.6,0.4,0.8,0.0,0.0,0.0,0.2,0.8,0.5,0.2,0.4,0.0,0.2,0.6,0.8,0.0,0.8,0.0,5.0,0.6,4,False,False,False,False,0,0.0
official_denmark,Sofia,F,,1192,sofʔia,0.5,0.6666666666666666,0.3333333333333333,0.8333333333333334,0.0,0.0,0.0,0.3333333333333333,0.5,0.5833333333333334,0.1666666666666666,0.4166666666666667,0.1666666666666666,0.1666666666666666,0.1666666666666666,0.5,0.1666666666666666,0.75,0.0,6.0,0.5,5,False,False,False,False,0,0.0
official_denmark,Theo,M,,1012,tʔeʔo,0.4,0.8,0.2,0.4,0.0,0.0,0.0,0.0,0.4,0.4,0.2,0.4,0.0,0.0,0.0,0.6,0.2,0.7,0.0,5.0,0.4,4,False,False,False,False,1,0.0
official_denmark,Theodor,M,,752,tʔeʔoðʔoɐ̯,0.3333333333333333,0.7777777777777778,0.2222222222222222,0.5555555555555556,0.0,0.0,0.0,0.0,0.5555555555555556,0.4444444444444444,0.2222222222222222,0.5,0.0,0.0,0.0,0.5555555555555556,0.2222222222222222,0.7222222222222222,0.0,9.0,0.3333333333333333,7,False,False,False,False,1,0.0
official_denmark,Valdemar,M,,1322,ʋalemɑ,0.5,1.0,0.3333333333333333,0.8333333333333334,0.1666666666666666,0.1666666666666666,0.1666666666666666,0.0,1.0,0.75,0.1666666666666666,0.4166666666666667,0.3333333333333333,0.0833333333333333,0.4166666666666667,0.3333333333333333,0.0,0.75,0.0,6.0,0.5,8,False,False,False,False,1,0.0
official_denmark,Victor,M,,1092,ʋʔiktʔʌ,0.2857142857142857,0.7142857142857143,0.2857142857142857,0.4285714285714285,0.0714285714285714,0.0,0.0,0.0,0.4285714285714285,0.4285714285714285,0.1428571428571428,0.4285714285714285,0.1428571428571428,0.3571428571428571,0.0714285714285714,0.5714285714285714,0.0,0.6428571428571429,0.0,7.0,0.2857142857142857,6,False,False,False,False,1,0.0
official_denmark,Viggo,M,,873,ʋʔeɡʔo,0.3333333333333333,0.8333333333333334,0.1666666666666666,0.5,0.0833333333333333,0.0,0.0,0.0,0.6666666666666666,0.3333333333333333,0.0,0.5,0.1666666666666666,0.25,0.0833333333333333,0.6666666666666666,0.1666666666666666,0.6666666666666666,0.0,6.0,0.3333333333333333,5,False,False,False,False,1,0.0
official_denmark,William,M,,1577,wʔilʔi?ɑm,0.375,1.0,0.25,0.625,0.0625,0.125,0.125,0.0,0.75,0.4375,0.125,0.4375,0.25,0.375,0.125,0.5,0.125,0.6875,0.0,8.0,0.375,7,False,False,False,False,1,0.0
official_dominican_republic,Aarón,M,,224,aaɾon,0.6,1.0,0.4,0.8,0.1,0.0,0.2,0.0,1.0,0.7,0.4,0.3,0.0,0.1,0.5,0.6,0.2,0.8,0.0,5.0,0.6,5,False,False,False,False,1,0.0
official_dominican_republic,Abigaíl,F,,478,aβiɣail,0.5714285714285714,0.7142857142857143,0.4285714285714285,1.0,0.0,0.1428571428571428,0.0,0.0,1.0,0.5714285714285714,0.1428571428571428,0.4285714285714285,0.1428571428571428,0.4285714285714285,0.2857142857142857,0.4285714285714285,0.0,0.7857142857142857,0.0,7.0,0.5714285714285714,7,False,False,False,False,0,0.0
official_dominican_republic,Adriel,M,,334,aðɾiel,0.5,0.8333333333333334,0.5,1.0,0.0833333333333333,0.1666666666666666,0.0,0.0,1.0,0.75,0.5,0.4166666666666667,0.0,0.25,0.25,0.1666666666666666,0.0,0.75,0.0,6.0,0.5,6,False,False,False,False,1,0.0
official_dominican_republic,Alaia,F,,410,alaɪa,0.8,1.0,0.2,1.0,0.0,0.2,0.0,0.0,1.0,0.6,0.2,0.4,0.0,0.2,0.6,0.6,0.0,0.7,0.0,5.0,0.8,5,False,False,False,False,0,0.0
official_dominican_republic,Alexander,M,,276,aleksandeɾ,0.4,0.7,0.6,0.7,0.05,0.1,0.1,0.1,0.8,0.7,0.5,0.25,0.0,0.15,0.25,0.3,0.0,0.7,0.0,10.0,0.4,9,False,False,False,False,1,0.0
official_dominican_republic,Ashley,F,,316,aʃleɪ,0.6,0.8,0.4,1.0,0.0,0.2,0.0,0.2,0.8,0.5,0.4,0.5,0.0,0.2,0.2,0.2,0.0,0.6,0.0,5.0,0.6,6,False,False,False,False,0,0.0
official_dominican_republic,Camila,F,,308,kamila,0.5,0.8333333333333334,0.5,0.6666666666666666,0.0,0.1666666666666666,0.1666666666666666,0.0,0.8333333333333334,0.5833333333333334,0.1666666666666666,0.4166666666666667,0.1666666666666666,0.3333333333333333,0.3333333333333333,0.5,0.0,0.75,0.0,6.0,0.5,6,False,False,False,False,0,0.0
official_dominican_republic,Charlotte,F,,312,tʃaɾlotte,0.3333333333333333,0.5555555555555556,0.6666666666666666,0.6666666666666666,0.0555555555555555,0.1111111111111111,0.0,0.1111111111111111,0.5555555555555556,0.7222222222222222,0.6666666666666666,0.2777777777777778,0.0,0.0555555555555555,0.1666666666666666,0.2222222222222222,0.1111111111111111,0.6666666666666666,0.0,9.0,0.3333333333333333,9,False,False,False,False,0,0.0
official_dominican_republic,Daniel,M,,249,danjel,0.3333333333333333,0.8333333333333334,0.5,0.6666666666666666,0.0,0.1666666666666666,0.1666666666666666,0.0,1.0,0.6666666666666666,0.5,0.25,0.0,0.1666666666666666,0.1666666666666666,0.1666666666666666,0.0,0.6666666666666666,0.0,6.0,0.3333333333333333,6,False,False,False,False,1,0.0
official_dominican_republic,Daniela,F,,244,danjela,0.4285714285714285,0.8571428571428571,0.4285714285714285,0.7142857142857143,0.0,0.1428571428571428,0.1428571428571428,0.0,1.0,0.6428571428571429,0.4285714285714285,0.2857142857142857,0.0,0.1428571428571428,0.2857142857142857,0.2857142857142857,0.0,0.7142857142857143,0.0,7.0,0.4285714285714285,7,False,False,False,False,0,0.0
official_dominican_republic,Dariel,M,,229,daɾjel,0.3333333333333333,0.8333333333333334,0.5,0.8333333333333334,0.0833333333333333,0.1666666666666666,0.0,0.0,1.0,0.6666666666666666,0.5,0.25,0.0,0.25,0.25,0.1666666666666666,0.0,0.6666666666666666,0.0,6.0,0.3333333333333333,6,False,False,False,False,1,0.0
official_dominican_republic,David,M,,232,daβid,0.4,0.4,0.6,0.6,0.0,0.0,0.0,0.0,1.0,0.8,0.4,0.3,0.2,0.2,0.2,0.2,0.0,0.7,0.0,5.0,0.4,5,False,False,False,False,1,0.0
official_dominican_republic,Elianny,F,,346,eljanni,0.4285714285714285,1.0,0.4285714285714285,0.7142857142857143,0.0,0.1428571428571428,0.2857142857142857,0.0,1.0,0.6428571428571429,0.4285714285714285,0.2857142857142857,0.0,0.2857142857142857,0.1428571428571428,0.1428571428571428,0.0,0.7142857142857143,0.0,7.0,0.4285714285714285,7,False,False,False,False,0,0.0
official_dominican_republic,Emma,F,,258,emma,0.5,1.0,0.5,0.5,0.0,0.0,0.5,0.0,1.0,0.75,0.0,0.5,0.5,0.0,0.25,0.25,0.0,0.75,0.0,4.0,0.5,4,False,False,False,False,0,0.0
official_dominican_republic,Emmanuel,M,,290,emmanwel,0.375,1.0,0.5,0.625,0.0,0.125,0.375,0.0,1.0,0.6875,0.25,0.375,0.375,0.125,0.125,0.25,0.125,0.6875,0.0,8.0,0.375,8,False,False,False,False,1,0.0
official_dominican_republic,Esmeralda,F,,240,esmeɾalða,0.4444444444444444,0.7777777777777778,0.5555555555555556,0.8888888888888888,0.0555555555555555,0.1111111111111111,0.1111111111111111,0.1111111111111111,0.8888888888888888,0.7777777777777778,0.4444444444444444,0.3888888888888889,0.1111111111111111,0.0555555555555555,0.2777777777777778,0.2222222222222222,0.0,0.7222222222222222,0.0,9.0,0.4444444444444444,9,False,False,False,False,0,0.0
official_dominican_republic,Esther,F,,370,esteɾ,0.4,0.6,0.6,0.8,0.1,0.0,0.0,0.2,0.6,0.8,0.6,0.2,0.0,0.1,0.1,0.0,0.0,0.7,0.0,5.0,0.4,6,False,False,False,False,0,0.0
official_dominican_republic,Gael,M,,262,ɡael,0.5,0.75,0.5,0.75,0.0,0.25,0.0,0.0,1.0,0.5,0.25,0.375,0.0,0.25,0.25,0.5,0.0,0.75,0.0,4.0,0.5,4,False,False,False,False,1,0.0
official_dominican_republic,Génesis,F,,260,xenesis,0.4285714285714285,0.5714285714285714,0.5714285714285714,0.8571428571428571,0.0,0.0,0.1428571428571428,0.2857142857142857,0.5714285714285714,0.6428571428571429,0.4285714285714285,0.2857142857142857,0.0,0.2857142857142857,0.0,0.1428571428571428,0.0,0.7142857142857143,0.0,7.0,0.4285714285714285,7,False,False,False,False,0,0.0
official_dominican_republic,Isaac,M,,246,isaak,0.6,0.6,0.4,0.8,0.0,0.0,0.0,0.2,0.6,0.5,0.2,0.4,0.0,0.4,0.4,0.6,0.0,0.8,0.0,5.0,0.6,5,False,False,False,False,1,0.0
official_dominican_republic,Isabella,F,,482,isaβeʎa,0.5714285714285714,0.7142857142857143,0.4285714285714285,1.0,0.0714285714285714,0.1428571428571428,0.0,0.1428571428571428,0.8571428571428571,0.5714285714285714,0.2857142857142857,0.5,0.1428571428571428,0.2857142857142857,0.2857142857142857,0.2857142857142857,0.0,0.7857142857142857,0.0,7.0,0.5714285714285714,8,False,False,False,False,0,0.0
official_dominican_republic,Ismael,M,,245,ismael,0.5,0.8333333333333334,0.5,0.8333333333333334,0.0,0.1666666666666666,0.1666666666666666,0.1666666666666666,0.8333333333333334,0.75,0.3333333333333333,0.3333333333333333,0.1666666666666666,0.1666666666666666,0.1666666666666666,0.1666666666666666,0.0,0.75,0.0,6.0,0.5,6,False,False,False,False,1,0.0
official_dominican_republic,Jayden,M,,230,xaɪðen,0.5,0.6666666666666666,0.5,0.8333333333333334,0.0,0.0,0.1666666666666666,0.0,0.8333333333333334,0.5833333333333334,0.3333333333333333,0.5,0.0,0.3333333333333333,0.1666666666666666,0.3333333333333333,0.0,0.5833333333333334,0.0,6.0,0.5,6,False,False,False,False,1,0.0
official_dominican_republic,Liam,M,,252,liam,0.5,1.0,0.5,0.75,0.0,0.25,0.25,0.0,1.0,0.75,0.25,0.375,0.25,0.25,0.25,0.25,0.0,0.75,0.0,4.0,0.5,4,False,False,False,False,1,0.0
official_dominican_republic,Samuel,M,,241,samwel,0.3333333333333333,0.8333333333333334,0.5,0.8333333333333334,0.0,0.1666666666666666,0.1666666666666666,0.1666666666666666,0.8333333333333334,0.6666666666666666,0.3333333333333333,0.3333333333333333,0.3333333333333333,0.1666666666666666,0.1666666666666666,0.3333333333333333,0.1666666666666666,0.6666666666666666,0.0,6.0,0.3333333333333333,6,False,False,False,False,1,0.0
official_dominican_republic,Sebastián,M,,288,seβastjan,0.3333333333333333,0.5555555555555556,0.5555555555555556,0.7777777777777778,0.0,0.0,0.1111111111111111,0.2222222222222222,0.6666666666666666,0.7222222222222222,0.4444444444444444,0.2777777777777778,0.1111111111111111,0.1111111111111111,0.2222222222222222,0.2222222222222222,0.0,0.6666666666666666,0.0,9.0,0.3333333333333333,9,False,False,False,False,1,0.0
official_dominican_republic,Thiago,M,,221,tjaɣo,0.4,0.6,0.4,0.8,0.0,0.0,0.0,0.0,0.8,0.4,0.2,0.4,0.0,0.4,0.2,0.6,0.2,0.7,0.0,5.0,0.4,6,False,False,False,False,1,0.0
official_dominican_republic,Valentina,F,,388,balentina,0.4444444444444444,0.7777777777777778,0.5555555555555556,0.5555555555555556,0.0,0.1111111111111111,0.2222222222222222,0.0,0.8888888888888888,0.7777777777777778,0.4444444444444444,0.2777777777777778,0.1111111111111111,0.1111111111111111,0.2222222222222222,0.2222222222222222,0.0,0.7222222222222222,0.0,9.0,0.4444444444444444,9,False,False,False,False,0,0.0
official_dominican_republic,Victoria,F,,248,biktoɾja,0.375,0.625,0.5,0.625,0.0625,0.0,0.0,0.0,0.75,0.5625,0.25,0.375,0.125,0.4375,0.1875,0.375,0.125,0.6875,0.0,8.0,0.375,8,False,False,False,False,0,0.0
official_dominican_republic,Zoe,F,,272,θoe,0.6666666666666666,0.6666666666666666,0.3333333333333333,1.0,0.0,0.0,0.0,0.0,0.6666666666666666,0.6666666666666666,0.3333333333333333,0.6666666666666666,0.0,0.0,0.0,0.3333333333333333,0.3333333333333333,0.8333333333333334,0.0,3.0,0.6666666666666666,3,False,False,False,False,0,0.0
official_england,Alexander,M,,5390,alɪɡzandə,0.4444444444444444,0.6666666666666666,0.5555555555555556,0.6666666666666666,0.0,0.1111111111111111,0.1111111111111111,0.1111111111111111,1.0,0.6666666666666666,0.4444444444444444,0.2777777777777778,0.0,0.2222222222222222,0.2222222222222222,0.4444444444444444,0.0,0.5,0.0,9.0,0.4444444444444444,9,False,False,False,False,1,0.0
official_england,Alfie,M,,7056,alfi,0.5,0.75,0.5,1.0,0.0,0.25,0.0,0.25,0.75,0.75,0.25,0.375,0.25,0.25,0.25,0.25,0.0,0.75,0.0,4.0,0.5,5,False,False,False,False,1,0.0
official_england,Amelia,F,,9367,ɐmiːliə,0.6666666666666666,1.0,0.3333333333333333,0.8333333333333334,0.0,0.1666666666666666,0.1666666666666666,0.0,1.0,0.6666666666666666,0.1666666666666666,0.4166666666666667,0.1666666666666666,0.3333333333333333,0.0,0.1666666666666666,0.0,0.6666666666666666,0.1666666666666666,6.0,0.6666666666666666,6,False,False,False,False,0,0.0
official_england,Archie,M,,8556,ɑːtʃi,0.5,0.5,0.5,0.75,0.125,0.0,0.0,0.25,0.5,0.5,0.5,0.5,0.0,0.25,0.25,0.25,0.0,0.75,0.25,4.0,0.5,6,False,False,False,False,1,0.0
official_england,Arlo,M,,6238,ɑːləʊ,0.75,1.0,0.25,1.0,0.125,0.25,0.0,0.0,1.0,0.625,0.25,0.375,0.0,0.25,0.25,0.75,0.25,0.375,0.25,4.0,0.75,4,False,False,False,False,1,0.0
official_england,Arthur,M,,11421,ɑːθə,0.6666666666666666,0.6666666666666666,0.3333333333333333,1.0,0.1666666666666666,0.0,0.0,0.0,0.6666666666666666,0.6666666666666666,0.3333333333333333,0.6666666666666666,0.0,0.0,0.3333333333333333,0.6666666666666666,0.0,0.5,0.3333333333333333,3.0,0.6666666666666666,6,False,False,False,False,1,0.0
official_england,Ava,F,,7548,ɑːvə,0.6666666666666666,0.6666666666666666,0.3333333333333333,1.0,0.1666666666666666,0.0,0.0,0.3333333333333333,1.0,0.6666666666666666,0.0,0.5,0.3333333333333333,0.0,0.3333333333333333,0.6666666666666666,0.0,0.5,0.3333333333333333,3.0,0.6666666666666666,3,False,False,False,False,0,0.0
official_england,Charlie,M,,7875,tʃɑːli,0.4,0.6,0.6,0.8,0.1,0.2,0.0,0.2,0.6,0.6,0.6,0.4,0.0,0.2,0.2,0.2,0.0,0.7,0.2,5.0,0.4,7,False,False,False,False,1,0.0
official_england,Charlotte,F,,4882,ʃɑːlət,0.4,0.6,0.6,0.8,0.1,0.2,0.0,0.2,0.6,0.6,0.6,0.4,0.0,0.0,0.2,0.4,0.0,0.5,0.2,5.0,0.4,9,False,False,False,False,0,0.0
official_england,Daisy,F,,5007,deɪzi,0.6,0.6,0.4,0.8,0.0,0.0,0.0,0.2,1.0,0.7,0.4,0.3,0.0,0.4,0.0,0.0,0.0,0.6,0.0,5.0,0.6,5,False,False,False,False,0,0.0
official_england,Ella,F,,5165,ɛlə,0.6666666666666666,1.0,0.3333333333333333,1.0,0.0,0.3333333333333333,0.0,0.0,1.0,0.6666666666666666,0.3333333333333333,0.3333333333333333,0.0,0.0,0.0,0.3333333333333333,0.0,0.1666666666666666,0.0,3.0,0.6666666666666666,4,False,False,False,False,0,0.0
official_england,Elsie,F,,5375,ɛlsi,0.5,0.75,0.5,1.0,0.0,0.25,0.0,0.25,0.75,0.75,0.5,0.25,0.0,0.25,0.0,0.0,0.0,0.5,0.0,4.0,0.5,5,False,False,False,False,0,0.0
official_england,Emily,F,,5302,ɛmɪli,0.6,1.0,0.4,0.8,0.0,0.2,0.2,0.0,1.0,0.7,0.2,0.4,0.2,0.4,0.0,0.0,0.0,0.4,0.0,5.0,0.6,5,False,False,False,False,0,0.0
official_england,Evelyn,F,,4998,iːvlɪn,0.4,0.8,0.6,0.8,0.0,0.2,0.2,0.2,1.0,0.8,0.4,0.3,0.2,0.4,0.0,0.0,0.0,0.5,0.2,5.0,0.4,6,False,False,False,False,0,0.0
official_england,Evie,F,,4997,ɛvi,0.6666666666666666,0.6666666666666666,0.3333333333333333,1.0,0.0,0.0,0.0,0.3333333333333333,1.0,0.6666666666666666,0.0,0.5,0.3333333333333333,0.3333333333333333,0.0,0.0,0.0,0.5,0.0,3.0,0.6666666666666666,4,False,False,False,False,0,0.0
official_england,Finley,M,,6921,fɪnli,0.4,0.8,0.6,0.8,0.0,0.2,0.2,0.2,0.8,0.8,0.4,0.3,0.2,0.4,0.0,0.0,0.0,0.5,0.0,5.0,0.4,6,False,False,False,False,1,0.0
official_england,Florence,F,,6114,flɒɹəns,0.2857142857142857,0.7142857142857143,0.5714285714285714,0.8571428571428571,0.0,0.1428571428571428,0.1428571428571428,0.2857142857142857,0.7142857142857143,0.8571428571428571,0.5714285714285714,0.2142857142857142,0.1428571428571428,0.1428571428571428,0.1428571428571428,0.2857142857142857,0.2857142857142857,0.5,0.0,7.0,0.2857142857142857,8,False,False,False,False,0,0.0
official_england,Freddie,M,,8430,fɹɛdi,0.4,0.6,0.4,0.8,0.0,0.0,0.0,0.2,0.8,0.8,0.4,0.3,0.2,0.4,0.0,0.0,0.2,0.5,0.0,5.0,0.4,7,False,False,False,False,1,0.0
official_england,Freya,F,,6331,fɹeɪə,0.6,0.8,0.2,1.0,0.0,0.0,0.0,0.2,0.8,0.7,0.2,0.4,0.2,0.4,0.0,0.2,0.2,0.4,0.0,5.0,0.6,5,False,False,False,False,0,0.0
official_england,George,M,,11940,dʒɔːdʒ,0.2,0.2,0.8,0.6,0.0,0.0,0.0,0.4,1.0,0.5,0.8,0.5,0.0,0.0,0.0,0.2,0.2,0.4,0.2,5.0,0.2,6,False,False,False,False,1,0.0
official_england,Grace,F,,5677,ɡɹeɪs,0.4,0.6,0.4,0.8,0.0,0.0,0.0,0.2,0.8,0.6,0.4,0.3,0.0,0.6,0.0,0.2,0.2,0.5,0.0,5.0,0.4,5,False,False,False,False,0,0.0
official_england,Harper,F,,4344,hɑːpə,0.5,0.75,0.5,0.75,0.125,0.0,0.0,0.0,0.5,0.5,0.0,0.5,0.25,0.0,0.25,0.75,0.0,0.5,0.25,4.0,0.5,6,False,False,False,False,0,0.0
official_england,Harry,M,,8701,haɹi,0.5,1.0,0.25,1.0,0.0,0.0,0.0,0.0,0.75,0.5,0.25,0.375,0.0,0.5,0.25,0.5,0.25,0.75,0.0,4.0,0.5,5,False,False,False,False,1,0.0
official_england,Henry,M,,8404,hɛnɹi,0.4,1.0,0.4,0.8,0.0,0.0,0.2,0.0,0.8,0.6,0.4,0.3,0.0,0.4,0.0,0.2,0.2,0.5,0.0,5.0,0.4,5,False,False,False,False,1,0.0
official_england,Isaac,M,,5695,aɪsək,0.6,0.6,0.4,0.8,0.0,0.0,0.0,0.2,0.6,0.5,0.2,0.4,0.0,0.4,0.2,0.6,0.0,0.4,0.0,5.0,0.6,5,False,False,False,False,1,0.0
official_england,Isabella,F,,5989,ɪseɪbɛlə,0.625,0.75,0.375,0.875,0.0,0.125,0.0,0.125,0.875,0.6875,0.25,0.375,0.125,0.25,0.0,0.125,0.0,0.3125,0.0,8.0,0.625,8,False,False,False,False,0,0.0
official_england,Isla,F,,8045,aɪlə,0.75,1.0,0.25,1.0,0.0,0.25,0.0,0.0,1.0,0.625,0.25,0.375,0.0,0.25,0.25,0.5,0.0,0.375,0.0,4.0,0.75,4,False,False,False,False,0,0.0
official_england,Ivy,F,,6606,aɪvi,0.75,0.75,0.25,1.0,0.0,0.0,0.0,0.25,1.0,0.625,0.0,0.5,0.25,0.5,0.25,0.25,0.0,0.625,0.0,4.0,0.75,3,False,False,False,False,0,0.0
official_england,Jack,M,,8178,dʒak,0.25,0.25,0.75,0.5,0.0,0.0,0.0,0.25,0.75,0.375,0.5,0.5,0.0,0.25,0.25,0.5,0.0,0.625,0.0,4.0,0.25,4,False,False,False,False,1,0.0
official_england,Jacob,M,,6538,dʒeɪkəb,0.4285714285714285,0.4285714285714285,0.5714285714285714,0.5714285714285714,0.0,0.0,0.0,0.1428571428571428,0.8571428571428571,0.5,0.2857142857142857,0.5,0.1428571428571428,0.2857142857142857,0.0,0.2857142857142857,0.0,0.4285714285714285,0.0,7.0,0.4285714285714285,5,False,False,False,False,1,0.0
official_england,James,M,,5283,dʒeɪmz,0.3333333333333333,0.5,0.6666666666666666,0.6666666666666666,0.0,0.0,0.1666666666666666,0.3333333333333333,1.0,0.6666666666666666,0.5,0.4166666666666667,0.1666666666666666,0.1666666666666666,0.0,0.0,0.0,0.5,0.0,6.0,0.3333333333333333,5,False,False,False,False,1,0.0
official_england,Joshua,M,,5204,dʒɒʃjuːə,0.4285714285714285,0.5714285714285714,0.4285714285714285,0.8571428571428571,0.0,0.0,0.0,0.2857142857142857,0.8571428571428571,0.3571428571428571,0.4285714285714285,0.5714285714285714,0.1428571428571428,0.2857142857142857,0.1428571428571428,0.4285714285714285,0.2857142857142857,0.5714285714285714,0.1428571428571428,7.0,0.4285714285714285,6,False,False,False,False,1,0.0
official_england,Leo,M,,10389,liːəʊ,0.75,1.0,0.25,1.0,0.0,0.25,0.0,0.0,1.0,0.625,0.25,0.375,0.0,0.5,0.0,0.5,0.25,0.375,0.25,4.0,0.75,3,False,False,False,False,1,0.0
official_england,Lily,F,,6613,lɪli,0.5,1.0,0.5,1.0,0.0,0.5,0.0,0.0,1.0,0.75,0.5,0.25,0.0,0.5,0.0,0.0,0.0,0.5,0.0,4.0,0.5,4,False,False,False,False,0,0.0
official_england,Luca,M,,5755,luːkə,0.5,0.75,0.5,0.75,0.0,0.25,0.0,0.0,0.75,0.5,0.25,0.375,0.25,0.5,0.0,0.75,0.25,0.5,0.25,4.0,0.5,4,False,False,False,False,1,0.0
official_england,Lucas,M,,5682,luːkəz,0.4,0.6,0.6,0.8,0.0,0.2,0.0,0.2,0.8,0.6,0.4,0.3,0.2,0.4,0.0,0.6,0.2,0.5,0.2,5.0,0.4,5,False,False,False,False,1,0.0
official_england,Matilda,F,,4201,mɐtɪldə,0.4285714285714285,0.7142857142857143,0.5714285714285714,0.5714285714285714,0.0,0.1428571428571428,0.1428571428571428,0.0,0.8571428571428571,0.7857142857142857,0.4285714285714285,0.2857142857142857,0.1428571428571428,0.1428571428571428,0.0,0.1428571428571428,0.0,0.4285714285714285,0.0,7.0,0.4285714285714285,7,False,False,False,False,0,0.0
official_england,Maya,F,,4170,maɪə,0.75,1.0,0.25,0.75,0.0,0.0,0.25,0.0,1.0,0.625,0.0,0.5,0.25,0.25,0.25,0.5,0.0,0.375,0.0,4.0,0.75,4,False,False,False,False,0,0.0
official_england,Mia,F,,6339,miə,0.6666666666666666,1.0,0.3333333333333333,0.6666666666666666,0.0,0.0,0.3333333333333333,0.0,1.0,0.6666666666666666,0.0,0.5,0.3333333333333333,0.3333333333333333,0.0,0.3333333333333333,0.0,0.5,0.0,3.0,0.6666666666666666,3,False,False,False,False,0,0.0
official_england,Millie,F,,4461,mɪlɪ,0.5,1.0,0.5,0.75,0.0,0.25,0.25,0.0,1.0,0.75,0.25,0.375,0.25,0.5,0.0,0.0,0.0,0.25,0.0,4.0,0.5,6,False,False,False,False,0,0.0
official_england,Muhammad,M,,11609,məhamɪd,0.4285714285714285,0.8571428571428571,0.5714285714285714,0.5714285714285714,0.0,0.0,0.2857142857142857,0.0,0.8571428571428571,0.6428571428571429,0.1428571428571428,0.4285714285714285,0.2857142857142857,0.1428571428571428,0.1428571428571428,0.4285714285714285,0.0,0.4285714285714285,0.0,7.0,0.4285714285714285,8,False,False,False,False,1,0.0
official_england,Noah,M,,13153,nəʊʌ,0.75,1.0,0.25,0.75,0.0,0.0,0.25,0.0,1.0,0.625,0.25,0.375,0.0,0.25,0.0,0.75,0.25,0.375,0.0,4.0,0.75,4,False,False,False,False,1,0.0
official_england,Oliver,M,,12083,ɒlɪvə,0.6,0.8,0.4,1.0,0.0,0.2,0.0,0.2,1.0,0.7,0.2,0.4,0.2,0.2,0.2,0.4,0.2,0.4,0.0,5.0,0.6,6,False,False,False,False,1,0.0
official_england,Olivia,F,,10578,ɒlɪviə,0.6666666666666666,0.8333333333333334,0.3333333333333333,1.0,0.0,0.1666666666666666,0.0,0.1666666666666666,1.0,0.6666666666666666,0.1666666666666666,0.4166666666666667,0.1666666666666666,0.3333333333333333,0.1666666666666666,0.3333333333333333,0.1666666666666666,0.5,0.0,6.0,0.6666666666666666,6,False,False,False,False,0,0.0
official_england,Oscar,M,,9222,ɒskə,0.5,0.5,0.5,0.75,0.0,0.0,0.0,0.25,0.5,0.5,0.25,0.375,0.0,0.25,0.25,0.75,0.25,0.5,0.0,4.0,0.5,5,False,False,False,False,1,0.0
official_england,Phoebe,F,,4752,fiːbiː,0.5,0.5,0.5,0.75,0.0,0.0,0.0,0.25,0.75,0.75,0.0,0.5,0.5,0.5,0.0,0.0,0.0,0.75,0.5,4.0,0.5,6,False,False,False,False,0,0.0
official_england,Poppy,F,,5527,pɒpi,0.5,0.5,0.5,0.5,0.0,0.0,0.0,0.0,0.5,0.75,0.0,0.5,0.5,0.25,0.25,0.25,0.25,0.75,0.0,4.0,0.5,5,False,False,False,False,0,0.0
official_england,Roman,M,,5339,ɹəʊmən,0.5,1.0,0.3333333333333333,0.6666666666666666,0.0,0.0,0.3333333333333333,0.0,1.0,0.75,0.3333333333333333,0.3333333333333333,0.1666666666666666,0.3333333333333333,0.0,0.5,0.3333333333333333,0.25,0.0,6.0,0.5,5,False,False,False,False,1,0.0
official_england,Rosie,F,,5749,ɹəʊsi,0.6,0.8,0.2,1.0,0.0,0.0,0.0,0.2,0.8,0.7,0.4,0.3,0.0,0.6,0.0,0.4,0.4,0.4,0.0,5.0,0.6,5,False,False,False,False,0,0.0
official_england,Sienna,F,,5366,siːɛnə,0.6,0.8,0.4,0.8,0.0,0.0,0.2,0.2,0.8,0.7,0.4,0.3,0.0,0.2,0.0,0.2,0.0,0.4,0.2,5.0,0.6,6,False,False,False,False,0,0.0
official_england,Sofia,F,,4870,səʊfiə,0.6666666666666666,0.6666666666666666,0.3333333333333333,1.0,0.0,0.0,0.0,0.3333333333333333,0.6666666666666666,0.6666666666666666,0.1666666666666666,0.4166666666666667,0.1666666666666666,0.3333333333333333,0.0,0.5,0.1666666666666666,0.3333333333333333,0.0,6.0,0.6666666666666666,5,False,False,False,False,0,0.0
official_england,Sophia,F,,5860,səʊfiə,0.6666666666666666,0.6666666666666666,0.3333333333333333,1.0,0.0,0.0,0.0,0.3333333333333333,0.6666666666666666,0.6666666666666666,0.1666666666666666,0.4166666666666667,0.1666666666666666,0.3333333333333333,0.0,0.5,0.1666666666666666,0.3333333333333333,0.0,6.0,0.6666666666666666,6,False,False,False,False,0,0.0
official_england,Sophie,F,,4015,səʊfi,0.6,0.6,0.4,1.0,0.0,0.0,0.0,0.4,0.6,0.7,0.2,0.4,0.2,0.4,0.0,0.4,0.2,0.4,0.0,5.0,0.6,6,False,False,False,False,0,0.0
official_england,Teddy,M,,5532,tɛdi,0.5,0.5,0.5,0.5,0.0,0.0,0.0,0.0,0.75,0.75,0.5,0.25,0.0,0.25,0.0,0.0,0.0,0.5,0.0,4.0,0.5,5,False,False,False,False,1,0.0
official_england,Theo,M,,7920,θiːəʊ,0.75,0.75,0.25,1.0,0.0,0.0,0.0,0.0,0.75,0.625,0.25,0.625,0.0,0.5,0.0,0.5,0.25,0.375,0.25,4.0,0.75,4,False,False,False,False,1,0.0
official_england,Theodore,M,,8461,θiːədɔː,0.6,0.6,0.4,0.8,0.0,0.0,0.0,0.0,0.8,0.7,0.4,0.5,0.0,0.2,0.0,0.4,0.2,0.4,0.4,5.0,0.6,8,False,False,False,False,1,0.0
official_england,Thomas,M,,7049,tɒməs,0.4,0.6,0.6,0.6,0.0,0.0,0.2,0.2,0.6,0.8,0.4,0.3,0.2,0.0,0.2,0.4,0.2,0.5,0.0,5.0,0.4,6,False,False,False,False,1,0.0
official_england,Tommy,M,,5738,tɒmi,0.5,0.75,0.5,0.5,0.0,0.0,0.25,0.0,0.75,0.75,0.25,0.375,0.25,0.25,0.25,0.25,0.25,0.75,0.0,4.0,0.5,5,False,False,False,False,1,0.0
official_england,William,M,,6114,wɪliəm,0.5,1.0,0.3333333333333333,0.8333333333333334,0.0,0.1666666666666666,0.1666666666666666,0.0,1.0,0.5833333333333334,0.1666666666666666,0.4166666666666667,0.3333333333333333,0.5,0.0,0.3333333333333333,0.1666666666666666,0.4166666666666667,0.0,6.0,0.5,7,False,False,False,False,1,0.0
official_england,Willow,F,,5916,wɪləʊ,0.6,1.0,0.2,1.0,0.0,0.2,0.0,0.0,1.0,0.5,0.2,0.4,0.2,0.6,0.0,0.6,0.4,0.2,0.0,5.0,0.6,6,False,False,False,False,0,0.0
official_estonia,AARON,M,,10,aːron,0.5,1.0,0.5,0.75,0.125,0.0,0.25,0.0,1.0,0.75,0.5,0.25,0.0,0.125,0.375,0.5,0.25,0.75,0.25,4.0,0.5,5,False,False,False,False,1,0.0
official_estonia,ADEELE,F,,10,adeːle,0.6,0.8,0.4,0.8,0.0,0.2,0.0,0.0,1.0,0.7,0.4,0.3,0.0,0.0,0.2,0.2,0.0,0.8,0.2,5.0,0.6,6,False,False,False,False,0,0.0
official_estonia,ADELINA,F,,5,adɛlina,0.5714285714285714,0.8571428571428571,0.4285714285714285,0.7142857142857143,0.0,0.1428571428571428,0.1428571428571428,0.0,1.0,0.7142857142857143,0.4285714285714285,0.2857142857142857,0.0,0.1428571428571428,0.2857142857142857,0.2857142857142857,0.0,0.6428571428571429,0.0,7.0,0.5714285714285714,7,False,False,False,False,0,0.0
official_estonia,ADRIAN,M,,12,adrian,0.5,0.8333333333333334,0.5,0.6666666666666666,0.0833333333333333,0.0,0.1666666666666666,0.0,1.0,0.75,0.5,0.25,0.0,0.25,0.4166666666666667,0.3333333333333333,0.0,0.75,0.0,6.0,0.5,6,False,False,False,False,1,0.0
official_estonia,ALISA,F,,11,aʎɪsa,0.6,0.8,0.4,1.0,0.1,0.2,0.0,0.2,0.8,0.5,0.4,0.5,0.0,0.4,0.4,0.4,0.0,0.6,0.0,5.0,0.6,5,False,False,False,False,0,0.0
official_estonia,AMELIA,F,,24,amɛlia,0.6666666666666666,1.0,0.3333333333333333,0.8333333333333334,0.0,0.1666666666666666,0.1666666666666666,0.0,1.0,0.6666666666666666,0.1666666666666666,0.4166666666666667,0.1666666666666666,0.1666666666666666,0.3333333333333333,0.3333333333333333,0.0,0.6666666666666666,0.0,6.0,0.6666666666666666,6,False,False,False,False,0,0.0
official_estonia,ANNA,F,,6,anna,0.5,1.0,0.5,0.5,0.0,0.0,0.5,0.0,1.0,0.75,0.5,0.25,0.0,0.0,0.5,0.5,0.0,0.75,0.0,4.0,0.5,4,False,False,False,False,0,0.0
official_estonia,ARABELLA,F,,32,arɑbella,0.5,0.875,0.5,0.875,0.125,0.25,0.0,0.0,1.0,0.75,0.375,0.3125,0.125,0.0625,0.4375,0.375,0.0,0.75,0.0,8.0,0.5,8,False,False,False,False,0,0.0
official_estonia,ARON,M,,39,arɔn,0.5,1.0,0.5,0.75,0.125,0.0,0.25,0.0,1.0,0.75,0.5,0.25,0.0,0.125,0.375,0.5,0.25,0.5,0.0,4.0,0.5,4,False,False,False,False,1,0.0
official_estonia,AURORA,F,,6,aurora,0.6666666666666666,1.0,0.3333333333333333,1.0,0.1666666666666666,0.0,0.0,0.0,1.0,0.6666666666666666,0.3333333333333333,0.3333333333333333,0.1666666666666666,0.3333333333333333,0.5,0.6666666666666666,0.3333333333333333,0.8333333333333334,0.0,6.0,0.6666666666666666,6,False,False,False,False,0,0.0
official_estonia,DAMIR,M,,11,tamɪr,0.4,0.8,0.6,0.6,0.1,0.0,0.2,0.0,0.8,0.8,0.4,0.3,0.2,0.3,0.3,0.2,0.0,0.5,0.0,5.0,0.4,5,False,False,False,False,1,0.0
official_estonia,DANIEL,M,,24,taɲiel,0.5,0.8333333333333334,0.5,0.6666666666666666,0.0,0.1666666666666666,0.1666666666666666,0.0,0.8333333333333334,0.5833333333333334,0.3333333333333333,0.3333333333333333,0.0,0.3333333333333333,0.1666666666666666,0.1666666666666666,0.0,0.75,0.0,6.0,0.5,6,False,False,False,False,1,0.0
official_estonia,DAVID,M,,45,tavɪd,0.4,0.4,0.6,0.6,0.0,0.0,0.0,0.2,0.8,0.8,0.4,0.3,0.2,0.2,0.2,0.2,0.0,0.5,0.0,5.0,0.4,5,False,False,False,False,1,0.0
official_estonia,ELIISE,F,,21,eʎiːse,0.6,0.8,0.4,1.0,0.1,0.2,0.0,0.2,0.8,0.5,0.4,0.5,0.0,0.4,0.0,0.0,0.0,0.8,0.2,5.0,0.6,6,False,False,False,False,0,0.0
official_estonia,ELLI,F,,18,eʎʎi,0.5,1.0,0.5,1.0,0.25,0.5,0.0,0.0,1.0,0.25,0.5,0.75,0.0,0.75,0.0,0.0,0.0,0.75,0.0,4.0,0.5,4,False,False,False,False,0,0.0
official_estonia,EMILIA,F,,53,emɪlia,0.6666666666666666,1.0,0.3333333333333333,0.8333333333333334,0.0,0.1666666666666666,0.1666666666666666,0.0,1.0,0.6666666666666666,0.1666666666666666,0.4166666666666667,0.1666666666666666,0.3333333333333333,0.1666666666666666,0.1666666666666666,0.0,0.6666666666666666,0.0,6.0,0.6666666666666666,6,False,False,False,False,0,0.0
official_estonia,EMILY,F,,28,emɪli,0.6,1.0,0.4,0.8,0.0,0.2,0.2,0.0,1.0,0.7,0.2,0.4,0.2,0.4,0.0,0.0,0.0,0.6,0.0,5.0,0.6,5,False,False,False,False,0,0.0
official_estonia,EMMA,F,,36,emma,0.5,1.0,0.5,0.5,0.0,0.0,0.5,0.0,1.0,0.75,0.0,0.5,0.5,0.0,0.25,0.25,0.0,0.75,0.0,4.0,0.5,4,False,False,False,False,0,0.0
official_estonia,EVA,F,,47,evɑ,0.6666666666666666,0.6666666666666666,0.3333333333333333,1.0,0.1666666666666666,0.0,0.0,0.3333333333333333,1.0,0.6666666666666666,0.0,0.5,0.3333333333333333,0.0,0.3333333333333333,0.3333333333333333,0.0,0.8333333333333334,0.0,3.0,0.6666666666666666,3,False,False,False,False,0,0.0
official_estonia,GUSTAV,M,,11,kustav,0.3333333333333333,0.3333333333333333,0.6666666666666666,0.6666666666666666,0.0,0.0,0.0,0.3333333333333333,0.5,0.6666666666666666,0.3333333333333333,0.3333333333333333,0.3333333333333333,0.3333333333333333,0.1666666666666666,0.5,0.1666666666666666,0.6666666666666666,0.0,6.0,0.3333333333333333,6,False,False,False,False,1,0.0
official_estonia,HANNA,F,,29,hanna,0.4,1.0,0.6,0.6,0.0,0.0,0.4,0.0,0.8,0.6,0.4,0.3,0.0,0.0,0.4,0.6,0.0,0.7,0.0,5.0,0.4,5,False,False,False,False,0,0.0
official_estonia,HUGO,M,,80,huɡɔ,0.5,0.75,0.5,0.75,0.0,0.0,0.0,0.0,0.75,0.25,0.0,0.5,0.25,0.5,0.0,1.0,0.5,0.5,0.0,4.0,0.5,4,False,False,False,False,1,0.0
official_estonia,ISABEL,F,,5,isɑbel,0.5,0.6666666666666666,0.5,0.8333333333333334,0.0833333333333333,0.1666666666666666,0.0,0.1666666666666666,0.8333333333333334,0.75,0.3333333333333333,0.3333333333333333,0.1666666666666666,0.1666666666666666,0.1666666666666666,0.1666666666666666,0.0,0.75,0.0,6.0,0.5,6,False,False,False,False,0,0.0
official_estonia,ISABELLA,F,,5,isɑbella,0.5,0.75,0.5,0.875,0.0625,0.25,0.0,0.125,0.875,0.75,0.375,0.3125,0.125,0.125,0.25,0.25,0.0,0.75,0.0,8.0,0.5,8,False,False,False,False,0,0.0
official_estonia,JAKOB,M,,18,jakob,0.4,0.6,0.4,0.6,0.0,0.0,0.0,0.0,0.8,0.4,0.0,0.5,0.2,0.4,0.2,0.6,0.2,0.7,0.0,5.0,0.4,5,False,False,False,False,1,0.0
official_estonia,JASPER,M,,25,jasper,0.3333333333333333,0.6666666666666666,0.5,0.8333333333333334,0.0833333333333333,0.0,0.0,0.1666666666666666,0.6666666666666666,0.6666666666666666,0.3333333333333333,0.3333333333333333,0.1666666666666666,0.25,0.25,0.1666666666666666,0.0,0.6666666666666666,0.0,6.0,0.3333333333333333,6,False,False,False,False,1,0.0
official_estonia,JOHANNES,M,,27,johɑnnes,0.375,0.875,0.5,0.75,0.0625,0.0,0.25,0.125,0.75,0.5625,0.375,0.3125,0.0,0.125,0.125,0.375,0.125,0.6875,0.0,8.0,0.375,8,False,False,False,False,1,0.0
official_estonia,KARL,M,,15,karl,0.25,0.75,0.75,0.75,0.125,0.25,0.0,0.0,0.75,0.625,0.5,0.25,0.0,0.375,0.375,0.5,0.0,0.625,0.0,4.0,0.25,4,False,False,False,False,1,0.0
official_estonia,KEVIN,M,,12,kevɪn,0.4,0.6,0.6,0.6,0.0,0.0,0.2,0.2,0.8,0.6,0.2,0.4,0.2,0.4,0.0,0.2,0.0,0.5,0.0,5.0,0.4,5,False,False,False,False,1,0.0
official_estonia,LAUREN,F,,8,lauren,0.5,1.0,0.5,0.8333333333333334,0.0833333333333333,0.1666666666666666,0.1666666666666666,0.0,1.0,0.75,0.5,0.25,0.1666666666666666,0.25,0.25,0.3333333333333333,0.1666666666666666,0.75,0.0,6.0,0.5,6,False,False,False,False,0,0.0
official_estonia,LENNA,F,,34,lenna,0.4,1.0,0.6,0.6,0.0,0.2,0.4,0.0,1.0,0.8,0.6,0.2,0.0,0.0,0.2,0.2,0.0,0.7,0.0,5.0,0.4,5,False,False,False,False,0,0.0
official_estonia,LEON,M,,28,leoːn,0.5,1.0,0.5,0.75,0.0,0.25,0.25,0.0,1.0,0.75,0.5,0.25,0.0,0.0,0.0,0.25,0.25,0.75,0.25,4.0,0.5,4,False,False,False,False,1,0.0
official_estonia,LINDA,F,,6,linda,0.4,0.8,0.6,0.6,0.0,0.2,0.2,0.0,1.0,0.8,0.6,0.2,0.0,0.2,0.2,0.2,0.0,0.7,0.0,5.0,0.4,5,False,False,False,False,0,0.0
official_estonia,LUCAS,M,,15,lukas,0.4,0.6,0.6,0.8,0.0,0.2,0.0,0.2,0.6,0.6,0.4,0.3,0.2,0.4,0.2,0.6,0.2,0.7,0.0,5.0,0.4,5,False,False,False,False,1,0.0
official_estonia,LUKAS,M,,29,lukas,0.4,0.6,0.6,0.8,0.0,0.2,0.0,0.2,0.6,0.6,0.4,0.3,0.2,0.4,0.2,0.6,0.2,0.7,0.0,5.0,0.4,5,False,False,False,False,1,0.0
official_estonia,MAKSIM,M,,11,maksim,0.3333333333333333,0.6666666666666666,0.6666666666666666,0.5,0.0,0.0,0.3333333333333333,0.1666666666666666,0.6666666666666666,0.6666666666666666,0.1666666666666666,0.4166666666666667,0.3333333333333333,0.3333333333333333,0.1666666666666666,0.3333333333333333,0.0,0.6666666666666666,0.0,6.0,0.3333333333333333,6,False,False,False,False,1,0.0
official_estonia,MARIA,F,,18,maria,0.6,1.0,0.4,0.8,0.1,0.0,0.2,0.0,1.0,0.7,0.2,0.4,0.2,0.3,0.5,0.4,0.0,0.8,0.0,5.0,0.6,5,False,False,False,False,0,0.0
official_estonia,MARK,M,,120,mark,0.25,0.75,0.75,0.5,0.125,0.0,0.25,0.0,0.75,0.625,0.25,0.375,0.25,0.375,0.375,0.5,0.0,0.625,0.0,4.0,0.25,4,False,False,False,False,1,0.0
official_estonia,MARKUS,M,,25,markːus,0.3333333333333333,0.6666666666666666,0.6666666666666666,0.6666666666666666,0.0833333333333333,0.0,0.1666666666666666,0.1666666666666666,0.6666666666666666,0.6666666666666666,0.3333333333333333,0.3333333333333333,0.3333333333333333,0.4166666666666667,0.25,0.5,0.1666666666666666,0.6666666666666666,0.1666666666666666,6.0,0.3333333333333333,6,False,False,False,False,1,0.0
official_estonia,MARTA,F,,17,marta,0.4,0.8,0.6,0.6,0.1,0.0,0.2,0.0,0.8,0.8,0.4,0.3,0.2,0.1,0.5,0.4,0.0,0.7,0.0,5.0,0.4,5,False,False,False,False,0,0.0
official_estonia,MARTIN,M,,19,martin,0.3333333333333333,0.8333333333333334,0.6666666666666666,0.5,0.0833333333333333,0.0,0.3333333333333333,0.0,0.8333333333333334,0.8333333333333334,0.5,0.25,0.1666666666666666,0.25,0.25,0.1666666666666666,0.0,0.6666666666666666,0.0,6.0,0.3333333333333333,6,False,False,False,False,1,0.0
official_estonia,MATVEI,M,,17,matveiː,0.5,0.6666666666666666,0.5,0.6666666666666666,0.0,0.0,0.1666666666666666,0.1666666666666666,0.8333333333333334,0.75,0.1666666666666666,0.4166666666666667,0.3333333333333333,0.1666666666666666,0.1666666666666666,0.1666666666666666,0.0,0.75,0.1666666666666666,6.0,0.5,6,False,False,False,False,1,0.0
official_estonia,MIA,F,,75,mia,0.6666666666666666,1.0,0.3333333333333333,0.6666666666666666,0.0,0.0,0.3333333333333333,0.0,1.0,0.6666666666666666,0.0,0.5,0.3333333333333333,0.3333333333333333,0.3333333333333333,0.3333333333333333,0.0,0.8333333333333334,0.0,3.0,0.6666666666666666,3,False,False,False,False,0,0.0
official_estonia,MILANA,F,,10,milɑna,0.5,1.0,0.5,0.6666666666666666,0.0833333333333333,0.1666666666666666,0.3333333333333333,0.0,1.0,0.75,0.3333333333333333,0.3333333333333333,0.1666666666666666,0.1666666666666666,0.3333333333333333,0.3333333333333333,0.0,0.75,0.0,6.0,0.5,6,False,False,False,False,0,0.0
official_estonia,MIRON,M,,51,mirɔn,0.4,1.0,0.6,0.6,0.1,0.0,0.4,0.0,1.0,0.8,0.4,0.3,0.2,0.3,0.1,0.2,0.2,0.5,0.0,5.0,0.4,5,False,False,False,False,1,0.0
official_estonia,NORA,F,,30,norɑ,0.5,1.0,0.5,0.75,0.25,0.0,0.25,0.0,1.0,0.75,0.5,0.25,0.0,0.125,0.375,0.5,0.25,0.75,0.0,4.0,0.5,4,False,False,False,False,0,0.0
official_estonia,OLIVER,M,,53,oʎɪver,0.5,0.8333333333333334,0.5,1.0,0.1666666666666666,0.1666666666666666,0.0,0.1666666666666666,1.0,0.5833333333333334,0.3333333333333333,0.5,0.1666666666666666,0.4166666666666667,0.0833333333333333,0.1666666666666666,0.1666666666666666,0.5833333333333334,0.0,6.0,0.5,6,False,False,False,False,1,0.0
official_estonia,OLIVIA,F,,52,oʎɪvia,0.6666666666666666,0.8333333333333334,0.3333333333333333,1.0,0.0833333333333333,0.1666666666666666,0.0,0.1666666666666666,1.0,0.5,0.1666666666666666,0.5833333333333334,0.1666666666666666,0.5,0.1666666666666666,0.3333333333333333,0.1666666666666666,0.6666666666666666,0.0,6.0,0.6666666666666666,6,False,False,False,False,0,0.0
official_estonia,OSKAR,M,,40,oskar,0.4,0.6,0.6,0.8,0.1,0.0,0.0,0.2,0.6,0.6,0.4,0.3,0.0,0.3,0.3,0.6,0.2,0.7,0.0,5.0,0.4,5,False,False,False,False,1,0.0
official_estonia,POLINA,F,,5,poʎɪna,0.5,0.8333333333333334,0.5,0.6666666666666666,0.0833333333333333,0.1666666666666666,0.1666666666666666,0.0,0.8333333333333334,0.5833333333333334,0.3333333333333333,0.5,0.1666666666666666,0.3333333333333333,0.1666666666666666,0.3333333333333333,0.1666666666666666,0.5833333333333334,0.0,6.0,0.5,6,False,False,False,False,0,0.0
official_estonia,RASMUS,M,,35,rasmus,0.3333333333333333,0.6666666666666666,0.6666666666666666,0.8333333333333334,0.0833333333333333,0.0,0.1666666666666666,0.3333333333333333,0.6666666666666666,0.8333333333333334,0.5,0.25,0.3333333333333333,0.25,0.25,0.3333333333333333,0.1666666666666666,0.6666666666666666,0.0,6.0,0.3333333333333333,6,False,False,False,False,1,0.0
official_estonia,ROBERT,M,,26,robɛrt,0.3333333333333333,0.6666666666666666,0.6666666666666666,0.6666666666666666,0.1666666666666666,0.0,0.0,0.0,0.8333333333333334,0.8333333333333334,0.5,0.25,0.1666666666666666,0.1666666666666666,0.1666666666666666,0.1666666666666666,0.1666666666666666,0.5,0.0,6.0,0.3333333333333333,6,False,False,False,False,1,0.0
official_estonia,ROBIN,M,,36,robɪn,0.4,0.8,0.6,0.6,0.1,0.0,0.2,0.0,1.0,0.8,0.4,0.3,0.2,0.3,0.1,0.2,0.2,0.5,0.0,5.0,0.4,5,False,False,False,False,1,0.0
official_estonia,ROOSI,F,,5,roːs^i,0.5,0.75,0.5,1.0,0.125,0.0,0.0,0.25,0.75,0.75,0.5,0.25,0.0,0.375,0.125,0.25,0.25,0.75,0.25,4.0,0.5,5,False,False,False,False,0,0.0
official_estonia,SAARA,F,,46,saːra,0.5,0.75,0.5,1.0,0.125,0.0,0.0,0.25,0.75,0.75,0.5,0.25,0.0,0.125,0.625,0.5,0.0,0.75,0.25,4.0,0.5,5,False,False,False,False,0,0.0
official_estonia,SASKIA,F,,6,saskia,0.5,0.5,0.5,0.8333333333333334,0.0,0.0,0.0,0.3333333333333333,0.5,0.5833333333333334,0.3333333333333333,0.3333333333333333,0.0,0.3333333333333333,0.3333333333333333,0.5,0.0,0.75,0.0,6.0,0.5,6,False,False,False,False,0,0.0
official_estonia,SEBASTIAN,M,,55,sebɑs^tian,0.4444444444444444,0.5555555555555556,0.5555555555555556,0.6666666666666666,0.0555555555555555,0.0,0.1111111111111111,0.2222222222222222,0.6666666666666666,0.7777777777777778,0.4444444444444444,0.2777777777777778,0.1111111111111111,0.1111111111111111,0.2222222222222222,0.2222222222222222,0.0,0.7222222222222222,0.0,9.0,0.4444444444444444,9,False,False,False,False,1,0.0
official_estonia,SOFIA,F,,154,sofia,0.6,0.6,0.4,1.0,0.0,0.0,0.0,0.4,0.6,0.7,0.2,0.4,0.2,0.2,0.2,0.4,0.2,0.8,0.0,5.0,0.6,5,False,False,False,False,0,0.0
official_estonia,STEFAN,M,,13,stefan,0.3333333333333333,0.5,0.6666666666666666,0.6666666666666666,0.0,0.0,0.1666666666666666,0.3333333333333333,0.5,0.8333333333333334,0.5,0.25,0.1666666666666666,0.0,0.1666666666666666,0.1666666666666666,0.0,0.6666666666666666,0.0,6.0,0.3333333333333333,6,False,False,False,False,1,0.0
official_estonia,TIMUR,M,,15,timʊr,0.4,0.8,0.6,0.6,0.1,0.0,0.2,0.0,0.8,0.8,0.4,0.3,0.2,0.5,0.1,0.2,0.2,0.5,0.0,5.0,0.4,5,False,False,False,False,1,0.0
official_estonia_population_top100,Aivar,M,,3841,aivar,0.6,0.8,0.4,1.0,0.1,0.0,0.0,0.2,1.0,0.7,0.2,0.4,0.2,0.3,0.5,0.4,0.0,0.8,0.0,5.0,0.6,5,False,False,False,False,1,0.0
official_estonia_population_top100,Aleksandr,M,,11613,alɛksandr,0.3333333333333333,0.6666666666666666,0.6666666666666666,0.6666666666666666,0.0555555555555555,0.1111111111111111,0.1111111111111111,0.1111111111111111,0.7777777777777778,0.7222222222222222,0.5555555555555556,0.2222222222222222,0.0,0.1666666666666666,0.2777777777777778,0.3333333333333333,0.0,0.5555555555555556,0.0,9.0,0.3333333333333333,9,False,False,False,False,1,0.0
official_estonia_population_top100,Aleksandra,F,,3305,alɛksandra,0.4,0.7,0.6,0.7,0.05,0.1,0.1,0.1,0.8,0.7,0.5,0.25,0.0,0.15,0.35,0.4,0.0,0.6,0.0,10.0,0.4,10,False,False,False,False,0,0.0
official_estonia_population_top100,Aleksei,M,,6519,alɛkseiː,0.5714285714285714,0.7142857142857143,0.4285714285714285,0.8571428571428571,0.0,0.1428571428571428,0.0,0.1428571428571428,0.7142857142857143,0.5714285714285714,0.2857142857142857,0.3571428571428571,0.0,0.2857142857142857,0.1428571428571428,0.2857142857142857,0.0,0.6428571428571429,0.1428571428571428,7.0,0.5714285714285714,7,False,False,False,False,1,0.0
official_estonia_population_top100,Alexander,M,,3812,alɛksander,0.4,0.7,0.6,0.7,0.05,0.1,0.1,0.1,0.8,0.7,0.5,0.25,0.0,0.15,0.25,0.3,0.0,0.6,0.0,10.0,0.4,9,False,False,False,False,1,0.0
official_estonia_population_top100,Andrei,M,,7442,andreiː,0.5,0.8333333333333334,0.5,0.6666666666666666,0.0833333333333333,0.0,0.1666666666666666,0.0,1.0,0.75,0.5,0.25,0.0,0.25,0.25,0.1666666666666666,0.0,0.75,0.1666666666666666,6.0,0.5,6,False,False,False,False,1,0.0
official_estonia_population_top100,Andres,M,,6181,andres,0.3333333333333333,0.6666666666666666,0.6666666666666666,0.6666666666666666,0.0833333333333333,0.0,0.1666666666666666,0.1666666666666666,0.8333333333333334,0.8333333333333334,0.6666666666666666,0.1666666666666666,0.0,0.0833333333333333,0.25,0.1666666666666666,0.0,0.6666666666666666,0.0,6.0,0.3333333333333333,6,False,False,False,False,1,0.0
official_estonia_population_top100,Anna,F,,8651,anna,0.5,1.0,0.5,0.5,0.0,0.0,0.5,0.0,1.0,0.75,0.5,0.25,0.0,0.0,0.5,0.5,0.0,0.75,0.0,4.0,0.5,4,False,False,False,False,0,0.0
official_estonia_population_top100,Anne,F,,4715,anne,0.5,1.0,0.5,0.5,0.0,0.0,0.5,0.0,1.0,0.75,0.5,0.25,0.0,0.0,0.25,0.25,0.0,0.75,0.0,4.0,0.5,4,False,False,False,False,0,0.0
official_estonia_population_top100,Anneli,F,,3382,anneli,0.5,1.0,0.5,0.6666666666666666,0.0,0.1666666666666666,0.3333333333333333,0.0,1.0,0.75,0.5,0.25,0.0,0.1666666666666666,0.1666666666666666,0.1666666666666666,0.0,0.75,0.0,6.0,0.5,6,False,False,False,False,0,0.0
official_estonia_population_top100,Artur,M,,3793,artur,0.4,0.8,0.6,0.8,0.2,0.0,0.0,0.0,0.8,0.8,0.6,0.2,0.2,0.4,0.4,0.4,0.2,0.7,0.0,5.0,0.4,5,False,False,False,False,1,0.0
official_estonia_population_top100,Diana,F,,3644,diana,0.6,0.8,0.4,0.6,0.0,0.0,0.2,0.0,1.0,0.7,0.4,0.3,0.0,0.2,0.4,0.4,0.0,0.8,0.0,5.0,0.6,5,False,False,False,False,0,0.0
official_estonia_population_top100,Dmitri,M,,6102,tmitːri,0.3333333333333333,0.6666666666666666,0.6666666666666666,0.5,0.0833333333333333,0.0,0.1666666666666666,0.0,0.6666666666666666,0.8333333333333334,0.5,0.25,0.1666666666666666,0.4166666666666667,0.0833333333333333,0.0,0.0,0.6666666666666666,0.1666666666666666,6.0,0.3333333333333333,6,False,False,False,False,1,0.0
official_estonia_population_top100,Ene,F,,3751,enɛ,0.6666666666666666,1.0,0.3333333333333333,0.6666666666666666,0.0,0.0,0.3333333333333333,0.0,1.0,0.6666666666666666,0.3333333333333333,0.3333333333333333,0.0,0.0,0.0,0.0,0.0,0.5,0.0,3.0,0.6666666666666666,3,False,False,False,False,0,0.0
official_estonia_population_top100,Galina,F,,7141,kaʎɪna,0.5,0.8333333333333334,0.5,0.6666666666666666,0.0833333333333333,0.1666666666666666,0.1666666666666666,0.0,0.8333333333333334,0.4166666666666667,0.3333333333333333,0.5,0.0,0.5,0.3333333333333333,0.5,0.0,0.5833333333333334,0.0,6.0,0.5,6,False,False,False,False,0,0.0
official_estonia_population_top100,Igor,M,,5810,iɡɔr,0.5,0.75,0.5,0.75,0.125,0.0,0.0,0.0,1.0,0.5,0.25,0.375,0.0,0.625,0.125,0.5,0.25,0.5,0.0,4.0,0.5,4,False,False,False,False,1,0.0
official_estonia_population_top100,Indrek,M,,3451,indrek,0.3333333333333333,0.6666666666666666,0.6666666666666666,0.5,0.0833333333333333,0.0,0.1666666666666666,0.0,0.8333333333333334,0.6666666666666666,0.5,0.25,0.0,0.4166666666666667,0.0833333333333333,0.1666666666666666,0.0,0.6666666666666666,0.0,6.0,0.3333333333333333,6,False,False,False,False,1,0.0
official_estonia_population_top100,Irina,F,,9999,irɪna,0.6,1.0,0.4,0.8,0.1,0.0,0.2,0.0,1.0,0.7,0.4,0.3,0.0,0.5,0.3,0.2,0.0,0.6,0.0,5.0,0.6,5,False,False,False,False,0,0.0
official_estonia_population_top100,Ivan,M,,3596,ivɑn,0.5,0.75,0.5,0.75,0.125,0.0,0.25,0.25,1.0,0.75,0.25,0.375,0.25,0.25,0.25,0.25,0.0,0.75,0.0,4.0,0.5,4,False,False,False,False,1,0.0
official_estonia_population_top100,Jaan,M,,3633,jaaːn,0.5,1.0,0.25,0.75,0.0,0.0,0.25,0.0,1.0,0.5,0.25,0.375,0.0,0.25,0.5,0.5,0.0,0.75,0.25,4.0,0.5,4,False,False,False,False,1,0.0
official_estonia_population_top100,Jekaterina,F,,4456,jekaterina,0.5,0.8,0.4,0.7,0.05,0.0,0.1,0.0,0.8,0.55,0.3,0.35,0.0,0.35,0.25,0.3,0.0,0.75,0.0,10.0,0.5,10,False,False,False,False,0,0.0
official_estonia_population_top100,Jelena,F,,9838,jelɛna,0.5,1.0,0.3333333333333333,0.8333333333333334,0.0,0.1666666666666666,0.1666666666666666,0.0,1.0,0.5833333333333334,0.3333333333333333,0.3333333333333333,0.0,0.1666666666666666,0.1666666666666666,0.1666666666666666,0.0,0.5833333333333334,0.0,6.0,0.5,6,False,False,False,False,0,0.0
official_estonia_population_top100,Jevgeni,M,,3483,jevɡeni,0.4285714285714285,0.7142857142857143,0.4285714285714285,0.7142857142857143,0.0,0.0,0.1428571428571428,0.1428571428571428,1.0,0.5,0.1428571428571428,0.4285714285714285,0.1428571428571428,0.4285714285714285,0.0,0.1428571428571428,0.0,0.7142857142857143,0.0,7.0,0.4285714285714285,7,False,False,False,False,1,0.0
official_estonia_population_top100,Julia,F,,4365,juʎia,0.6,1.0,0.2,1.0,0.1,0.2,0.0,0.0,1.0,0.3,0.2,0.6,0.2,0.8,0.2,0.4,0.2,0.8,0.0,5.0,0.6,5,False,False,False,False,0,0.0
official_estonia_population_top100,Jüri,M,,4363,jyrɪ,0.5,1.0,0.25,1.0,0.125,0.0,0.0,0.0,1.0,0.5,0.25,0.375,0.25,0.875,0.125,0.0,0.25,0.5,0.0,4.0,0.5,4,False,False,False,False,1,0.0
official_estonia_population_top100,Katrin,F,,5258,katːrin,0.3333333333333333,0.6666666666666666,0.6666666666666666,0.5,0.0833333333333333,0.0,0.1666666666666666,0.0,0.6666666666666666,0.6666666666666666,0.5,0.25,0.0,0.4166666666666667,0.25,0.3333333333333333,0.0,0.6666666666666666,0.1666666666666666,6.0,0.3333333333333333,6,False,False,False,False,0,0.0
official_estonia_population_top100,Kristina,F,,4249,kris^tina,0.375,0.625,0.625,0.625,0.0625,0.0,0.125,0.125,0.625,0.6875,0.5,0.25,0.0,0.4375,0.1875,0.25,0.0,0.6875,0.0,8.0,0.375,8,False,False,False,False,0,0.0
official_estonia_population_top100,Kristjan,M,,4481,kristjan,0.25,0.625,0.625,0.625,0.0625,0.0,0.125,0.125,0.625,0.625,0.5,0.25,0.0,0.4375,0.1875,0.25,0.0,0.625,0.0,8.0,0.25,8,False,False,False,False,1,0.0
official_estonia_population_top100,Laura,F,,3346,laura,0.6,1.0,0.4,1.0,0.1,0.2,0.0,0.0,1.0,0.7,0.4,0.3,0.2,0.3,0.5,0.6,0.2,0.8,0.0,5.0,0.6,5,False,False,False,False,0,0.0
official_estonia_population_top100,Maksim,M,,4293,maksim,0.3333333333333333,0.6666666666666666,0.6666666666666666,0.5,0.0,0.0,0.3333333333333333,0.1666666666666666,0.6666666666666666,0.6666666666666666,0.1666666666666666,0.4166666666666667,0.3333333333333333,0.3333333333333333,0.1666666666666666,0.3333333333333333,0.0,0.6666666666666666,0.0,6.0,0.3333333333333333,6,False,False,False,False,1,0.0
official_estonia_population_top100,Margus,M,,5030,marɡus,0.3333333333333333,0.6666666666666666,0.6666666666666666,0.6666666666666666,0.0833333333333333,0.0,0.1666666666666666,0.1666666666666666,0.8333333333333334,0.6666666666666666,0.3333333333333333,0.3333333333333333,0.3333333333333333,0.4166666666666667,0.25,0.5,0.1666666666666666,0.6666666666666666,0.0,6.0,0.3333333333333333,6,False,False,False,False,1,0.0
official_estonia_population_top100,Maria,F,,6676,maria,0.6,1.0,0.4,0.8,0.1,0.0,0.2,0.0,1.0,0.7,0.2,0.4,0.2,0.3,0.5,0.4,0.0,0.8,0.0,5.0,0.6,5,False,False,False,False,0,0.0
official_estonia_population_top100,Marina,F,,5739,marɪna,0.5,1.0,0.5,0.6666666666666666,0.0833333333333333,0.0,0.3333333333333333,0.0,1.0,0.75,0.3333333333333333,0.3333333333333333,0.1666666666666666,0.25,0.4166666666666667,0.3333333333333333,0.0,0.5833333333333334,0.0,6.0,0.5,6,False,False,False,False,0,0.0
official_estonia_population_top100,Marko,M,,3858,markːo,0.4,0.8,0.6,0.6,0.1,0.0,0.2,0.0,0.8,0.6,0.2,0.4,0.2,0.3,0.3,0.6,0.2,0.7,0.2,5.0,0.4,5,False,False,False,False,1,0.0
official_estonia_population_top100,Martin,M,,6724,martin,0.3333333333333333,0.8333333333333334,0.6666666666666666,0.5,0.0833333333333333,0.0,0.3333333333333333,0.0,0.8333333333333334,0.8333333333333334,0.5,0.25,0.1666666666666666,0.25,0.25,0.1666666666666666,0.0,0.6666666666666666,0.0,6.0,0.3333333333333333,6,False,False,False,False,1,0.0
official_estonia_population_top100,Nadežda,F,,3288,nadɛʒda,0.4285714285714285,0.5714285714285714,0.5714285714285714,0.5714285714285714,0.0,0.0,0.1428571428571428,0.1428571428571428,1.0,0.6428571428571429,0.5714285714285714,0.3571428571428571,0.0,0.0,0.2857142857142857,0.2857142857142857,0.0,0.5714285714285714,0.0,7.0,0.4285714285714285,7,False,False,False,False,0,0.0
official_estonia_population_top100,Natalia,F,,4420,natalia,0.5714285714285714,0.8571428571428571,0.4285714285714285,0.7142857142857143,0.0,0.1428571428571428,0.1428571428571428,0.0,0.8571428571428571,0.7142857142857143,0.4285714285714285,0.2857142857142857,0.0,0.1428571428571428,0.4285714285714285,0.4285714285714285,0.0,0.7857142857142857,0.0,7.0,0.5714285714285714,7,False,False,False,False,0,0.0
official_estonia_population_top100,Natalja,F,,7113,natalja,0.4285714285714285,0.8571428571428571,0.4285714285714285,0.7142857142857143,0.0,0.1428571428571428,0.1428571428571428,0.0,0.8571428571428571,0.6428571428571429,0.4285714285714285,0.2857142857142857,0.0,0.1428571428571428,0.4285714285714285,0.4285714285714285,0.0,0.7142857142857143,0.0,7.0,0.4285714285714285,7,False,False,False,False,0,0.0
official_estonia_population_top100,Nikolai,M,,3501,nikolaiː,0.5714285714285714,0.8571428571428571,0.4285714285714285,0.7142857142857143,0.0,0.1428571428571428,0.1428571428571428,0.0,0.8571428571428571,0.5714285714285714,0.2857142857142857,0.3571428571428571,0.0,0.4285714285714285,0.1428571428571428,0.4285714285714285,0.1428571428571428,0.7857142857142857,0.1428571428571428,7.0,0.5714285714285714,7,False,False,False,False,1,0.0
official_estonia_population_top100,Oleg,M,,4481,olɛɡ,0.5,0.75,0.5,0.75,0.0,0.25,0.0,0.0,1.0,0.5,0.25,0.375,0.0,0.25,0.0,0.5,0.25,0.5,0.0,4.0,0.5,4,False,False,False,False,1,0.0
official_estonia_population_top100,Olga,F,,10106,olɡa,0.5,0.75,0.5,0.75,0.0,0.25,0.0,0.0,1.0,0.5,0.25,0.375,0.0,0.25,0.25,0.75,0.25,0.75,0.0,4.0,0.5,4,False,False,False,False,0,0.0
official_estonia_population_top100,Piret,F,,3443,pirɛt,0.4,0.6,0.6,0.6,0.1,0.0,0.0,0.0,0.6,0.8,0.4,0.3,0.2,0.3,0.1,0.0,0.0,0.5,0.0,5.0,0.4,5,False,False,False,False,0,0.0
official_estonia_population_top100,Rein,M,,3798,rein,0.5,1.0,0.5,0.75,0.125,0.0,0.25,0.0,1.0,0.75,0.5,0.25,0.0,0.375,0.125,0.0,0.0,0.75,0.0,4.0,0.5,4,False,False,False,False,1,0.0
official_estonia_population_top100,Riina,F,,3281,riːna,0.5,1.0,0.5,0.75,0.125,0.0,0.25,0.0,1.0,0.75,0.5,0.25,0.0,0.375,0.375,0.25,0.0,0.75,0.25,4.0,0.5,5,False,False,False,False,0,0.0
official_estonia_population_top100,Roman,M,,4777,romɑn,0.4,1.0,0.6,0.6,0.2,0.0,0.4,0.0,1.0,0.8,0.4,0.3,0.2,0.1,0.3,0.4,0.2,0.7,0.0,5.0,0.4,5,False,False,False,False,1,0.0
official_estonia_population_top100,Sander,M,,3446,sander,0.3333333333333333,0.6666666666666666,0.6666666666666666,0.6666666666666666,0.0833333333333333,0.0,0.1666666666666666,0.1666666666666666,0.8333333333333334,0.8333333333333334,0.6666666666666666,0.1666666666666666,0.0,0.0833333333333333,0.25,0.1666666666666666,0.0,0.6666666666666666,0.0,6.0,0.3333333333333333,6,False,False,False,False,1,0.0
official_estonia_population_top100,Sergei,M,,9841,serɡeiː,0.5,0.6666666666666666,0.5,0.8333333333333334,0.0833333333333333,0.0,0.0,0.1666666666666666,0.8333333333333334,0.5833333333333334,0.3333333333333333,0.3333333333333333,0.0,0.4166666666666667,0.0833333333333333,0.1666666666666666,0.0,0.75,0.1666666666666666,6.0,0.5,6,False,False,False,False,1,0.0
official_estonia_population_top100,Sirje,F,,4744,sirje,0.4,0.8,0.4,1.0,0.1,0.0,0.0,0.2,0.8,0.6,0.4,0.3,0.0,0.5,0.1,0.0,0.0,0.7,0.0,5.0,0.4,5,False,False,False,False,0,0.0
official_estonia_population_top100,Svetlana,F,,9719,svetːlana,0.375,0.625,0.625,0.75,0.0,0.125,0.125,0.25,0.75,0.8125,0.5,0.25,0.125,0.0,0.25,0.25,0.0,0.6875,0.125,8.0,0.375,8,False,False,False,False,0,0.0
official_estonia_population_top100,Tarmo,M,,3548,tarmo,0.4,0.8,0.6,0.6,0.1,0.0,0.2,0.0,0.8,0.8,0.4,0.3,0.2,0.1,0.3,0.4,0.2,0.7,0.0,5.0,0.4,5,False,False,False,False,1,0.0
official_estonia_population_top100,Tatjana,F,,9614,tat^jana,0.4285714285714285,0.7142857142857143,0.4285714285714285,0.5714285714285714,0.0,0.0,0.1428571428571428,0.0,0.7142857142857143,0.6428571428571429,0.4285714285714285,0.2857142857142857,0.0,0.1428571428571428,0.4285714285714285,0.4285714285714285,0.0,0.7142857142857143,0.0,7.0,0.4285714285714285,7,False,False,False,False,0,0.0
official_estonia_population_top100,Tiina,F,,5213,tiːna,0.5,0.75,0.5,0.5,0.0,0.0,0.25,0.0,0.75,0.75,0.5,0.25,0.0,0.25,0.25,0.25,0.0,0.75,0.25,4.0,0.5,5,False,False,False,False,0,0.0
official_estonia_population_top100,Tiiu,F,,3876,tiːu,0.6666666666666666,0.6666666666666666,0.3333333333333333,0.6666666666666666,0.0,0.0,0.0,0.0,0.6666666666666666,0.6666666666666666,0.3333333333333333,0.3333333333333333,0.3333333333333333,0.6666666666666666,0.0,0.3333333333333333,0.3333333333333333,0.8333333333333334,0.3333333333333333,3.0,0.6666666666666666,4,False,False,False,False,0,0.0
official_estonia_population_top100,Toomas,M,,5253,toːmas,0.4,0.6,0.6,0.6,0.0,0.0,0.2,0.2,0.6,0.8,0.4,0.3,0.2,0.0,0.2,0.4,0.2,0.7,0.2,5.0,0.4,6,False,False,False,False,1,0.0
official_estonia_population_top100,Urmas,M,,3930,urmas,0.4,0.8,0.6,0.8,0.1,0.0,0.2,0.2,0.8,0.8,0.4,0.3,0.4,0.3,0.3,0.4,0.2,0.7,0.0,5.0,0.4,5,False,False,False,False,1,0.0
official_estonia_population_top100,Valentina,F,,7068,valɛɲtina,0.4444444444444444,0.7777777777777778,0.5555555555555556,0.6666666666666666,0.0,0.1111111111111111,0.2222222222222222,0.1111111111111111,0.8888888888888888,0.6666666666666666,0.3333333333333333,0.3333333333333333,0.1111111111111111,0.2222222222222222,0.2222222222222222,0.2222222222222222,0.0,0.6111111111111112,0.0,9.0,0.4444444444444444,9,False,False,False,False,0,0.0
official_estonia_population_top100,Viktor,M,,5100,viktor,0.3333333333333333,0.5,0.6666666666666666,0.6666666666666666,0.0833333333333333,0.0,0.0,0.1666666666666666,0.6666666666666666,0.6666666666666666,0.3333333333333333,0.3333333333333333,0.1666666666666666,0.4166666666666667,0.0833333333333333,0.3333333333333333,0.1666666666666666,0.6666666666666666,0.0,6.0,0.3333333333333333,6,False,False,False,False,1,0.0
official_estonia_population_top100,Viktoria,F,,3532,viktoria,0.5,0.625,0.5,0.75,0.0625,0.0,0.0,0.125,0.75,0.625,0.25,0.375,0.125,0.4375,0.1875,0.375,0.125,0.75,0.0,8.0,0.5,8,False,False,False,False,0,0.0
official_estonia_population_top100,Vladimir,M,,9168,vlad^imir,0.375,0.75,0.625,0.75,0.0625,0.125,0.125,0.125,1.0,0.8125,0.375,0.3125,0.25,0.3125,0.1875,0.125,0.0,0.6875,0.0,8.0,0.375,8,False,False,False,False,1,0.0
official_estonia_population_top100,Ülle,F,,4163,ylle,0.5,1.0,0.5,1.0,0.0,0.5,0.0,0.0,1.0,0.75,0.5,0.25,0.25,0.25,0.0,0.0,0.25,0.75,0.0,4.0,0.5,4,False,False,False,False,0,0.0
official_faroe_islands,Anna,F,,114,anna,0.5,1.0,0.5,0.5,0.0,0.0,0.5,0.0,1.0,0.75,0.5,0.25,0.0,0.0,0.5,0.5,0.0,0.75,0.0,4.0,0.5,4,False,False,False,False,0,0.0
official_faroe_islands,Barbara,F,,27,barbaɹa,0.4285714285714285,0.7142857142857143,0.4285714285714285,0.7142857142857143,0.0714285714285714,0.0,0.0,0.0,1.0,0.7857142857142857,0.2857142857142857,0.3571428571428571,0.2857142857142857,0.2142857142857142,0.5,0.4285714285714285,0.1428571428571428,0.7142857142857143,0.0,7.0,0.4285714285714285,7,False,False,False,False,0,0.0
official_faroe_islands,Beinta,F,,9,baɟxda,0.3333333333333333,0.3333333333333333,0.6666666666666666,0.5,0.0,0.0,0.0,0.0,0.8333333333333334,0.5,0.1666666666666666,0.4166666666666667,0.1666666666666666,0.3333333333333333,0.3333333333333333,0.5,0.0,0.6666666666666666,0.0,6.0,0.3333333333333333,6,False,False,False,False,0,0.0
official_faroe_islands,Bárður,M,,10,bɔɑːɹʊr,0.5,0.8333333333333334,0.3333333333333333,0.8333333333333334,0.1666666666666666,0.0,0.0,0.0,1.0,0.75,0.3333333333333333,0.3333333333333333,0.1666666666666666,0.4166666666666667,0.25,0.5,0.5,0.4166666666666667,0.1666666666666666,6.0,0.5,6,False,False,False,False,1,0.0
official_faroe_islands,Elias,M,,11,eːlijas,0.5,0.8333333333333334,0.3333333333333333,1.0,0.0,0.1666666666666666,0.0,0.1666666666666666,0.8333333333333334,0.5833333333333334,0.3333333333333333,0.3333333333333333,0.0,0.3333333333333333,0.1666666666666666,0.1666666666666666,0.0,0.75,0.1666666666666666,6.0,0.5,5,False,False,False,False,1,0.0
official_faroe_islands,Eva,F,,20,eːʋa,0.6666666666666666,1.0,0.0,1.0,0.1666666666666666,0.0,0.0,0.0,1.0,0.6666666666666666,0.0,0.5,0.3333333333333333,0.1666666666666666,0.5,0.3333333333333333,0.0,0.8333333333333334,0.3333333333333333,3.0,0.6666666666666666,3,False,False,False,False,0,0.0
official_faroe_islands,Hans,M,,60,hans,0.25,0.75,0.75,0.75,0.0,0.0,0.25,0.25,0.5,0.625,0.5,0.25,0.0,0.0,0.25,0.5,0.0,0.625,0.0,4.0,0.25,4,False,False,False,False,1,0.0
official_faroe_islands,John,M,,11,jɔnn,0.25,1.0,0.5,0.5,0.0,0.0,0.5,0.0,1.0,0.625,0.5,0.25,0.0,0.25,0.0,0.25,0.25,0.375,0.0,4.0,0.25,4,False,False,False,False,1,0.0
official_faroe_islands,Jákup,M,,81,jɔɑːɡʊ,0.6,0.8,0.2,0.8,0.1,0.0,0.0,0.0,1.0,0.3,0.0,0.5,0.0,0.6,0.2,0.8,0.4,0.4,0.2,5.0,0.6,5,False,False,False,False,1,0.0
official_faroe_islands,Jógvan,M,,34,jɛɡʋan,0.3333333333333333,0.8333333333333334,0.3333333333333333,0.6666666666666666,0.0833333333333333,0.0,0.1666666666666666,0.0,1.0,0.5,0.1666666666666666,0.4166666666666667,0.1666666666666666,0.4166666666666667,0.25,0.3333333333333333,0.0,0.5,0.0,6.0,0.3333333333333333,6,False,False,False,False,1,0.0
official_faroe_islands,Jóhan,M,,13,jɔœːhann,0.4285714285714285,1.0,0.4285714285714285,0.7142857142857143,0.0,0.0,0.2857142857142857,0.0,0.8571428571428571,0.5,0.2857142857142857,0.3571428571428571,0.0,0.1428571428571428,0.1428571428571428,0.4285714285714285,0.2857142857142857,0.4285714285714285,0.1428571428571428,7.0,0.4285714285714285,5,False,False,False,False,1,0.0
official_faroe_islands,Jónas,M,,23,jɔœːnas,0.5,0.8333333333333334,0.3333333333333333,0.8333333333333334,0.0,0.0,0.1666666666666666,0.1666666666666666,0.8333333333333334,0.5833333333333334,0.3333333333333333,0.3333333333333333,0.0,0.1666666666666666,0.1666666666666666,0.3333333333333333,0.3333333333333333,0.4166666666666667,0.1666666666666666,6.0,0.5,5,False,False,False,False,1,0.0
official_faroe_islands,Katrin,F,,11,kɛɑːdɹɪn,0.4285714285714285,0.7142857142857143,0.4285714285714285,0.5714285714285714,0.0714285714285714,0.0,0.1428571428571428,0.0,0.8571428571428571,0.6428571428571429,0.4285714285714285,0.2857142857142857,0.0,0.4285714285714285,0.1428571428571428,0.2857142857142857,0.1428571428571428,0.4285714285714285,0.1428571428571428,7.0,0.4285714285714285,6,False,False,False,False,0,0.0
official_faroe_islands,Kristina,F,,12,kɹɪsdiːna,0.375,0.625,0.5,0.625,0.0,0.0,0.125,0.125,0.75,0.6875,0.5,0.25,0.0,0.5,0.125,0.25,0.125,0.5625,0.125,8.0,0.375,8,False,False,False,False,0,0.0
official_faroe_islands,Maria,F,,54,maɹija,0.5,1.0,0.1666666666666666,0.8333333333333334,0.0,0.0,0.1666666666666666,0.0,1.0,0.5833333333333334,0.1666666666666666,0.4166666666666667,0.1666666666666666,0.5,0.3333333333333333,0.3333333333333333,0.1666666666666666,0.75,0.0,6.0,0.5,5,False,False,False,False,0,0.0
official_faroe_islands,Markus,M,,10,mazɡʊs,0.3333333333333333,0.5,0.6666666666666666,0.6666666666666666,0.0,0.0,0.1666666666666666,0.3333333333333333,0.8333333333333334,0.6666666666666666,0.3333333333333333,0.3333333333333333,0.1666666666666666,0.3333333333333333,0.1666666666666666,0.5,0.1666666666666666,0.5,0.0,6.0,0.3333333333333333,6,False,False,False,False,1,0.0
official_faroe_islands,Martin,M,,12,mazdɪn,0.3333333333333333,0.6666666666666666,0.6666666666666666,0.5,0.0,0.0,0.3333333333333333,0.1666666666666666,1.0,0.8333333333333334,0.5,0.25,0.1666666666666666,0.1666666666666666,0.1666666666666666,0.1666666666666666,0.0,0.5,0.0,6.0,0.3333333333333333,6,False,False,False,False,1,0.0
official_faroe_islands,Petur,M,,11,peːdʊr,0.4,0.6,0.6,0.6,0.1,0.0,0.0,0.0,0.8,0.8,0.4,0.3,0.2,0.3,0.1,0.2,0.2,0.5,0.2,5.0,0.4,5,False,False,False,False,1,0.0
official_faroe_islands,Rakul,F,,10,ɹɛɑːɡʊl,0.5,0.8333333333333334,0.3333333333333333,0.8333333333333334,0.0833333333333333,0.1666666666666666,0.0,0.0,1.0,0.5833333333333334,0.3333333333333333,0.3333333333333333,0.0,0.5,0.1666666666666666,0.5,0.3333333333333333,0.4166666666666667,0.1666666666666666,6.0,0.5,5,False,False,False,False,0,0.0
official_faroe_islands,Rannvá,F,,30,ɹanʋʊsa,0.4285714285714285,0.8571428571428571,0.2857142857142857,0.8571428571428571,0.0714285714285714,0.0,0.1428571428571428,0.1428571428571428,0.8571428571428571,0.7857142857142857,0.4285714285714285,0.2857142857142857,0.1428571428571428,0.3571428571428571,0.3571428571428571,0.4285714285714285,0.2857142857142857,0.5714285714285714,0.0,7.0,0.4285714285714285,6,False,False,False,False,0,0.0
official_faroe_islands,Rógvi,M,,21,ɹɛɡʋɪ,0.4,0.8,0.2,0.8,0.1,0.0,0.0,0.0,1.0,0.6,0.2,0.4,0.2,0.7,0.1,0.2,0.2,0.3,0.0,5.0,0.4,5,False,False,False,False,1,0.0
official_faroe_islands,Sára,F,,30,sɔɑːɹa,0.6,0.8,0.2,1.0,0.1,0.0,0.0,0.2,0.8,0.7,0.4,0.3,0.0,0.2,0.4,0.6,0.4,0.6,0.2,5.0,0.6,4,False,False,False,False,0,0.0
official_faroe_islands,Teitur,M,,35,taɟːdʊr,0.3333333333333333,0.5,0.6666666666666666,0.5,0.0833333333333333,0.0,0.0,0.0,0.8333333333333334,0.6666666666666666,0.5,0.25,0.0,0.4166666666666667,0.25,0.3333333333333333,0.1666666666666666,0.5,0.1666666666666666,6.0,0.3333333333333333,6,False,False,False,False,1,0.0
official_faroe_islands,Ólavur,M,,16,ɔœːlaʋʊr,0.5714285714285714,1.0,0.2857142857142857,1.0,0.1428571428571428,0.1428571428571428,0.0,0.0,1.0,0.7142857142857143,0.2857142857142857,0.3571428571428571,0.1428571428571428,0.2857142857142857,0.2857142857142857,0.4285714285714285,0.4285714285714285,0.3571428571428571,0.1428571428571428,7.0,0.5714285714285714,6,False,False,False,False,1,0.0
official_finland,Aino,F,,20382,aino,0.75,1.0,0.25,0.75,0.0,0.0,0.25,0.0,1.0,0.625,0.25,0.375,0.0,0.25,0.25,0.5,0.25,0.875,0.0,4.0,0.75,4,False,False,False,False,0,0.0
official_finland,Anna,F,,27918,anna,0.5,1.0,0.5,0.5,0.0,0.0,0.5,0.0,1.0,0.75,0.5,0.25,0.0,0.0,0.5,0.5,0.0,0.75,0.0,4.0,0.5,4,False,False,False,False,0,0.0
official_finland,Anne,F,,29816,anne,0.5,1.0,0.5,0.5,0.0,0.0,0.5,0.0,1.0,0.75,0.5,0.25,0.0,0.0,0.25,0.25,0.0,0.75,0.0,4.0,0.5,4,False,False,False,False,0,0.0
official_finland,Antti,M,,35718,antːɪ,0.5,0.75,0.5,0.5,0.0,0.0,0.25,0.0,0.75,0.75,0.5,0.25,0.0,0.25,0.25,0.25,0.0,0.5,0.25,4.0,0.5,5,False,False,False,False,1,0.0
official_finland,Ari,M,,25718,arɪ,0.6666666666666666,1.0,0.3333333333333333,1.0,0.1666666666666666,0.0,0.0,0.0,1.0,0.6666666666666666,0.3333333333333333,0.3333333333333333,0.0,0.5,0.5,0.3333333333333333,0.0,0.5,0.0,3.0,0.6666666666666666,3,False,False,False,False,1,0.0
official_finland,Eija,F,,19402,eija,0.75,1.0,0.0,1.0,0.0,0.0,0.0,0.0,1.0,0.375,0.0,0.5,0.0,0.5,0.25,0.25,0.0,0.875,0.0,4.0,0.75,4,False,False,False,False,0,0.0
official_finland,Erkki,M,,17038,erkːɪ,0.5,0.75,0.5,0.75,0.125,0.0,0.0,0.0,0.75,0.5,0.25,0.375,0.0,0.625,0.125,0.25,0.0,0.5,0.25,4.0,0.5,5,False,False,False,False,1,0.0
official_finland,Hanna,F,,20971,hanna,0.4,1.0,0.6,0.6,0.0,0.0,0.4,0.0,0.8,0.6,0.4,0.3,0.0,0.0,0.4,0.6,0.0,0.7,0.0,5.0,0.4,5,False,False,False,False,0,0.0
official_finland,Hannu,M,,27269,hannu,0.4,1.0,0.6,0.6,0.0,0.0,0.4,0.0,0.8,0.6,0.4,0.3,0.2,0.2,0.2,0.6,0.2,0.7,0.0,5.0,0.4,5,False,False,False,False,1,0.0
official_finland,Harri,M,,18868,harrɪ,0.4,1.0,0.6,1.0,0.2,0.0,0.0,0.0,0.8,0.6,0.4,0.3,0.0,0.4,0.4,0.4,0.0,0.5,0.0,5.0,0.4,5,False,False,False,False,1,0.0
official_finland,Heidi,F,,21139,heidɪ,0.6,0.8,0.4,0.8,0.0,0.0,0.0,0.0,0.8,0.5,0.2,0.4,0.0,0.4,0.0,0.2,0.0,0.6,0.0,5.0,0.6,5,False,False,False,False,0,0.0
official_finland,Heikki,M,,25753,heikːɪ,0.6,0.8,0.4,0.8,0.0,0.0,0.0,0.0,0.6,0.3,0.0,0.5,0.0,0.6,0.0,0.4,0.0,0.6,0.2,5.0,0.6,6,False,False,False,False,1,0.0
official_finland,Jaana,F,,21121,jaːna,0.5,1.0,0.25,0.75,0.0,0.0,0.25,0.0,1.0,0.5,0.25,0.375,0.0,0.25,0.5,0.5,0.0,0.75,0.25,4.0,0.5,5,False,False,False,False,0,0.0
official_finland,Jani,M,,22530,janɪ,0.5,1.0,0.25,0.75,0.0,0.0,0.25,0.0,1.0,0.5,0.25,0.375,0.0,0.5,0.25,0.25,0.0,0.5,0.0,4.0,0.5,4,False,False,False,False,1,0.0
official_finland,Janne,M,,27263,janne,0.4,1.0,0.4,0.6,0.0,0.0,0.4,0.0,1.0,0.6,0.4,0.3,0.0,0.2,0.2,0.2,0.0,0.7,0.0,5.0,0.4,5,False,False,False,False,1,0.0
official_finland,Jari,M,,36582,jarɪ,0.5,1.0,0.25,1.0,0.125,0.0,0.0,0.0,1.0,0.5,0.25,0.375,0.0,0.625,0.375,0.25,0.0,0.5,0.0,4.0,0.5,4,False,False,False,False,1,0.0
official_finland,Jarmo,M,,17344,jarmo,0.4,1.0,0.4,0.8,0.1,0.0,0.2,0.0,1.0,0.6,0.2,0.4,0.2,0.3,0.3,0.4,0.2,0.7,0.0,5.0,0.4,5,False,False,False,False,1,0.0
official_finland,Johanna,F,,19416,johanna,0.4285714285714285,1.0,0.4285714285714285,0.7142857142857143,0.0,0.0,0.2857142857142857,0.0,0.8571428571428571,0.5,0.2857142857142857,0.3571428571428571,0.0,0.1428571428571428,0.2857142857142857,0.5714285714285714,0.1428571428571428,0.7142857142857143,0.0,7.0,0.4285714285714285,7,False,False,False,False,0,0.0
official_finland,Jorma,M,,17158,jorma,0.4,1.0,0.4,0.8,0.1,0.0,0.2,0.0,1.0,0.6,0.2,0.4,0.2,0.3,0.3,0.4,0.2,0.7,0.0,5.0,0.4,5,False,False,False,False,1,0.0
official_finland,Juha,M,,43107,juha,0.5,1.0,0.25,1.0,0.0,0.0,0.0,0.0,0.75,0.25,0.0,0.5,0.25,0.5,0.25,0.75,0.25,0.75,0.0,4.0,0.5,4,False,False,False,False,1,0.0
official_finland,Juho,M,,17031,juho,0.5,1.0,0.25,1.0,0.0,0.0,0.0,0.0,0.75,0.25,0.0,0.5,0.25,0.5,0.0,0.75,0.5,0.75,0.0,4.0,0.5,4,False,False,False,False,1,0.0
official_finland,Jukka,M,,32099,jukːa,0.5,0.75,0.25,0.75,0.0,0.0,0.0,0.0,0.75,0.25,0.0,0.5,0.25,0.75,0.25,0.75,0.25,0.75,0.25,4.0,0.5,5,False,False,False,False,1,0.0
official_finland,Jussi,M,,17590,jussɪ,0.4,0.6,0.4,1.0,0.0,0.0,0.0,0.4,0.6,0.6,0.4,0.3,0.2,0.6,0.0,0.2,0.2,0.5,0.0,5.0,0.4,5,False,False,False,False,1,0.0
official_finland,Kari,M,,36775,karɪ,0.5,0.75,0.5,0.75,0.125,0.0,0.0,0.0,0.75,0.5,0.25,0.375,0.0,0.625,0.375,0.5,0.0,0.5,0.0,4.0,0.5,4,False,False,False,False,1,0.0
official_finland,Kirsi,F,,19072,kirsɪ,0.4,0.6,0.6,0.8,0.1,0.0,0.0,0.2,0.6,0.6,0.4,0.3,0.0,0.7,0.1,0.2,0.0,0.5,0.0,5.0,0.4,5,False,False,False,False,0,0.0
official_finland,Laura,F,,23118,laura,0.6,1.0,0.4,1.0,0.1,0.2,0.0,0.0,1.0,0.7,0.4,0.3,0.2,0.3,0.5,0.6,0.2,0.8,0.0,5.0,0.6,5,False,False,False,False,0,0.0
official_finland,Lauri,M,,21784,laurɪ,0.6,1.0,0.4,1.0,0.1,0.2,0.0,0.0,1.0,0.7,0.4,0.3,0.2,0.5,0.3,0.4,0.2,0.6,0.0,5.0,0.6,5,False,False,False,False,1,0.0
official_finland,Leena,F,,26390,leːna,0.5,1.0,0.5,0.75,0.0,0.25,0.25,0.0,1.0,0.75,0.5,0.25,0.0,0.0,0.25,0.25,0.0,0.75,0.25,4.0,0.5,5,False,False,False,False,0,0.0
official_finland,Liisa,F,,18754,liːsa,0.5,0.75,0.5,1.0,0.0,0.25,0.0,0.25,0.75,0.75,0.5,0.25,0.0,0.25,0.25,0.25,0.0,0.75,0.25,4.0,0.5,5,False,False,False,False,0,0.0
official_finland,Maria,F,,20033,marɪa,0.6,1.0,0.4,0.8,0.1,0.0,0.2,0.0,1.0,0.7,0.2,0.4,0.2,0.3,0.5,0.4,0.0,0.6,0.0,5.0,0.6,5,False,False,False,False,0,0.0
official_finland,Marja,F,,24762,marja,0.4,1.0,0.4,0.8,0.1,0.0,0.2,0.0,1.0,0.6,0.2,0.4,0.2,0.3,0.5,0.4,0.0,0.7,0.0,5.0,0.4,5,False,False,False,False,0,0.0
official_finland,Markku,M,,30106,markːu,0.4,0.8,0.6,0.6,0.1,0.0,0.2,0.0,0.8,0.6,0.2,0.4,0.4,0.5,0.3,0.6,0.2,0.7,0.2,5.0,0.4,6,False,False,False,False,1,0.0
official_finland,Marko,M,,24721,marko,0.4,0.8,0.6,0.6,0.1,0.0,0.2,0.0,0.8,0.6,0.2,0.4,0.2,0.3,0.3,0.6,0.2,0.7,0.0,5.0,0.4,5,False,False,False,False,1,0.0
official_finland,Matti,M,,37169,matːɪ,0.5,0.75,0.5,0.5,0.0,0.0,0.25,0.0,0.75,0.75,0.25,0.375,0.25,0.25,0.25,0.25,0.0,0.5,0.25,4.0,0.5,5,False,False,False,False,1,0.0
official_finland,Merja,F,,19079,merja,0.4,1.0,0.4,0.8,0.1,0.0,0.2,0.0,1.0,0.6,0.2,0.4,0.2,0.3,0.3,0.2,0.0,0.7,0.0,5.0,0.4,5,False,False,False,False,0,0.0
official_finland,Mika,M,,32994,mika,0.5,0.75,0.5,0.5,0.0,0.0,0.25,0.0,0.75,0.5,0.0,0.5,0.25,0.5,0.25,0.5,0.0,0.75,0.0,4.0,0.5,4,False,False,False,False,1,0.0
official_finland,Mikko,M,,37266,mikːo,0.5,0.75,0.5,0.5,0.0,0.0,0.25,0.0,0.75,0.5,0.0,0.5,0.25,0.5,0.0,0.5,0.25,0.75,0.25,4.0,0.5,5,False,False,False,False,1,0.0
official_finland,Minna,F,,27444,minna,0.4,1.0,0.6,0.4,0.0,0.0,0.6,0.0,1.0,0.8,0.4,0.3,0.2,0.2,0.2,0.2,0.0,0.7,0.0,5.0,0.4,5,False,False,False,False,0,0.0
official_finland,Pasi,M,,17524,pasɪ,0.5,0.5,0.5,0.75,0.0,0.0,0.0,0.25,0.5,0.75,0.25,0.375,0.25,0.25,0.25,0.25,0.0,0.5,0.0,4.0,0.5,4,False,False,False,False,1,0.0
official_finland,Pekka,M,,28689,pekːa,0.5,0.5,0.5,0.5,0.0,0.0,0.0,0.0,0.5,0.5,0.0,0.5,0.25,0.25,0.25,0.5,0.0,0.75,0.25,4.0,0.5,5,False,False,False,False,1,0.0
official_finland,Petri,M,,23664,petrɪ,0.4,0.6,0.6,0.6,0.1,0.0,0.0,0.0,0.6,0.8,0.4,0.3,0.2,0.3,0.1,0.0,0.0,0.5,0.0,5.0,0.4,5,False,False,False,False,1,0.0
official_finland,Pirjo,F,,26560,pirjo,0.4,0.8,0.4,0.8,0.1,0.0,0.0,0.0,0.8,0.6,0.2,0.4,0.2,0.5,0.1,0.2,0.2,0.7,0.0,5.0,0.4,5,False,False,False,False,0,0.0
official_finland,Pirkko,F,,19546,pirkːo,0.4,0.6,0.6,0.6,0.1,0.0,0.0,0.0,0.6,0.6,0.2,0.4,0.2,0.5,0.1,0.4,0.2,0.7,0.2,5.0,0.4,6,False,False,False,False,0,0.0
official_finland,Päivi,F,,29404,pæivɪ,0.6,0.6,0.4,0.8,0.0,0.0,0.0,0.2,0.8,0.7,0.0,0.5,0.4,0.4,0.2,0.0,0.0,0.6,0.0,5.0,0.6,5,False,False,False,False,0,0.0
official_finland,Raija,F,,18949,raija,0.6,1.0,0.2,1.0,0.1,0.0,0.0,0.0,1.0,0.5,0.2,0.4,0.0,0.5,0.5,0.4,0.0,0.8,0.0,5.0,0.6,5,False,False,False,False,0,0.0
official_finland,Riitta,F,,23854,riːtːa,0.5,0.75,0.5,0.75,0.125,0.0,0.0,0.0,0.75,0.75,0.5,0.25,0.0,0.375,0.375,0.25,0.0,0.75,0.5,4.0,0.5,6,False,False,False,False,0,0.0
official_finland,Ritva,F,,25213,ritva,0.4,0.6,0.6,0.8,0.1,0.0,0.0,0.2,0.8,0.8,0.4,0.3,0.2,0.3,0.3,0.2,0.0,0.7,0.0,5.0,0.4,5,False,False,False,False,0,0.0
official_finland,Sami,M,,26120,samɪ,0.5,0.75,0.5,0.75,0.0,0.0,0.25,0.25,0.75,0.75,0.25,0.375,0.25,0.25,0.25,0.25,0.0,0.5,0.0,4.0,0.5,4,False,False,False,False,1,0.0
official_finland,Sanna,F,,20874,sanna,0.4,0.8,0.6,0.6,0.0,0.0,0.4,0.2,0.8,0.8,0.6,0.2,0.0,0.0,0.4,0.4,0.0,0.7,0.0,5.0,0.4,5,False,False,False,False,0,0.0
official_finland,Sari,F,,27320,sarɪ,0.5,0.75,0.5,1.0,0.125,0.0,0.0,0.25,0.75,0.75,0.5,0.25,0.0,0.375,0.375,0.25,0.0,0.5,0.0,4.0,0.5,4,False,False,False,False,0,0.0
official_finland,Satu,F,,21139,satu,0.5,0.5,0.5,0.75,0.0,0.0,0.0,0.25,0.5,0.75,0.5,0.25,0.25,0.25,0.25,0.5,0.25,0.75,0.0,4.0,0.5,4,False,False,False,False,0,0.0
official_finland,Seija,F,,19568,seija,0.6,0.8,0.2,1.0,0.0,0.0,0.0,0.2,0.8,0.5,0.2,0.4,0.0,0.4,0.2,0.2,0.0,0.8,0.0,5.0,0.6,5,False,False,False,False,0,0.0
official_finland,Seppo,M,,23608,sepːo,0.5,0.5,0.5,0.75,0.0,0.0,0.0,0.25,0.5,0.75,0.25,0.375,0.25,0.0,0.0,0.25,0.25,0.75,0.25,4.0,0.5,5,False,False,False,False,1,0.0
official_finland,Sirpa,F,,20365,sirpa,0.4,0.6,0.6,0.8,0.1,0.0,0.0,0.2,0.6,0.8,0.4,0.3,0.2,0.3,0.3,0.2,0.0,0.7,0.0,5.0,0.4,5,False,False,False,False,0,0.0
official_finland,Tarja,F,,23881,tarja,0.4,0.8,0.4,0.8,0.1,0.0,0.0,0.0,0.8,0.6,0.4,0.3,0.0,0.3,0.5,0.4,0.0,0.7,0.0,5.0,0.4,5,False,False,False,False,0,0.0
official_finland,Teemu,M,,20076,teːmu,0.5,0.75,0.5,0.5,0.0,0.0,0.25,0.0,0.75,0.75,0.25,0.375,0.5,0.25,0.0,0.25,0.25,0.75,0.25,4.0,0.5,5,False,False,False,False,1,0.0
official_finland,Tiina,F,,25622,tiːna,0.5,0.75,0.5,0.5,0.0,0.0,0.25,0.0,0.75,0.75,0.5,0.25,0.0,0.25,0.25,0.25,0.0,0.75,0.25,4.0,0.5,5,False,False,False,False,0,0.0
official_finland,Timo,M,,41858,timo,0.5,0.75,0.5,0.5,0.0,0.0,0.25,0.0,0.75,0.75,0.25,0.375,0.25,0.25,0.0,0.25,0.25,0.75,0.0,4.0,0.5,4,False,False,False,False,1,0.0
official_finland,Tuula,F,,28734,tuːla,0.5,0.75,0.5,0.75,0.0,0.25,0.0,0.0,0.75,0.75,0.5,0.25,0.25,0.25,0.25,0.5,0.25,0.75,0.25,4.0,0.5,5,False,False,False,False,0,0.0
official_finland,Ville,M,,25672,ville,0.4,0.8,0.6,1.0,0.0,0.4,0.0,0.2,1.0,0.8,0.4,0.3,0.2,0.2,0.0,0.0,0.0,0.7,0.0,5.0,0.4,5,False,False,False,False,1,0.0
official_finland_finnish_children_2024,Aada,F,,185,aːda,0.6666666666666666,0.6666666666666666,0.3333333333333333,0.6666666666666666,0.0,0.0,0.0,0.0,1.0,0.6666666666666666,0.3333333333333333,0.3333333333333333,0.0,0.0,0.6666666666666666,0.6666666666666666,0.0,0.8333333333333334,0.3333333333333333,3.0,0.6666666666666666,4,False,False,False,False,0,0.0
official_finland_finnish_children_2024,Aarni,M,,142,aːrnɪ,0.5,1.0,0.5,0.75,0.125,0.0,0.25,0.0,1.0,0.75,0.5,0.25,0.0,0.375,0.375,0.25,0.0,0.5,0.25,4.0,0.5,5,False,False,False,False,1,0.0
official_finland_finnish_children_2024,Aatos,M,,203,aːtos,0.5,0.5,0.5,0.75,0.0,0.0,0.0,0.25,0.5,0.75,0.5,0.25,0.0,0.0,0.25,0.5,0.25,0.75,0.25,4.0,0.5,5,False,False,False,False,1,0.0
official_finland_finnish_children_2024,Aava,F,,202,aːva,0.6666666666666666,0.6666666666666666,0.3333333333333333,1.0,0.0,0.0,0.0,0.3333333333333333,1.0,0.6666666666666666,0.0,0.5,0.3333333333333333,0.0,0.6666666666666666,0.6666666666666666,0.0,0.8333333333333334,0.3333333333333333,3.0,0.6666666666666666,4,False,False,False,False,0,0.0
official_finland_finnish_children_2024,Aino,F,,231,aino,0.75,1.0,0.25,0.75,0.0,0.0,0.25,0.0,1.0,0.625,0.25,0.375,0.0,0.25,0.25,0.5,0.25,0.875,0.0,4.0,0.75,4,False,False,False,False,0,0.0
official_finland_finnish_children_2024,Alma,F,,121,alma,0.5,1.0,0.5,0.75,0.0,0.25,0.25,0.0,1.0,0.75,0.25,0.375,0.25,0.0,0.5,0.5,0.0,0.75,0.0,4.0,0.5,4,False,False,False,False,0,0.0
official_finland_finnish_children_2024,Alvar,M,,176,alvar,0.4,0.8,0.6,1.0,0.1,0.2,0.0,0.2,1.0,0.8,0.4,0.3,0.2,0.1,0.5,0.4,0.0,0.7,0.0,5.0,0.4,5,False,False,False,False,1,0.0
official_finland_finnish_children_2024,Anton,M,,125,anton,0.4,0.8,0.6,0.4,0.0,0.0,0.4,0.0,0.8,0.8,0.6,0.2,0.0,0.0,0.2,0.4,0.2,0.7,0.0,5.0,0.4,5,False,False,False,False,1,0.0
official_finland_finnish_children_2024,Aurora,F,,116,aurora,0.6666666666666666,1.0,0.3333333333333333,1.0,0.1666666666666666,0.0,0.0,0.0,1.0,0.6666666666666666,0.3333333333333333,0.3333333333333333,0.1666666666666666,0.3333333333333333,0.5,0.6666666666666666,0.3333333333333333,0.8333333333333334,0.0,6.0,0.6666666666666666,6,False,False,False,False,0,0.0
official_finland_finnish_children_2024,Daniel,M,,139,daniel,0.5,0.8333333333333334,0.5,0.6666666666666666,0.0,0.1666666666666666,0.1666666666666666,0.0,1.0,0.75,0.5,0.25,0.0,0.1666666666666666,0.1666666666666666,0.1666666666666666,0.0,0.75,0.0,6.0,0.5,6,False,False,False,False,1,0.0
official_finland_finnish_children_2024,Edvin,M,,138,edvɪn,0.4,0.6,0.6,0.6,0.0,0.0,0.2,0.2,1.0,0.8,0.4,0.3,0.2,0.2,0.0,0.0,0.0,0.5,0.0,5.0,0.4,5,False,False,False,False,1,0.0
official_finland_finnish_children_2024,Eeli,M,,202,eːlɪ,0.6666666666666666,1.0,0.3333333333333333,1.0,0.0,0.3333333333333333,0.0,0.0,1.0,0.6666666666666666,0.3333333333333333,0.3333333333333333,0.0,0.3333333333333333,0.0,0.0,0.0,0.5,0.3333333333333333,3.0,0.6666666666666666,4,False,False,False,False,1,0.0
official_finland_finnish_children_2024,Eemil,M,,185,eːmɪl,0.5,1.0,0.5,0.75,0.0,0.25,0.25,0.0,1.0,0.75,0.25,0.375,0.25,0.25,0.0,0.0,0.0,0.5,0.25,4.0,0.5,5,False,False,False,False,1,0.0
official_finland_finnish_children_2024,Eevi,F,,204,eːvɪ,0.6666666666666666,0.6666666666666666,0.3333333333333333,1.0,0.0,0.0,0.0,0.3333333333333333,1.0,0.6666666666666666,0.0,0.5,0.3333333333333333,0.3333333333333333,0.0,0.0,0.0,0.5,0.3333333333333333,3.0,0.6666666666666666,4,False,False,False,False,0,0.0
official_finland_finnish_children_2024,Eino,M,,303,eino,0.75,1.0,0.25,0.75,0.0,0.0,0.25,0.0,1.0,0.625,0.25,0.375,0.0,0.25,0.0,0.25,0.25,0.875,0.0,4.0,0.75,4,False,False,False,False,1,0.0
official_finland_finnish_children_2024,Elias,M,,277,elɪas,0.6,0.8,0.4,1.0,0.0,0.2,0.0,0.2,0.8,0.7,0.4,0.3,0.0,0.2,0.2,0.2,0.0,0.6,0.0,5.0,0.6,5,False,False,False,False,1,0.0
official_finland_finnish_children_2024,Ella,F,,167,ella,0.5,1.0,0.5,1.0,0.0,0.5,0.0,0.0,1.0,0.75,0.5,0.25,0.0,0.0,0.25,0.25,0.0,0.75,0.0,4.0,0.5,4,False,False,False,False,0,0.0
official_finland_finnish_children_2024,Ellen,F,,219,ellen,0.4,1.0,0.6,0.8,0.0,0.4,0.2,0.0,1.0,0.8,0.6,0.2,0.0,0.0,0.0,0.0,0.0,0.7,0.0,5.0,0.4,5,False,False,False,False,0,0.0
official_finland_finnish_children_2024,Elli,F,,156,ellɪ,0.5,1.0,0.5,1.0,0.0,0.5,0.0,0.0,1.0,0.75,0.5,0.25,0.0,0.25,0.0,0.0,0.0,0.5,0.0,4.0,0.5,4,False,False,False,False,0,0.0
official_finland_finnish_children_2024,Elsa,F,,115,elsa,0.5,0.75,0.5,1.0,0.0,0.25,0.0,0.25,0.75,0.75,0.5,0.25,0.0,0.0,0.25,0.25,0.0,0.75,0.0,4.0,0.5,4,False,False,False,False,0,0.0
official_finland_finnish_children_2024,Elsi,F,,119,elsɪ,0.5,0.75,0.5,1.0,0.0,0.25,0.0,0.25,0.75,0.75,0.5,0.25,0.0,0.25,0.0,0.0,0.0,0.5,0.0,4.0,0.5,4,False,False,False,False,0,0.0
official_finland_finnish_children_2024,Emil,M,,209,emɪl,0.5,1.0,0.5,0.75,0.0,0.25,0.25,0.0,1.0,0.75,0.25,0.375,0.25,0.25,0.0,0.0,0.0,0.5,0.0,4.0,0.5,4,False,False,False,False,1,0.0
official_finland_finnish_children_2024,Emilia,F,,138,emɪlia,0.6666666666666666,1.0,0.3333333333333333,0.8333333333333334,0.0,0.1666666666666666,0.1666666666666666,0.0,1.0,0.6666666666666666,0.1666666666666666,0.4166666666666667,0.1666666666666666,0.3333333333333333,0.1666666666666666,0.1666666666666666,0.0,0.6666666666666666,0.0,6.0,0.6666666666666666,6,False,False,False,False,0,0.0
official_finland_finnish_children_2024,Emma,F,,159,emma,0.5,1.0,0.5,0.5,0.0,0.0,0.5,0.0,1.0,0.75,0.0,0.5,0.5,0.0,0.25,0.25,0.0,0.75,0.0,4.0,0.5,4,False,False,False,False,0,0.0
official_finland_finnish_children_2024,Enni,F,,132,ennɪ,0.5,1.0,0.5,0.5,0.0,0.0,0.5,0.0,1.0,0.75,0.5,0.25,0.0,0.25,0.0,0.0,0.0,0.5,0.0,4.0,0.5,4,False,False,False,False,0,0.0
official_finland_finnish_children_2024,Helmi,F,,202,helmɪ,0.4,1.0,0.6,0.8,0.0,0.2,0.2,0.0,0.8,0.6,0.2,0.4,0.2,0.2,0.0,0.2,0.0,0.5,0.0,5.0,0.4,5,False,False,False,False,0,0.0
official_finland_finnish_children_2024,Hilda,F,,115,hilda,0.4,0.8,0.6,0.8,0.0,0.2,0.0,0.0,0.8,0.6,0.4,0.3,0.0,0.2,0.2,0.4,0.0,0.7,0.0,5.0,0.4,5,False,False,False,False,0,0.0
official_finland_finnish_children_2024,Hilla,F,,191,hilla,0.4,1.0,0.6,1.0,0.0,0.4,0.0,0.0,0.8,0.6,0.4,0.3,0.0,0.2,0.2,0.4,0.0,0.7,0.0,5.0,0.4,5,False,False,False,False,0,0.0
official_finland_finnish_children_2024,Hugo,M,,203,huɡo,0.5,0.75,0.5,0.75,0.0,0.0,0.0,0.0,0.75,0.25,0.0,0.5,0.25,0.5,0.0,1.0,0.5,0.75,0.0,4.0,0.5,4,False,False,False,False,1,0.0
official_finland_finnish_children_2024,Isla,F,,219,isla,0.5,0.75,0.5,1.0,0.0,0.25,0.0,0.25,0.75,0.75,0.5,0.25,0.0,0.25,0.25,0.25,0.0,0.75,0.0,4.0,0.5,4,False,False,False,False,0,0.0
official_finland_finnish_children_2024,Joel,M,,130,joel,0.5,1.0,0.25,1.0,0.0,0.25,0.0,0.0,1.0,0.5,0.25,0.375,0.0,0.25,0.0,0.25,0.25,0.75,0.0,4.0,0.5,4,False,False,False,False,1,0.0
official_finland_finnish_children_2024,Kerttu,F,,130,kertːu,0.4,0.6,0.6,0.6,0.1,0.0,0.0,0.0,0.6,0.6,0.4,0.3,0.2,0.5,0.1,0.4,0.2,0.7,0.2,5.0,0.4,6,False,False,False,False,0,0.0
official_finland_finnish_children_2024,Leevi,M,,190,leːvɪ,0.5,0.75,0.5,1.0,0.0,0.25,0.0,0.25,1.0,0.75,0.25,0.375,0.25,0.25,0.0,0.0,0.0,0.5,0.25,4.0,0.5,5,False,False,False,False,1,0.0
official_finland_finnish_children_2024,Lenni,M,,131,lennɪ,0.4,1.0,0.6,0.6,0.0,0.2,0.4,0.0,1.0,0.8,0.6,0.2,0.0,0.2,0.0,0.0,0.0,0.5,0.0,5.0,0.4,5,False,False,False,False,1,0.0
official_finland_finnish_children_2024,Leo,M,,285,leo,0.6666666666666666,1.0,0.3333333333333333,1.0,0.0,0.3333333333333333,0.0,0.0,1.0,0.6666666666666666,0.3333333333333333,0.3333333333333333,0.0,0.0,0.0,0.3333333333333333,0.3333333333333333,0.8333333333333334,0.0,3.0,0.6666666666666666,3,False,False,False,False,1,0.0
official_finland_finnish_children_2024,Leon,M,,129,leon,0.5,1.0,0.5,0.75,0.0,0.25,0.25,0.0,1.0,0.75,0.5,0.25,0.0,0.0,0.0,0.25,0.25,0.75,0.0,4.0,0.5,4,False,False,False,False,1,0.0
official_finland_finnish_children_2024,Lilja,F,,218,lilja,0.4,1.0,0.4,1.0,0.0,0.4,0.0,0.0,1.0,0.6,0.4,0.3,0.0,0.4,0.2,0.2,0.0,0.7,0.0,5.0,0.4,5,False,False,False,False,0,0.0
official_finland_finnish_children_2024,Linnea,F,,230,linnea,0.5,1.0,0.5,0.6666666666666666,0.0,0.1666666666666666,0.3333333333333333,0.0,1.0,0.75,0.5,0.25,0.0,0.1666666666666666,0.1666666666666666,0.1666666666666666,0.0,0.75,0.0,6.0,0.5,6,False,False,False,False,0,0.0
official_finland_finnish_children_2024,Livia,F,,129,livɪa,0.6,0.8,0.4,1.0,0.0,0.2,0.0,0.2,1.0,0.7,0.2,0.4,0.2,0.4,0.2,0.2,0.0,0.6,0.0,5.0,0.6,5,False,False,False,False,0,0.0
official_finland_finnish_children_2024,Luka,M,,128,luka,0.5,0.75,0.5,0.75,0.0,0.25,0.0,0.0,0.75,0.5,0.25,0.375,0.25,0.5,0.25,0.75,0.25,0.75,0.0,4.0,0.5,4,False,False,False,False,1,0.0
official_finland_finnish_children_2024,Lukas,M,,122,lukas,0.4,0.6,0.6,0.8,0.0,0.2,0.0,0.2,0.6,0.6,0.4,0.3,0.2,0.4,0.2,0.6,0.2,0.7,0.0,5.0,0.4,5,False,False,False,False,1,0.0
official_finland_finnish_children_2024,Matilda,F,,128,matɪlda,0.4285714285714285,0.7142857142857143,0.5714285714285714,0.5714285714285714,0.0,0.1428571428571428,0.1428571428571428,0.0,0.8571428571428571,0.7857142857142857,0.4285714285714285,0.2857142857142857,0.1428571428571428,0.1428571428571428,0.2857142857142857,0.2857142857142857,0.0,0.5714285714285714,0.0,7.0,0.4285714285714285,7,False,False,False,False,0,0.0
official_finland_finnish_children_2024,Milo,M,,128,milo,0.5,1.0,0.5,0.75,0.0,0.25,0.25,0.0,1.0,0.75,0.25,0.375,0.25,0.25,0.0,0.25,0.25,0.75,0.0,4.0,0.5,4,False,False,False,False,1,0.0
official_finland_finnish_children_2024,Minea,F,,114,minea,0.6,1.0,0.4,0.6,0.0,0.0,0.4,0.0,1.0,0.7,0.2,0.4,0.2,0.2,0.2,0.2,0.0,0.8,0.0,5.0,0.6,5,False,False,False,False,0,0.0
official_finland_finnish_children_2024,Noel,M,,184,noel,0.5,1.0,0.5,0.75,0.0,0.25,0.25,0.0,1.0,0.75,0.5,0.25,0.0,0.0,0.0,0.25,0.25,0.75,0.0,4.0,0.5,4,False,False,False,False,1,0.0
official_finland_finnish_children_2024,Nooa,M,,173,noːa,0.6666666666666666,1.0,0.3333333333333333,0.6666666666666666,0.0,0.0,0.3333333333333333,0.0,1.0,0.6666666666666666,0.3333333333333333,0.3333333333333333,0.0,0.0,0.3333333333333333,0.6666666666666666,0.3333333333333333,0.8333333333333334,0.3333333333333333,3.0,0.6666666666666666,4,False,False,False,False,1,0.0
official_finland_finnish_children_2024,Oiva,M,,219,oiva,0.75,0.75,0.25,1.0,0.0,0.0,0.0,0.25,1.0,0.625,0.0,0.5,0.25,0.25,0.25,0.5,0.25,0.875,0.0,4.0,0.75,4,False,False,False,False,1,0.0
official_finland_finnish_children_2024,Oliver,M,,337,olɪver,0.5,0.8333333333333334,0.5,1.0,0.0833333333333333,0.1666666666666666,0.0,0.1666666666666666,1.0,0.75,0.3333333333333333,0.3333333333333333,0.1666666666666666,0.25,0.0833333333333333,0.1666666666666666,0.1666666666666666,0.5833333333333334,0.0,6.0,0.5,6,False,False,False,False,1,0.0
official_finland_finnish_children_2024,Olivia,F,,249,olɪvia,0.6666666666666666,0.8333333333333334,0.3333333333333333,1.0,0.0,0.1666666666666666,0.0,0.1666666666666666,1.0,0.6666666666666666,0.1666666666666666,0.4166666666666667,0.1666666666666666,0.3333333333333333,0.1666666666666666,0.3333333333333333,0.1666666666666666,0.6666666666666666,0.0,6.0,0.6666666666666666,6,False,False,False,False,0,0.0
official_finland_finnish_children_2024,Onni,M,,259,onnɪ,0.5,1.0,0.5,0.5,0.0,0.0,0.5,0.0,1.0,0.75,0.5,0.25,0.0,0.25,0.0,0.25,0.25,0.5,0.0,4.0,0.5,4,False,False,False,False,1,0.0
official_finland_finnish_children_2024,Otso,M,,133,otso,0.5,0.5,0.5,0.75,0.0,0.0,0.0,0.25,0.5,0.75,0.5,0.25,0.0,0.0,0.0,0.5,0.5,0.75,0.0,4.0,0.5,4,False,False,False,False,1,0.0
official_finland_finnish_children_2024,Pihla,F,,151,pihla,0.4,0.8,0.6,0.8,0.0,0.2,0.0,0.0,0.6,0.6,0.2,0.4,0.2,0.2,0.2,0.4,0.0,0.7,0.0,5.0,0.4,5,False,False,False,False,0,0.0
official_finland_finnish_children_2024,Seela,F,,137,seːla,0.5,0.75,0.5,1.0,0.0,0.25,0.0,0.25,0.75,0.75,0.5,0.25,0.0,0.0,0.25,0.25,0.0,0.75,0.25,4.0,0.5,5,False,False,False,False,0,0.0
official_finland_finnish_children_2024,Sofia,F,,227,sofɪa,0.6,0.6,0.4,1.0,0.0,0.0,0.0,0.4,0.6,0.7,0.2,0.4,0.2,0.2,0.2,0.4,0.2,0.6,0.0,5.0,0.6,5,False,False,False,False,0,0.0
official_finland_finnish_children_2024,Toivo,M,,225,toivo,0.6,0.6,0.4,0.8,0.0,0.0,0.0,0.2,0.8,0.7,0.2,0.4,0.2,0.2,0.0,0.4,0.4,0.8,0.0,5.0,0.6,5,False,False,False,False,1,0.0
official_finland_finnish_children_2024,Venla,F,,182,venla,0.4,0.8,0.6,0.8,0.0,0.2,0.2,0.2,1.0,0.8,0.4,0.3,0.2,0.0,0.2,0.2,0.0,0.7,0.0,5.0,0.4,5,False,False,False,False,0,0.0
official_finland_finnish_children_2024,Vilho,M,,209,vilho,0.4,0.8,0.6,1.0,0.0,0.2,0.0,0.2,0.8,0.6,0.2,0.4,0.2,0.2,0.0,0.4,0.2,0.7,0.0,5.0,0.4,5,False,False,False,False,1,0.0
official_finland_finnish_children_2024,Viljami,M,,126,viljamɪ,0.4285714285714285,0.8571428571428571,0.4285714285714285,0.8571428571428571,0.0,0.1428571428571428,0.1428571428571428,0.1428571428571428,1.0,0.6428571428571429,0.1428571428571428,0.4285714285714285,0.2857142857142857,0.4285714285714285,0.1428571428571428,0.1428571428571428,0.0,0.5714285714285714,0.0,7.0,0.4285714285714285,7,False,False,False,False,1,0.0
official_finland_finnish_children_2024,Viola,F,,193,viola,0.6,0.8,0.4,1.0,0.0,0.2,0.0,0.2,1.0,0.7,0.2,0.4,0.2,0.2,0.2,0.4,0.2,0.8,0.0,5.0,0.6,5,False,False,False,False,0,0.0
official_finland_finnish_children_2024,Väinö,M,,292,væinø,0.6,0.8,0.4,0.8,0.0,0.0,0.2,0.2,1.0,0.7,0.2,0.4,0.2,0.2,0.2,0.0,0.2,0.8,0.0,5.0,0.6,5,False,False,False,False,1,0.0
official_france,AARON,M,,27765,aaʁɔ̃,0.75,0.75,0.25,1.0,0.0,0.0,0.25,0.25,1.0,0.375,0.0,0.5,0.0,0.0,0.5,1.0,0.25,0.625,0.0,4.0,0.75,5,False,False,False,False,1,0.0
official_france,ADAM,M,,50910,adɑ̃,0.6666666666666666,0.6666666666666666,0.3333333333333333,0.6666666666666666,0.1666666666666666,0.0,0.3333333333333333,0.0,1.0,0.6666666666666666,0.3333333333333333,0.3333333333333333,0.0,0.0,0.6666666666666666,0.6666666666666666,0.0,0.8333333333333334,0.0,3.0,0.6666666666666666,4,False,False,False,False,1,0.0
official_france,ALICE,F,,38435,alis,0.5,0.75,0.5,1.0,0.0,0.25,0.0,0.25,0.75,0.75,0.5,0.25,0.0,0.25,0.25,0.25,0.0,0.75,0.0,4.0,0.5,5,False,False,False,False,0,0.0
official_france,AMBRE,F,,32280,ɑ̃bʁ,0.3333333333333333,0.3333333333333333,0.6666666666666666,0.6666666666666666,0.1666666666666666,0.0,0.3333333333333333,0.3333333333333333,1.0,0.5,0.0,0.5,0.3333333333333333,0.0,0.3333333333333333,0.6666666666666666,0.0,0.6666666666666666,0.0,3.0,0.3333333333333333,5,False,False,False,False,0,0.0
official_france,ANNA,F,,29620,ana,0.6666666666666666,1.0,0.3333333333333333,0.6666666666666666,0.0,0.0,0.3333333333333333,0.0,1.0,0.6666666666666666,0.3333333333333333,0.3333333333333333,0.0,0.0,0.6666666666666666,0.6666666666666666,0.0,0.8333333333333334,0.0,3.0,0.6666666666666666,4,False,False,False,False,0,0.0
official_france,ANTOINE,M,,26640,ɑ̃twan,0.4,0.8,0.4,0.6,0.1,0.0,0.4,0.0,0.8,0.6,0.4,0.3,0.2,0.2,0.4,0.6,0.2,0.7,0.0,5.0,0.4,7,False,False,False,False,1,0.0
official_france,AXEL,M,,28310,aksɛl,0.4,0.6,0.6,0.8,0.0,0.2,0.0,0.2,0.6,0.6,0.4,0.3,0.0,0.2,0.2,0.4,0.0,0.5,0.0,5.0,0.4,4,False,False,False,False,1,0.0
official_france,CAMILLE,F,,34475,kamij,0.4,0.8,0.4,0.6,0.0,0.0,0.2,0.0,0.8,0.4,0.0,0.5,0.2,0.6,0.2,0.4,0.0,0.7,0.0,5.0,0.4,7,False,False,False,False,0,0.0
official_france,CHLOÉ,F,,41655,klɔe,0.5,0.75,0.5,0.75,0.0,0.25,0.0,0.0,0.75,0.5,0.25,0.375,0.0,0.25,0.0,0.5,0.25,0.5,0.0,4.0,0.5,5,False,False,False,False,0,0.0
official_france,CLARA,F,,23195,klaʁa,0.4,0.6,0.6,0.8,0.0,0.2,0.0,0.2,0.8,0.4,0.2,0.4,0.0,0.2,0.4,0.8,0.0,0.7,0.0,5.0,0.4,5,False,False,False,False,0,0.0
official_france,EMMA,F,,58955,ɛma,0.6666666666666666,1.0,0.3333333333333333,0.6666666666666666,0.0,0.0,0.3333333333333333,0.0,1.0,0.6666666666666666,0.0,0.5,0.3333333333333333,0.0,0.3333333333333333,0.3333333333333333,0.0,0.5,0.0,3.0,0.6666666666666666,4,False,False,False,False,0,0.0
official_france,ENZO,M,,40695,ɑ̃zo,0.6666666666666666,0.6666666666666666,0.3333333333333333,1.0,0.1666666666666666,0.0,0.3333333333333333,0.3333333333333333,1.0,0.6666666666666666,0.3333333333333333,0.3333333333333333,0.0,0.0,0.3333333333333333,0.6666666666666666,0.3333333333333333,0.8333333333333334,0.0,3.0,0.6666666666666666,4,False,False,False,False,1,0.0
official_france,EVA,F,,27235,eva,0.6666666666666666,0.6666666666666666,0.3333333333333333,1.0,0.0,0.0,0.0,0.3333333333333333,1.0,0.6666666666666666,0.0,0.5,0.3333333333333333,0.0,0.3333333333333333,0.3333333333333333,0.0,0.8333333333333334,0.0,3.0,0.6666666666666666,3,False,False,False,False,0,0.0
official_france,GABIN,M,,33815,ɡabɛ̃,0.5,0.5,0.5,0.5,0.0,0.0,0.25,0.0,1.0,0.5,0.0,0.5,0.25,0.25,0.25,0.5,0.0,0.5,0.0,4.0,0.5,5,False,False,False,False,1,0.0
official_france,GABRIEL,M,,66630,ɡabʁiɛl,0.4285714285714285,0.5714285714285714,0.5714285714285714,0.7142857142857143,0.0,0.1428571428571428,0.0,0.1428571428571428,1.0,0.5,0.1428571428571428,0.4285714285714285,0.1428571428571428,0.2857142857142857,0.1428571428571428,0.4285714285714285,0.0,0.5714285714285714,0.0,7.0,0.4285714285714285,7,False,False,False,False,1,0.0
official_france,HUGO,M,,51935,yɡo,0.6666666666666666,0.6666666666666666,0.3333333333333333,0.6666666666666666,0.0,0.0,0.0,0.0,1.0,0.3333333333333333,0.0,0.5,0.3333333333333333,0.6666666666666666,0.0,0.6666666666666666,0.6666666666666666,0.8333333333333334,0.0,3.0,0.6666666666666666,4,False,False,False,False,1,0.0
official_france,INAYA,F,,21520,inɛja,0.6,1.0,0.2,0.8,0.0,0.0,0.2,0.0,1.0,0.5,0.2,0.4,0.0,0.4,0.2,0.2,0.0,0.6,0.0,5.0,0.6,5,False,False,False,False,0,0.0
official_france,INÈS,F,,31865,inɛs,0.5,0.75,0.5,0.75,0.0,0.0,0.25,0.25,0.75,0.75,0.5,0.25,0.0,0.25,0.0,0.0,0.0,0.5,0.0,4.0,0.5,4,False,False,False,False,0,0.0
official_france,JADE,F,,53860,ʒad,0.3333333333333333,0.3333333333333333,0.6666666666666666,0.6666666666666666,0.0,0.0,0.0,0.3333333333333333,1.0,0.5,0.6666666666666666,0.5,0.0,0.0,0.3333333333333333,0.3333333333333333,0.0,0.6666666666666666,0.0,3.0,0.3333333333333333,4,False,False,False,False,0,0.0
official_france,JEANNE,F,,24915,ʒan,0.3333333333333333,0.6666666666666666,0.6666666666666666,0.6666666666666666,0.0,0.0,0.3333333333333333,0.3333333333333333,1.0,0.5,0.6666666666666666,0.5,0.0,0.0,0.3333333333333333,0.3333333333333333,0.0,0.6666666666666666,0.0,3.0,0.3333333333333333,6,False,False,False,False,0,0.0
official_france,JULES,M,,54010,ʒyl,0.3333333333333333,0.6666666666666666,0.6666666666666666,1.0,0.0,0.3333333333333333,0.0,0.3333333333333333,1.0,0.5,0.6666666666666666,0.5,0.3333333333333333,0.3333333333333333,0.0,0.0,0.3333333333333333,0.6666666666666666,0.0,3.0,0.3333333333333333,5,False,False,False,False,1,0.0
official_france,JULIA,F,,27685,ʒylja,0.4,0.8,0.4,1.0,0.0,0.2,0.0,0.2,1.0,0.4,0.4,0.5,0.2,0.4,0.2,0.2,0.2,0.7,0.0,5.0,0.4,5,False,False,False,False,0,0.0
official_france,JULIETTE,F,,28745,ʒyljɛt,0.3333333333333333,0.6666666666666666,0.5,0.8333333333333334,0.0,0.1666666666666666,0.0,0.1666666666666666,0.8333333333333334,0.5,0.5,0.4166666666666667,0.1666666666666666,0.3333333333333333,0.0,0.0,0.1666666666666666,0.5,0.0,6.0,0.3333333333333333,8,False,False,False,False,0,0.0
official_france,LIAM,M,,35640,ljam,0.25,1.0,0.5,0.75,0.0,0.25,0.25,0.0,1.0,0.625,0.25,0.375,0.25,0.25,0.25,0.25,0.0,0.625,0.0,4.0,0.25,4,False,False,False,False,1,0.0
official_france,LILOU,F,,23305,lilu,0.5,1.0,0.5,1.0,0.0,0.5,0.0,0.0,1.0,0.75,0.5,0.25,0.25,0.5,0.0,0.25,0.25,0.75,0.0,4.0,0.5,5,False,False,False,False,0,0.0
official_france,LINA,F,,39175,lina,0.5,1.0,0.5,0.75,0.0,0.25,0.25,0.0,1.0,0.75,0.5,0.25,0.0,0.25,0.25,0.25,0.0,0.75,0.0,4.0,0.5,4,False,False,False,False,0,0.0
official_france,LOLA,F,,37040,lola,0.5,1.0,0.5,1.0,0.0,0.5,0.0,0.0,1.0,0.75,0.5,0.25,0.0,0.0,0.25,0.5,0.25,0.75,0.0,4.0,0.5,4,False,False,False,False,0,0.0
official_france,LOU,F,,26035,lu,0.5,1.0,0.5,1.0,0.0,0.5,0.0,0.0,1.0,0.75,0.5,0.25,0.5,0.5,0.0,0.5,0.5,0.75,0.0,2.0,0.5,3,False,False,False,False,0,0.0
official_france,LOUIS,M,,57950,lwi,0.3333333333333333,1.0,0.3333333333333333,1.0,0.0,0.3333333333333333,0.0,0.0,1.0,0.5,0.3333333333333333,0.3333333333333333,0.3333333333333333,0.6666666666666666,0.0,0.3333333333333333,0.3333333333333333,0.6666666666666666,0.0,3.0,0.3333333333333333,5,False,False,False,False,1,0.0
official_france,LOUISE,F,,52655,lwiz,0.25,0.75,0.5,1.0,0.0,0.25,0.0,0.25,1.0,0.625,0.5,0.25,0.25,0.5,0.0,0.25,0.25,0.625,0.0,4.0,0.25,6,False,False,False,False,0,0.0
official_france,LOUNA,F,,24445,luna,0.5,1.0,0.5,0.75,0.0,0.25,0.25,0.0,1.0,0.75,0.5,0.25,0.25,0.25,0.25,0.5,0.25,0.75,0.0,4.0,0.5,5,False,False,False,False,0,0.0
official_france,LUCAS,M,,60380,lyka,0.5,0.75,0.5,0.75,0.0,0.25,0.0,0.0,0.75,0.5,0.25,0.375,0.25,0.5,0.25,0.5,0.25,0.75,0.0,4.0,0.5,5,False,False,False,False,1,0.0
official_france,LUCIE,F,,26480,lysi,0.5,0.75,0.5,1.0,0.0,0.25,0.0,0.25,0.75,0.75,0.5,0.25,0.25,0.5,0.0,0.0,0.25,0.75,0.0,4.0,0.5,5,False,False,False,False,0,0.0
official_france,LÉA,F,,38620,lea,0.6666666666666666,1.0,0.3333333333333333,1.0,0.0,0.3333333333333333,0.0,0.0,1.0,0.6666666666666666,0.3333333333333333,0.3333333333333333,0.0,0.0,0.3333333333333333,0.3333333333333333,0.0,0.8333333333333334,0.0,3.0,0.6666666666666666,3,False,False,False,False,0,0.0
official_france,LÉNA,F,,29650,lena,0.5,1.0,0.5,0.75,0.0,0.25,0.25,0.0,1.0,0.75,0.5,0.25,0.0,0.0,0.25,0.25,0.0,0.75,0.0,4.0,0.5,4,False,False,False,False,0,0.0
official_france,LÉO,M,,53825,leo,0.6666666666666666,1.0,0.3333333333333333,1.0,0.0,0.3333333333333333,0.0,0.0,1.0,0.6666666666666666,0.3333333333333333,0.3333333333333333,0.0,0.0,0.0,0.3333333333333333,0.3333333333333333,0.8333333333333334,0.0,3.0,0.6666666666666666,3,False,False,False,False,1,0.0
official_france,MANON,F,,39235,manɔ̃,0.5,1.0,0.5,0.5,0.0,0.0,0.75,0.0,1.0,0.75,0.25,0.375,0.25,0.0,0.25,0.5,0.25,0.5,0.0,4.0,0.5,5,False,False,False,False,0,0.0
official_france,MAXIME,M,,26630,maksim,0.3333333333333333,0.6666666666666666,0.6666666666666666,0.5,0.0,0.0,0.3333333333333333,0.1666666666666666,0.6666666666666666,0.6666666666666666,0.1666666666666666,0.4166666666666667,0.3333333333333333,0.3333333333333333,0.1666666666666666,0.3333333333333333,0.0,0.6666666666666666,0.0,6.0,0.3333333333333333,6,False,False,False,False,1,0.0
official_france,MAËL,M,,37145,maɛl,0.5,1.0,0.5,0.75,0.0,0.25,0.25,0.0,1.0,0.75,0.25,0.375,0.25,0.0,0.25,0.25,0.0,0.5,0.0,4.0,0.5,4,False,False,False,False,1,0.0
official_france,MILA,F,,25665,mila,0.5,1.0,0.5,0.75,0.0,0.25,0.25,0.0,1.0,0.75,0.25,0.375,0.25,0.25,0.25,0.25,0.0,0.75,0.0,4.0,0.5,4,False,False,False,False,0,0.0
official_france,NINA,F,,23675,nina,0.5,1.0,0.5,0.5,0.0,0.0,0.5,0.0,1.0,0.75,0.5,0.25,0.0,0.25,0.25,0.25,0.0,0.75,0.0,4.0,0.5,4,False,False,False,False,0,0.0
official_france,NOLAN,M,,36145,nolɑ̃,0.5,1.0,0.5,0.75,0.125,0.25,0.5,0.0,1.0,0.75,0.5,0.25,0.0,0.0,0.25,0.5,0.25,0.75,0.0,4.0,0.5,5,False,False,False,False,1,0.0
official_france,NOÉ,M,,25055,nɔe,0.6666666666666666,1.0,0.3333333333333333,0.6666666666666666,0.0,0.0,0.3333333333333333,0.0,1.0,0.6666666666666666,0.3333333333333333,0.3333333333333333,0.0,0.0,0.0,0.3333333333333333,0.3333333333333333,0.5,0.0,3.0,0.6666666666666666,3,False,False,False,False,1,0.0
official_france,PAUL,M,,39170,pɔl,0.3333333333333333,0.6666666666666666,0.6666666666666666,0.6666666666666666,0.0,0.3333333333333333,0.0,0.0,0.6666666666666666,0.8333333333333334,0.3333333333333333,0.3333333333333333,0.3333333333333333,0.0,0.0,0.3333333333333333,0.3333333333333333,0.3333333333333333,0.0,3.0,0.3333333333333333,4,False,False,False,False,1,0.0
official_france,RAPHAËL,M,,49990,ʁafaɛl,0.5,0.6666666666666666,0.5,1.0,0.0,0.1666666666666666,0.0,0.3333333333333333,0.8333333333333334,0.5833333333333334,0.1666666666666666,0.4166666666666667,0.1666666666666666,0.0,0.3333333333333333,0.5,0.0,0.5833333333333334,0.0,6.0,0.5,7,False,False,False,False,1,0.0
official_france,ROMANE,F,,26065,ʁoman,0.4,0.8,0.6,0.6,0.0,0.0,0.4,0.2,1.0,0.6,0.2,0.4,0.2,0.0,0.2,0.6,0.2,0.7,0.0,5.0,0.4,6,False,False,False,False,0,0.0
official_france,ROSE,F,,29585,ʁɔz,0.3333333333333333,0.3333333333333333,0.6666666666666666,1.0,0.0,0.0,0.0,0.6666666666666666,1.0,0.5,0.3333333333333333,0.3333333333333333,0.0,0.0,0.0,0.6666666666666666,0.3333333333333333,0.3333333333333333,0.0,3.0,0.3333333333333333,4,False,False,False,False,0,0.0
official_france,SACHA,M,,37175,saʃa,0.5,0.5,0.5,1.0,0.0,0.0,0.0,0.5,0.5,0.5,0.5,0.5,0.0,0.0,0.5,0.5,0.0,0.75,0.0,4.0,0.5,5,False,False,False,False,1,0.0
official_france,SARAH,F,,30685,saʁa,0.5,0.5,0.5,1.0,0.0,0.0,0.0,0.5,0.75,0.5,0.25,0.375,0.0,0.0,0.5,0.75,0.0,0.75,0.0,4.0,0.5,5,False,False,False,False,0,0.0
official_france,THÉO,M,,31740,teo,0.6666666666666666,0.6666666666666666,0.3333333333333333,0.6666666666666666,0.0,0.0,0.0,0.0,0.6666666666666666,0.6666666666666666,0.3333333333333333,0.3333333333333333,0.0,0.0,0.0,0.3333333333333333,0.3333333333333333,0.8333333333333334,0.0,3.0,0.6666666666666666,4,False,False,False,False,1,0.0
official_france,TIMÉO,M,,29725,timeo,0.6,0.8,0.4,0.6,0.0,0.0,0.2,0.0,0.8,0.7,0.2,0.4,0.2,0.2,0.0,0.2,0.2,0.8,0.0,5.0,0.6,5,False,False,False,False,1,0.0
official_france,TOM,M,,37480,tɔm,0.3333333333333333,0.6666666666666666,0.6666666666666666,0.3333333333333333,0.0,0.0,0.3333333333333333,0.0,0.6666666666666666,0.8333333333333334,0.3333333333333333,0.3333333333333333,0.3333333333333333,0.0,0.0,0.3333333333333333,0.3333333333333333,0.3333333333333333,0.0,3.0,0.3333333333333333,3,False,False,False,False,1,0.0
official_france,YANIS,M,,25895,jani,0.5,1.0,0.25,0.75,0.0,0.0,0.25,0.0,1.0,0.5,0.25,0.375,0.0,0.5,0.25,0.25,0.0,0.75,0.0,4.0,0.5,5,False,False,False,False,1,0.0
official_france,ZOÉ,F,,29715,zɔe,0.6666666666666666,0.6666666666666666,0.3333333333333333,1.0,0.0,0.0,0.0,0.3333333333333333,1.0,0.6666666666666666,0.3333333333333333,0.3333333333333333,0.0,0.0,0.0,0.3333333333333333,0.3333333333333333,0.5,0.0,3.0,0.6666666666666666,3,False,False,False,False,0,0.0
official_france_angers,Adèle,F,,79,adə̀l,0.5,0.75,0.5,0.75,0.0,0.25,0.0,0.0,1.0,0.75,0.5,0.25,0.0,0.0,0.25,0.5,0.0,0.5,0.0,4.0,0.5,5,False,False,False,False,0,0.0
official_france_angers,Alba,F,,40,alba,0.5,0.75,0.5,0.75,0.0,0.25,0.0,0.0,1.0,0.75,0.25,0.375,0.25,0.0,0.5,0.5,0.0,0.75,0.0,4.0,0.5,4,False,False,False,False,0,0.0
official_france_angers,Alice,F,,83,aliz,0.5,0.75,0.5,1.0,0.0,0.25,0.0,0.25,1.0,0.75,0.5,0.25,0.0,0.25,0.25,0.25,0.0,0.75,0.0,4.0,0.5,5,False,False,False,False,0,0.0
official_france_angers,Ambre,F,,40,ɑ̃bʀə,0.5,0.75,0.5,0.75,0.25,0.0,0.25,0.0,1.0,0.5,0.0,0.5,0.25,0.0,0.25,0.75,0.0,0.5,0.0,4.0,0.5,5,False,False,False,False,0,0.0
official_france_angers,Arthur,M,,91,aʀtyʀ,0.4,0.8,0.6,0.8,0.2,0.0,0.0,0.0,0.8,0.4,0.2,0.4,0.2,0.2,0.2,0.6,0.2,0.7,0.0,5.0,0.4,6,False,False,False,False,1,0.0
official_france_angers,Camille,F,,44,kamij,0.4,0.8,0.4,0.6,0.0,0.0,0.2,0.0,0.8,0.4,0.0,0.5,0.2,0.6,0.2,0.4,0.0,0.7,0.0,5.0,0.4,7,False,False,False,False,0,0.0
official_france_angers,Chloé,F,,86,ʃlœ́,0.3333333333333333,0.6666666666666666,0.6666666666666666,1.0,0.0,0.3333333333333333,0.0,0.3333333333333333,0.6666666666666666,0.5,0.6666666666666666,0.5,0.0,0.0,0.0,0.0,0.3333333333333333,0.3333333333333333,0.0,3.0,0.3333333333333333,5,False,False,False,False,0,0.0
official_france_angers,Emma,F,,76,ɑma,0.6666666666666666,1.0,0.3333333333333333,0.6666666666666666,0.1666666666666666,0.0,0.3333333333333333,0.0,1.0,0.6666666666666666,0.0,0.5,0.3333333333333333,0.0,0.6666666666666666,0.6666666666666666,0.0,0.8333333333333334,0.0,3.0,0.6666666666666666,4,False,False,False,False,0,0.0
official_france_angers,Gabriel,M,,270,ɡabʀjəl,0.2857142857142857,0.7142857142857143,0.5714285714285714,0.7142857142857143,0.0714285714285714,0.1428571428571428,0.0,0.0,1.0,0.4285714285714285,0.1428571428571428,0.4285714285714285,0.1428571428571428,0.2857142857142857,0.1428571428571428,0.5714285714285714,0.0,0.5,0.0,7.0,0.2857142857142857,7,False,False,False,False,1,0.0
official_france_angers,Hugo,M,,93,yɡo,0.6666666666666666,0.6666666666666666,0.3333333333333333,0.6666666666666666,0.0,0.0,0.0,0.0,1.0,0.3333333333333333,0.0,0.5,0.3333333333333333,0.6666666666666666,0.0,0.6666666666666666,0.6666666666666666,0.8333333333333334,0.0,3.0,0.6666666666666666,4,False,False,False,False,1,0.0
official_france_angers,Jade,F,,241,ʒad,0.3333333333333333,0.3333333333333333,0.6666666666666666,0.6666666666666666,0.0,0.0,0.0,0.3333333333333333,1.0,0.5,0.6666666666666666,0.5,0.0,0.0,0.3333333333333333,0.3333333333333333,0.0,0.6666666666666666,0.0,3.0,0.3333333333333333,4,False,False,False,False,0,0.0
official_france_angers,Jules,M,,176,ʒyl,0.3333333333333333,0.6666666666666666,0.6666666666666666,1.0,0.0,0.3333333333333333,0.0,0.3333333333333333,1.0,0.5,0.6666666666666666,0.5,0.3333333333333333,0.3333333333333333,0.0,0.0,0.3333333333333333,0.6666666666666666,0.0,3.0,0.3333333333333333,5,False,False,False,False,1,0.0
official_france_angers,Juliette,F,,42,ʒyljɛt,0.3333333333333333,0.6666666666666666,0.5,0.8333333333333334,0.0,0.1666666666666666,0.0,0.1666666666666666,0.8333333333333334,0.5,0.5,0.4166666666666667,0.1666666666666666,0.3333333333333333,0.0,0.0,0.1666666666666666,0.5,0.0,6.0,0.3333333333333333,8,False,False,False,False,0,0.0
official_france_angers,Louis,M,,180,lwis,0.25,0.75,0.5,1.0,0.0,0.25,0.0,0.25,0.75,0.625,0.5,0.25,0.25,0.5,0.0,0.25,0.25,0.625,0.0,4.0,0.25,5,False,False,False,False,1,0.0
official_france_angers,Louise,F,,354,lwiz,0.25,0.75,0.5,1.0,0.0,0.25,0.0,0.25,1.0,0.625,0.5,0.25,0.25,0.5,0.0,0.25,0.25,0.625,0.0,4.0,0.25,6,False,False,False,False,0,0.0
official_france_angers,Lucas,M,,98,lyka,0.5,0.75,0.5,0.75,0.0,0.25,0.0,0.0,0.75,0.5,0.25,0.375,0.25,0.5,0.25,0.5,0.25,0.75,0.0,4.0,0.5,5,False,False,False,False,1,0.0
official_france_angers,Léo,M,,134,leo,0.6666666666666666,1.0,0.3333333333333333,1.0,0.0,0.3333333333333333,0.0,0.0,1.0,0.6666666666666666,0.3333333333333333,0.3333333333333333,0.0,0.0,0.0,0.3333333333333333,0.3333333333333333,0.8333333333333334,0.0,3.0,0.6666666666666666,3,False,False,False,False,1,0.0
official_france_angers,Manon,F,,79,manɔ̃,0.5,1.0,0.5,0.5,0.0,0.0,0.75,0.0,1.0,0.75,0.25,0.375,0.25,0.0,0.25,0.5,0.25,0.5,0.0,4.0,0.5,5,False,False,False,False,0,0.0
official_france_angers,Marius,M,,45,maʀjy,0.4,1.0,0.4,0.8,0.1,0.0,0.2,0.0,1.0,0.4,0.0,0.5,0.4,0.4,0.2,0.4,0.2,0.7,0.0,5.0,0.4,6,False,False,False,False,1,0.0
official_france_angers,Maël,M,,50,mäl,0.3333333333333333,1.0,0.6666666666666666,0.6666666666666666,0.0,0.3333333333333333,0.3333333333333333,0.0,1.0,0.8333333333333334,0.3333333333333333,0.3333333333333333,0.3333333333333333,0.0,0.3333333333333333,0.3333333333333333,0.0,0.6666666666666666,0.0,3.0,0.3333333333333333,4,False,False,False,False,1,0.0
official_france_angers,Paul,M,,42,pol,0.3333333333333333,0.6666666666666666,0.6666666666666666,0.6666666666666666,0.0,0.3333333333333333,0.0,0.0,0.6666666666666666,0.8333333333333334,0.3333333333333333,0.3333333333333333,0.3333333333333333,0.0,0.0,0.3333333333333333,0.3333333333333333,0.6666666666666666,0.0,3.0,0.3333333333333333,4,False,False,False,False,1,0.0
official_france_angers,Raphaël,M,,133,ʀafäl,0.4,0.8,0.6,1.0,0.1,0.2,0.0,0.2,0.8,0.6,0.2,0.4,0.2,0.0,0.4,0.6,0.0,0.7,0.0,5.0,0.4,7,False,False,False,False,1,0.0
official_france_angers,Rose,F,,80,ʀɔz,0.3333333333333333,0.6666666666666666,0.6666666666666666,1.0,0.1666666666666666,0.0,0.0,0.3333333333333333,1.0,0.5,0.3333333333333333,0.3333333333333333,0.0,0.0,0.0,0.6666666666666666,0.3333333333333333,0.3333333333333333,0.0,3.0,0.3333333333333333,4,False,False,False,False,0,0.0
official_france_angers,Théo,M,,41,teo,0.6666666666666666,0.6666666666666666,0.3333333333333333,0.6666666666666666,0.0,0.0,0.0,0.0,0.6666666666666666,0.6666666666666666,0.3333333333333333,0.3333333333333333,0.0,0.0,0.0,0.3333333333333333,0.3333333333333333,0.8333333333333334,0.0,3.0,0.6666666666666666,4,False,False,False,False,1,0.0
official_france_angers,Timéo,M,,45,timeo,0.6,0.8,0.4,0.6,0.0,0.0,0.2,0.0,0.8,0.7,0.2,0.4,0.2,0.2,0.0,0.2,0.2,0.8,0.0,5.0,0.6,5,False,False,False,False,1,0.0
official_france_nantes,Alice,F,,58,aliz,0.5,0.75,0.5,1.0,0.0,0.25,0.0,0.25,1.0,0.75,0.5,0.25,0.0,0.25,0.25,0.25,0.0,0.75,0.0,4.0,0.5,5,False,False,False,False,0,0.0
official_france_nantes,Arthur,M,,322,aʀtyʀ,0.4,0.8,0.6,0.8,0.2,0.0,0.0,0.0,0.8,0.4,0.2,0.4,0.2,0.2,0.2,0.6,0.2,0.7,0.0,5.0,0.4,6,False,False,False,False,1,0.0
official_france_nantes,Camille,F,,63,kamij,0.4,0.8,0.4,0.6,0.0,0.0,0.2,0.0,0.8,0.4,0.0,0.5,0.2,0.6,0.2,0.4,0.0,0.7,0.0,5.0,0.4,7,False,False,False,False,0,0.0
official_france_nantes,Chloé,F,,66,ʃlœ́,0.3333333333333333,0.6666666666666666,0.6666666666666666,1.0,0.0,0.3333333333333333,0.0,0.3333333333333333,0.6666666666666666,0.5,0.6666666666666666,0.5,0.0,0.0,0.0,0.0,0.3333333333333333,0.3333333333333333,0.0,3.0,0.3333333333333333,5,False,False,False,False,0,0.0
official_france_nantes,Emma,F,,495,ɑma,0.6666666666666666,1.0,0.3333333333333333,0.6666666666666666,0.1666666666666666,0.0,0.3333333333333333,0.0,1.0,0.6666666666666666,0.0,0.5,0.3333333333333333,0.0,0.6666666666666666,0.6666666666666666,0.0,0.8333333333333334,0.0,3.0,0.6666666666666666,4,False,False,False,False,0,0.0
official_france_nantes,Enzo,M,,132,ɑ̃zo,0.6666666666666666,0.6666666666666666,0.3333333333333333,1.0,0.1666666666666666,0.0,0.3333333333333333,0.3333333333333333,1.0,0.6666666666666666,0.3333333333333333,0.3333333333333333,0.0,0.0,0.3333333333333333,0.6666666666666666,0.3333333333333333,0.8333333333333334,0.0,3.0,0.6666666666666666,4,False,False,False,False,1,0.0
official_france_nantes,Gabriel,M,,267,ɡabʀjəl,0.2857142857142857,0.7142857142857143,0.5714285714285714,0.7142857142857143,0.0714285714285714,0.1428571428571428,0.0,0.0,1.0,0.4285714285714285,0.1428571428571428,0.4285714285714285,0.1428571428571428,0.2857142857142857,0.1428571428571428,0.5714285714285714,0.0,0.5,0.0,7.0,0.2857142857142857,7,False,False,False,False,1,0.0
official_france_nantes,Hugo,M,,131,yɡo,0.6666666666666666,0.6666666666666666,0.3333333333333333,0.6666666666666666,0.0,0.0,0.0,0.0,1.0,0.3333333333333333,0.0,0.5,0.3333333333333333,0.6666666666666666,0.0,0.6666666666666666,0.6666666666666666,0.8333333333333334,0.0,3.0,0.6666666666666666,4,False,False,False,False,1,0.0
official_france_nantes,Jules,M,,190,ʒyl,0.3333333333333333,0.6666666666666666,0.6666666666666666,1.0,0.0,0.3333333333333333,0.0,0.3333333333333333,1.0,0.5,0.6666666666666666,0.5,0.3333333333333333,0.3333333333333333,0.0,0.0,0.3333333333333333,0.6666666666666666,0.0,3.0,0.3333333333333333,5,False,False,False,False,1,0.0
official_france_nantes,Louis,M,,129,lwis,0.25,0.75,0.5,1.0,0.0,0.25,0.0,0.25,0.75,0.625,0.5,0.25,0.25,0.5,0.0,0.25,0.25,0.625,0.0,4.0,0.25,5,False,False,False,False,1,0.0
official_france_nantes,Louise,F,,651,lwiz,0.25,0.75,0.5,1.0,0.0,0.25,0.0,0.25,1.0,0.625,0.5,0.25,0.25,0.5,0.0,0.25,0.25,0.625,0.0,4.0,0.25,6,False,False,False,False,0,0.0
official_france_nantes,Lucas,M,,201,lyka,0.5,0.75,0.5,0.75,0.0,0.25,0.0,0.0,0.75,0.5,0.25,0.375,0.25,0.5,0.25,0.5,0.25,0.75,0.0,4.0,0.5,5,False,False,False,False,1,0.0
official_france_nantes,Léa,F,,206,lea,0.6666666666666666,1.0,0.3333333333333333,1.0,0.0,0.3333333333333333,0.0,0.0,1.0,0.6666666666666666,0.3333333333333333,0.3333333333333333,0.0,0.0,0.3333333333333333,0.3333333333333333,0.0,0.8333333333333334,0.0,3.0,0.6666666666666666,3,False,False,False,False,0,0.0
official_france_nantes,Léo,M,,64,leo,0.6666666666666666,1.0,0.3333333333333333,1.0,0.0,0.3333333333333333,0.0,0.0,1.0,0.6666666666666666,0.3333333333333333,0.3333333333333333,0.0,0.0,0.0,0.3333333333333333,0.3333333333333333,0.8333333333333334,0.0,3.0,0.6666666666666666,3,False,False,False,False,1,0.0
official_france_nantes,Manon,F,,381,manɔ̃,0.5,1.0,0.5,0.5,0.0,0.0,0.75,0.0,1.0,0.75,0.25,0.375,0.25,0.0,0.25,0.5,0.25,0.5,0.0,4.0,0.5,5,False,False,False,False,0,0.0
official_france_nantes,Mathis,M,,62,mati,0.5,0.75,0.5,0.5,0.0,0.0,0.25,0.0,0.75,0.75,0.25,0.375,0.25,0.25,0.25,0.25,0.0,0.75,0.0,4.0,0.5,6,False,False,False,False,1,0.0
official_france_nantes,Nathan,M,,62,natɑ̃,0.5,0.75,0.5,0.5,0.125,0.0,0.5,0.0,0.75,0.75,0.5,0.25,0.0,0.0,0.5,0.5,0.0,0.75,0.0,4.0,0.5,6,False,False,False,False,1,0.0
official_france_nantes,Raphaël,M,,276,ʀafäl,0.4,0.8,0.6,1.0,0.1,0.2,0.0,0.2,0.8,0.6,0.2,0.4,0.2,0.0,0.4,0.6,0.0,0.7,0.0,5.0,0.4,7,False,False,False,False,1,0.0
official_france_nantes,Thomas,M,,102,tɔma,0.5,0.75,0.5,0.5,0.0,0.0,0.25,0.0,0.75,0.75,0.25,0.375,0.25,0.0,0.25,0.5,0.25,0.5,0.0,4.0,0.5,6,False,False,False,False,1,0.0
official_france_nantes,Théo,M,,68,teo,0.6666666666666666,0.6666666666666666,0.3333333333333333,0.6666666666666666,0.0,0.0,0.0,0.0,0.6666666666666666,0.6666666666666666,0.3333333333333333,0.3333333333333333,0.0,0.0,0.0,0.3333333333333333,0.3333333333333333,0.8333333333333334,0.0,3.0,0.6666666666666666,4,False,False,False,False,1,0.0
official_france_orleans,Christophe,M,,818,ʃʀistɔf,0.2857142857142857,0.4285714285714285,0.7142857142857143,0.8571428571428571,0.0714285714285714,0.0,0.0,0.4285714285714285,0.4285714285714285,0.5714285714285714,0.4285714285714285,0.4285714285714285,0.1428571428571428,0.1428571428571428,0.0,0.2857142857142857,0.1428571428571428,0.5,0.0,7.0,0.2857142857142857,10,False,False,False,False,1,0.0
official_france_orleans,David,M,,333,davi,0.5,0.5,0.5,0.75,0.0,0.0,0.0,0.25,1.0,0.75,0.25,0.375,0.25,0.25,0.25,0.25,0.0,0.75,0.0,4.0,0.5,5,False,False,False,False,1,0.0
official_france_orleans,Isabelle,F,,691,izabɛl,0.5,0.6666666666666666,0.5,0.8333333333333334,0.0,0.1666666666666666,0.0,0.1666666666666666,1.0,0.75,0.3333333333333333,0.3333333333333333,0.1666666666666666,0.1666666666666666,0.1666666666666666,0.1666666666666666,0.0,0.5833333333333334,0.0,6.0,0.5,8,False,False,False,False,0,0.0
official_france_orleans,Laurent,M,,560,loʀɑ̃,0.5,1.0,0.5,1.0,0.25,0.25,0.25,0.0,1.0,0.5,0.25,0.375,0.0,0.0,0.25,0.75,0.25,0.75,0.0,4.0,0.5,7,False,False,False,False,1,0.0
official_france_orleans,Nathalie,F,,1291,natali,0.5,0.8333333333333334,0.5,0.6666666666666666,0.0,0.1666666666666666,0.1666666666666666,0.0,0.8333333333333334,0.75,0.5,0.25,0.0,0.1666666666666666,0.3333333333333333,0.3333333333333333,0.0,0.75,0.0,6.0,0.5,8,False,False,False,False,0,0.0
official_france_orleans,Nicolas,M,,115,nikɔla,0.5,0.8333333333333334,0.5,0.6666666666666666,0.0,0.1666666666666666,0.1666666666666666,0.0,0.8333333333333334,0.5833333333333334,0.3333333333333333,0.3333333333333333,0.0,0.3333333333333333,0.1666666666666666,0.5,0.1666666666666666,0.5833333333333334,0.0,6.0,0.5,7,False,False,False,False,1,0.0
official_france_orleans,Pascal,M,,126,paskal,0.3333333333333333,0.5,0.6666666666666666,0.6666666666666666,0.0,0.1666666666666666,0.0,0.1666666666666666,0.5,0.6666666666666666,0.3333333333333333,0.3333333333333333,0.1666666666666666,0.1666666666666666,0.3333333333333333,0.5,0.0,0.6666666666666666,0.0,6.0,0.3333333333333333,6,False,False,False,False,1,0.0
official_france_orleans,Philippe,M,,449,filip,0.4,0.6,0.6,0.8,0.0,0.2,0.0,0.2,0.6,0.8,0.2,0.4,0.4,0.4,0.0,0.0,0.0,0.7,0.0,5.0,0.4,8,False,False,False,False,1,0.0
official_france_orleans,Sandrine,F,,293,sɑ̃dʀin,0.3333333333333333,0.6666666666666666,0.6666666666666666,0.6666666666666666,0.1666666666666666,0.0,0.3333333333333333,0.1666666666666666,0.8333333333333334,0.6666666666666666,0.5,0.25,0.0,0.1666666666666666,0.1666666666666666,0.3333333333333333,0.0,0.6666666666666666,0.0,6.0,0.3333333333333333,8,False,False,False,False,0,0.0
official_france_orleans,Stéphane,M,,668,stefan,0.3333333333333333,0.5,0.6666666666666666,0.6666666666666666,0.0,0.0,0.1666666666666666,0.3333333333333333,0.5,0.8333333333333334,0.5,0.25,0.1666666666666666,0.0,0.1666666666666666,0.1666666666666666,0.0,0.6666666666666666,0.0,6.0,0.3333333333333333,8,False,False,False,False,1,0.0
official_france_orleans,Stéphanie,F,,250,stefani,0.4285714285714285,0.5714285714285714,0.5714285714285714,0.7142857142857143,0.0,0.0,0.1428571428571428,0.2857142857142857,0.5714285714285714,0.7857142857142857,0.4285714285714285,0.2857142857142857,0.1428571428571428,0.1428571428571428,0.1428571428571428,0.1428571428571428,0.0,0.7142857142857143,0.0,7.0,0.4285714285714285,9,False,False,False,False,0,0.0
official_france_orleans,Sylvie,F,,437,silvi,0.4,0.6,0.6,1.0,0.0,0.2,0.0,0.4,0.8,0.8,0.4,0.3,0.2,0.4,0.0,0.0,0.0,0.7,0.0,5.0,0.4,6,False,False,False,False,0,0.0
official_france_orleans,Sébastien,M,,361,sebassjɛ̃,0.375,0.5,0.5,0.875,0.0,0.0,0.125,0.375,0.625,0.6875,0.375,0.3125,0.125,0.125,0.125,0.125,0.0,0.5625,0.0,8.0,0.375,9,False,False,False,False,1,0.0
official_france_orleans,Thierry,M,,218,tjɛʀʀi,0.3333333333333333,0.8333333333333334,0.5,0.8333333333333334,0.1666666666666666,0.0,0.0,0.0,0.8333333333333334,0.3333333333333333,0.1666666666666666,0.4166666666666667,0.0,0.3333333333333333,0.0,0.3333333333333333,0.0,0.5,0.0,6.0,0.3333333333333333,7,False,False,False,False,1,0.0
official_france_orleans,Valérie,F,,590,valeʀi,0.5,0.8333333333333334,0.5,1.0,0.0833333333333333,0.1666666666666666,0.0,0.1666666666666666,1.0,0.5833333333333334,0.1666666666666666,0.4166666666666667,0.1666666666666666,0.1666666666666666,0.1666666666666666,0.3333333333333333,0.0,0.75,0.0,6.0,0.5,7,False,False,False,False,0,0.0
official_france_paris,Adam,M,,2044,adɑ̃,0.6666666666666666,0.6666666666666666,0.3333333333333333,0.6666666666666666,0.1666666666666666,0.0,0.3333333333333333,0.0,1.0,0.6666666666666666,0.3333333333333333,0.3333333333333333,0.0,0.0,0.6666666666666666,0.6666666666666666,0.0,0.8333333333333334,0.0,3.0,0.6666666666666666,4,False,False,False,False,1,0.0
official_france_paris,Alexandre,M,,958,aləksɑ̃dʀ,0.375,0.625,0.625,0.75,0.125,0.125,0.125,0.125,0.75,0.5625,0.375,0.3125,0.0,0.125,0.25,0.625,0.0,0.5625,0.0,8.0,0.375,9,False,False,False,False,1,0.0
official_france_paris,Alice,F,,245,aliz,0.5,0.75,0.5,1.0,0.0,0.25,0.0,0.25,1.0,0.75,0.5,0.25,0.0,0.25,0.25,0.25,0.0,0.75,0.0,4.0,0.5,5,False,False,False,False,0,0.0
official_france_paris,Camille,F,,495,kamij,0.4,0.8,0.4,0.6,0.0,0.0,0.2,0.0,0.8,0.4,0.0,0.5,0.2,0.6,0.2,0.4,0.0,0.7,0.0,5.0,0.4,7,False,False,False,False,0,0.0
official_france_paris,Chloé,F,,1336,ʃlœ́,0.3333333333333333,0.6666666666666666,0.6666666666666666,1.0,0.0,0.3333333333333333,0.0,0.3333333333333333,0.6666666666666666,0.5,0.6666666666666666,0.5,0.0,0.0,0.0,0.0,0.3333333333333333,0.3333333333333333,0.0,3.0,0.3333333333333333,5,False,False,False,False,0,0.0
official_france_paris,Emma,F,,1814,ɑma,0.6666666666666666,1.0,0.3333333333333333,0.6666666666666666,0.1666666666666666,0.0,0.3333333333333333,0.0,1.0,0.6666666666666666,0.0,0.5,0.3333333333333333,0.0,0.6666666666666666,0.6666666666666666,0.0,0.8333333333333334,0.0,3.0,0.6666666666666666,4,False,False,False,False,0,0.0
official_france_paris,Gabriel,M,,6005,ɡabʀjəl,0.2857142857142857,0.7142857142857143,0.5714285714285714,0.7142857142857143,0.0714285714285714,0.1428571428571428,0.0,0.0,1.0,0.4285714285714285,0.1428571428571428,0.4285714285714285,0.1428571428571428,0.2857142857142857,0.1428571428571428,0.5714285714285714,0.0,0.5,0.0,7.0,0.2857142857142857,7,False,False,False,False,1,0.0
official_france_paris,Inès,F,,806,inə̀,0.6666666666666666,1.0,0.3333333333333333,0.6666666666666666,0.0,0.0,0.3333333333333333,0.0,1.0,0.6666666666666666,0.3333333333333333,0.3333333333333333,0.0,0.3333333333333333,0.0,0.3333333333333333,0.0,0.5,0.0,3.0,0.6666666666666666,4,False,False,False,False,0,0.0
official_france_paris,Louise,F,,3062,lwiz,0.25,0.75,0.5,1.0,0.0,0.25,0.0,0.25,1.0,0.625,0.5,0.25,0.25,0.5,0.0,0.25,0.25,0.625,0.0,4.0,0.25,6,False,False,False,False,0,0.0
official_france_paris,Raphaël,M,,1292,ʀafäl,0.4,0.8,0.6,1.0,0.1,0.2,0.0,0.2,0.8,0.6,0.2,0.4,0.2,0.0,0.4,0.6,0.0,0.7,0.0,5.0,0.4,7,False,False,False,False,1,0.0
official_france_paris,Sarah,F,,487,saʀa,0.5,0.75,0.5,1.0,0.125,0.0,0.0,0.25,0.75,0.5,0.25,0.375,0.0,0.0,0.5,0.75,0.0,0.75,0.0,4.0,0.5,5,False,False,False,False,0,0.0
official_france_saint_herblain,Antoine,M,,51,ɑ̃twan,0.4,0.8,0.4,0.6,0.1,0.0,0.4,0.0,0.8,0.6,0.4,0.3,0.2,0.2,0.4,0.6,0.2,0.7,0.0,5.0,0.4,7,False,False,False,False,1,0.0
official_france_saint_herblain,Camille,F,,176,kamij,0.4,0.8,0.4,0.6,0.0,0.0,0.2,0.0,0.8,0.4,0.0,0.5,0.2,0.6,0.2,0.4,0.0,0.7,0.0,5.0,0.4,7,False,False,False,False,0,0.0
official_france_saint_herblain,Chloé,F,,129,ʃlœ́,0.3333333333333333,0.6666666666666666,0.6666666666666666,1.0,0.0,0.3333333333333333,0.0,0.3333333333333333,0.6666666666666666,0.5,0.6666666666666666,0.5,0.0,0.0,0.0,0.0,0.3333333333333333,0.3333333333333333,0.0,3.0,0.3333333333333333,5,False,False,False,False,0,0.0
official_france_saint_herblain,Clara,F,,89,klaʀa,0.4,0.8,0.6,0.8,0.1,0.2,0.0,0.0,0.8,0.4,0.2,0.4,0.0,0.2,0.4,0.8,0.0,0.7,0.0,5.0,0.4,5,False,False,False,False,0,0.0
official_france_saint_herblain,Clément,M,,147,klemɑ̃,0.4,0.8,0.6,0.6,0.1,0.2,0.4,0.0,0.8,0.6,0.2,0.4,0.2,0.2,0.2,0.4,0.0,0.7,0.0,5.0,0.4,7,False,False,False,False,1,0.0
official_france_saint_herblain,Emma,F,,367,ɑma,0.6666666666666666,1.0,0.3333333333333333,0.6666666666666666,0.1666666666666666,0.0,0.3333333333333333,0.0,1.0,0.6666666666666666,0.0,0.5,0.3333333333333333,0.0,0.6666666666666666,0.6666666666666666,0.0,0.8333333333333334,0.0,3.0,0.6666666666666666,4,False,False,False,False,0,0.0
official_france_saint_herblain,Enzo,M,,292,ɑ̃zo,0.6666666666666666,0.6666666666666666,0.3333333333333333,1.0,0.1666666666666666,0.0,0.3333333333333333,0.3333333333333333,1.0,0.6666666666666666,0.3333333333333333,0.3333333333333333,0.0,0.0,0.3333333333333333,0.6666666666666666,0.3333333333333333,0.8333333333333334,0.0,3.0,0.6666666666666666,4,False,False,False,False,1,0.0
official_france_saint_herblain,Hugo,M,,198,yɡo,0.6666666666666666,0.6666666666666666,0.3333333333333333,0.6666666666666666,0.0,0.0,0.0,0.0,1.0,0.3333333333333333,0.0,0.5,0.3333333333333333,0.6666666666666666,0.0,0.6666666666666666,0.6666666666666666,0.8333333333333334,0.0,3.0,0.6666666666666666,4,False,False,False,False,1,0.0
official_france_saint_herblain,Jade,F,,45,ʒad,0.3333333333333333,0.3333333333333333,0.6666666666666666,0.6666666666666666,0.0,0.0,0.0,0.3333333333333333,1.0,0.5,0.6666666666666666,0.5,0.0,0.0,0.3333333333333333,0.3333333333333333,0.0,0.6666666666666666,0.0,3.0,0.3333333333333333,4,False,False,False,False,0,0.0
official_france_saint_herblain,Jules,M,,46,ʒyl,0.3333333333333333,0.6666666666666666,0.6666666666666666,1.0,0.0,0.3333333333333333,0.0,0.3333333333333333,1.0,0.5,0.6666666666666666,0.5,0.3333333333333333,0.3333333333333333,0.0,0.0,0.3333333333333333,0.6666666666666666,0.0,3.0,0.3333333333333333,5,False,False,False,False,1,0.0
official_france_saint_herblain,Louis,M,,94,lwis,0.25,0.75,0.5,1.0,0.0,0.25,0.0,0.25,0.75,0.625,0.5,0.25,0.25,0.5,0.0,0.25,0.25,0.625,0.0,4.0,0.25,5,False,False,False,False,1,0.0
official_france_saint_herblain,Louise,F,,90,lwiz,0.25,0.75,0.5,1.0,0.0,0.25,0.0,0.25,1.0,0.625,0.5,0.25,0.25,0.5,0.0,0.25,0.25,0.625,0.0,4.0,0.25,6,False,False,False,False,0,0.0
official_france_saint_herblain,Lucas,M,,158,lyka,0.5,0.75,0.5,0.75,0.0,0.25,0.0,0.0,0.75,0.5,0.25,0.375,0.25,0.5,0.25,0.5,0.25,0.75,0.0,4.0,0.5,5,False,False,False,False,1,0.0
official_france_saint_herblain,Léa,F,,211,lea,0.6666666666666666,1.0,0.3333333333333333,1.0,0.0,0.3333333333333333,0.0,0.0,1.0,0.6666666666666666,0.3333333333333333,0.3333333333333333,0.0,0.0,0.3333333333333333,0.3333333333333333,0.0,0.8333333333333334,0.0,3.0,0.6666666666666666,3,False,False,False,False,0,0.0
official_france_saint_herblain,Manon,F,,300,manɔ̃,0.5,1.0,0.5,0.5,0.0,0.0,0.75,0.0,1.0,0.75,0.25,0.375,0.25,0.0,0.25,0.5,0.25,0.5,0.0,4.0,0.5,5,False,False,False,False,0,0.0
official_france_saint_herblain,Mathis,M,,92,mati,0.5,0.75,0.5,0.5,0.0,0.0,0.25,0.0,0.75,0.75,0.25,0.375,0.25,0.25,0.25,0.25,0.0,0.75,0.0,4.0,0.5,6,False,False,False,False,1,0.0
official_france_saint_herblain,Maxime,M,,47,maɡzim,0.3333333333333333,0.6666666666666666,0.6666666666666666,0.5,0.0,0.0,0.3333333333333333,0.1666666666666666,1.0,0.6666666666666666,0.1666666666666666,0.4166666666666667,0.3333333333333333,0.3333333333333333,0.1666666666666666,0.3333333333333333,0.0,0.6666666666666666,0.0,6.0,0.3333333333333333,6,False,False,False,False,1,0.0
official_france_saint_herblain,Nathan,M,,159,natɑ̃,0.5,0.75,0.5,0.5,0.125,0.0,0.5,0.0,0.75,0.75,0.5,0.25,0.0,0.0,0.5,0.5,0.0,0.75,0.0,4.0,0.5,6,False,False,False,False,1,0.0
official_france_saint_herblain,Thomas,M,,141,tɔma,0.5,0.75,0.5,0.5,0.0,0.0,0.25,0.0,0.75,0.75,0.25,0.375,0.25,0.0,0.25,0.5,0.25,0.5,0.0,4.0,0.5,6,False,False,False,False,1,0.0
official_france_saint_herblain,Théo,M,,46,teo,0.6666666666666666,0.6666666666666666,0.3333333333333333,0.6666666666666666,0.0,0.0,0.0,0.0,0.6666666666666666,0.6666666666666666,0.3333333333333333,0.3333333333333333,0.0,0.0,0.0,0.3333333333333333,0.3333333333333333,0.8333333333333334,0.0,3.0,0.6666666666666666,4,False,False,False,False,1,0.0
official_france_toulouse,Adam,M,,1551,adɑ̃,0.6666666666666666,0.6666666666666666,0.3333333333333333,0.6666666666666666,0.1666666666666666,0.0,0.3333333333333333,0.0,1.0,0.6666666666666666,0.3333333333333333,0.3333333333333333,0.0,0.0,0.6666666666666666,0.6666666666666666,0.0,0.8333333333333334,0.0,3.0,0.6666666666666666,4,False,False,False,False,1,0.0
official_france_toulouse,Alexandre,M,,1272,aləksɑ̃dʀ,0.375,0.625,0.625,0.75,0.125,0.125,0.125,0.125,0.75,0.5625,0.375,0.3125,0.0,0.125,0.25,0.625,0.0,0.5625,0.0,8.0,0.375,9,False,False,False,False,1,0.0
official_france_toulouse,Alice,F,,1279,aliz,0.5,0.75,0.5,1.0,0.0,0.25,0.0,0.25,1.0,0.75,0.5,0.25,0.0,0.25,0.25,0.25,0.0,0.75,0.0,4.0,0.5,5,False,False,False,False,0,0.0
official_france_toulouse,Ambre,F,,920,ɑ̃bʀə,0.5,0.75,0.5,0.75,0.25,0.0,0.25,0.0,1.0,0.5,0.0,0.5,0.25,0.0,0.25,0.75,0.0,0.5,0.0,4.0,0.5,5,False,False,False,False,0,0.0
official_france_toulouse,Anaïs,F,,1063,anai,0.75,1.0,0.25,0.75,0.0,0.0,0.25,0.0,1.0,0.625,0.25,0.375,0.0,0.25,0.5,0.5,0.0,0.875,0.0,4.0,0.75,5,False,False,False,False,0,0.0
official_france_toulouse,Anna,F,,1082,ɑna,0.6666666666666666,1.0,0.3333333333333333,0.6666666666666666,0.1666666666666666,0.0,0.3333333333333333,0.0,1.0,0.6666666666666666,0.3333333333333333,0.3333333333333333,0.0,0.0,0.6666666666666666,0.6666666666666666,0.0,0.8333333333333334,0.0,3.0,0.6666666666666666,4,False,False,False,False,0,0.0
official_france_toulouse,Antoine,M,,1350,ɑ̃twan,0.4,0.8,0.4,0.6,0.1,0.0,0.4,0.0,0.8,0.6,0.4,0.3,0.2,0.2,0.4,0.6,0.2,0.7,0.0,5.0,0.4,7,False,False,False,False,1,0.0
official_france_toulouse,Arthur,M,,1738,aʀtyʀ,0.4,0.8,0.6,0.8,0.2,0.0,0.0,0.0,0.8,0.4,0.2,0.4,0.2,0.2,0.2,0.6,0.2,0.7,0.0,5.0,0.4,6,False,False,False,False,1,0.0
official_france_toulouse,Axel,M,,1077,aɡzəl,0.4,0.6,0.6,0.8,0.0,0.2,0.0,0.2,1.0,0.6,0.4,0.3,0.0,0.2,0.2,0.6,0.0,0.5,0.0,5.0,0.4,4,False,False,False,False,1,0.0
official_france_toulouse,Baptiste,M,,1231,baptist,0.2857142857142857,0.2857142857142857,0.7142857142857143,0.4285714285714285,0.0,0.0,0.0,0.1428571428571428,0.4285714285714285,0.8571428571428571,0.4285714285714285,0.2857142857142857,0.2857142857142857,0.1428571428571428,0.1428571428571428,0.1428571428571428,0.0,0.6428571428571429,0.0,7.0,0.2857142857142857,8,False,False,False,False,1,0.0
official_france_toulouse,Camille,F,,1563,kamij,0.4,0.8,0.4,0.6,0.0,0.0,0.2,0.0,0.8,0.4,0.0,0.5,0.2,0.6,0.2,0.4,0.0,0.7,0.0,5.0,0.4,7,False,False,False,False,0,0.0
official_france_toulouse,Charlotte,F,,978,ʃaʀlɔt,0.3333333333333333,0.6666666666666666,0.6666666666666666,0.8333333333333334,0.0833333333333333,0.1666666666666666,0.0,0.1666666666666666,0.6666666666666666,0.5,0.5,0.4166666666666667,0.0,0.0,0.1666666666666666,0.5,0.1666666666666666,0.5,0.0,6.0,0.3333333333333333,9,False,False,False,False,0,0.0
official_france_toulouse,Chloé,F,,1827,ʃlœ́,0.3333333333333333,0.6666666666666666,0.6666666666666666,1.0,0.0,0.3333333333333333,0.0,0.3333333333333333,0.6666666666666666,0.5,0.6666666666666666,0.5,0.0,0.0,0.0,0.0,0.3333333333333333,0.3333333333333333,0.0,3.0,0.3333333333333333,5,False,False,False,False,0,0.0
official_france_toulouse,Clara,F,,1298,klaʀa,0.4,0.8,0.6,0.8,0.1,0.2,0.0,0.0,0.8,0.4,0.2,0.4,0.0,0.2,0.4,0.8,0.0,0.7,0.0,5.0,0.4,5,False,False,False,False,0,0.0
official_france_toulouse,Clément,M,,1843,klemɑ̃,0.4,0.8,0.6,0.6,0.1,0.2,0.4,0.0,0.8,0.6,0.2,0.4,0.2,0.2,0.2,0.4,0.0,0.7,0.0,5.0,0.4,7,False,False,False,False,1,0.0
official_france_toulouse,Emma,F,,2442,ɑma,0.6666666666666666,1.0,0.3333333333333333,0.6666666666666666,0.1666666666666666,0.0,0.3333333333333333,0.0,1.0,0.6666666666666666,0.0,0.5,0.3333333333333333,0.0,0.6666666666666666,0.6666666666666666,0.0,0.8333333333333334,0.0,3.0,0.6666666666666666,4,False,False,False,False,0,0.0
official_france_toulouse,Enzo,M,,1884,ɑ̃zo,0.6666666666666666,0.6666666666666666,0.3333333333333333,1.0,0.1666666666666666,0.0,0.3333333333333333,0.3333333333333333,1.0,0.6666666666666666,0.3333333333333333,0.3333333333333333,0.0,0.0,0.3333333333333333,0.6666666666666666,0.3333333333333333,0.8333333333333334,0.0,3.0,0.6666666666666666,4,False,False,False,False,1,0.0
official_france_toulouse,Ethan,M,,1103,ətɑ̃,0.6666666666666666,0.6666666666666666,0.3333333333333333,0.6666666666666666,0.1666666666666666,0.0,0.3333333333333333,0.0,0.6666666666666666,0.6666666666666666,0.3333333333333333,0.3333333333333333,0.0,0.0,0.3333333333333333,0.6666666666666666,0.0,0.5,0.0,3.0,0.6666666666666666,5,False,False,False,False,1,0.0
official_france_toulouse,Eva,F,,1102,əva,0.6666666666666666,0.6666666666666666,0.3333333333333333,1.0,0.0,0.0,0.0,0.3333333333333333,1.0,0.6666666666666666,0.0,0.5,0.3333333333333333,0.0,0.3333333333333333,0.6666666666666666,0.0,0.5,0.0,3.0,0.6666666666666666,3,False,False,False,False,0,0.0
official_france_toulouse,Gabriel,M,,1882,ɡabʀjəl,0.2857142857142857,0.7142857142857143,0.5714285714285714,0.7142857142857143,0.0714285714285714,0.1428571428571428,0.0,0.0,1.0,0.4285714285714285,0.1428571428571428,0.4285714285714285,0.1428571428571428,0.2857142857142857,0.1428571428571428,0.5714285714285714,0.0,0.5,0.0,7.0,0.2857142857142857,7,False,False,False,False,1,0.0
official_france_toulouse,Hugo,M,,2024,yɡo,0.6666666666666666,0.6666666666666666,0.3333333333333333,0.6666666666666666,0.0,0.0,0.0,0.0,1.0,0.3333333333333333,0.0,0.5,0.3333333333333333,0.6666666666666666,0.0,0.6666666666666666,0.6666666666666666,0.8333333333333334,0.0,3.0,0.6666666666666666,4,False,False,False,False,1,0.0
official_france_toulouse,Inès,F,,1401,inə̀,0.6666666666666666,1.0,0.3333333333333333,0.6666666666666666,0.0,0.0,0.3333333333333333,0.0,1.0,0.6666666666666666,0.3333333333333333,0.3333333333333333,0.0,0.3333333333333333,0.0,0.3333333333333333,0.0,0.5,0.0,3.0,0.6666666666666666,4,False,False,False,False,0,0.0
official_france_toulouse,Jade,F,,1665,ʒad,0.3333333333333333,0.3333333333333333,0.6666666666666666,0.6666666666666666,0.0,0.0,0.0,0.3333333333333333,1.0,0.5,0.6666666666666666,0.5,0.0,0.0,0.3333333333333333,0.3333333333333333,0.0,0.6666666666666666,0.0,3.0,0.3333333333333333,4,False,False,False,False,0,0.0
official_france_toulouse,Jeanne,F,,881,ʒəɑn,0.5,0.75,0.5,0.75,0.125,0.0,0.25,0.25,1.0,0.5,0.5,0.5,0.0,0.0,0.25,0.5,0.0,0.5,0.0,4.0,0.5,6,False,False,False,False,0,0.0
official_france_toulouse,Jules,M,,1823,ʒyl,0.3333333333333333,0.6666666666666666,0.6666666666666666,1.0,0.0,0.3333333333333333,0.0,0.3333333333333333,1.0,0.5,0.6666666666666666,0.5,0.3333333333333333,0.3333333333333333,0.0,0.0,0.3333333333333333,0.6666666666666666,0.0,3.0,0.3333333333333333,5,False,False,False,False,1,0.0
official_france_toulouse,Julie,F,,854,ʒyli,0.5,0.75,0.5,1.0,0.0,0.25,0.0,0.25,1.0,0.5,0.5,0.5,0.25,0.5,0.0,0.0,0.25,0.75,0.0,4.0,0.5,5,False,False,False,False,0,0.0
official_france_toulouse,Juliette,F,,1216,ʒyljɛt,0.3333333333333333,0.6666666666666666,0.5,0.8333333333333334,0.0,0.1666666666666666,0.0,0.1666666666666666,0.8333333333333334,0.5,0.5,0.4166666666666667,0.1666666666666666,0.3333333333333333,0.0,0.0,0.1666666666666666,0.5,0.0,6.0,0.3333333333333333,8,False,False,False,False,0,0.0
official_france_toulouse,Lina,F,,1138,lina,0.5,1.0,0.5,0.75,0.0,0.25,0.25,0.0,1.0,0.75,0.5,0.25,0.0,0.25,0.25,0.25,0.0,0.75,0.0,4.0,0.5,4,False,False,False,False,0,0.0
official_france_toulouse,Lisa,F,,1014,liza,0.5,0.75,0.5,1.0,0.0,0.25,0.0,0.25,1.0,0.75,0.5,0.25,0.0,0.25,0.25,0.25,0.0,0.75,0.0,4.0,0.5,4,False,False,False,False,0,0.0
official_france_toulouse,Lola,F,,1216,lɔla,0.5,1.0,0.5,1.0,0.0,0.5,0.0,0.0,1.0,0.75,0.5,0.25,0.0,0.0,0.25,0.5,0.25,0.5,0.0,4.0,0.5,4,False,False,False,False,0,0.0
official_france_toulouse,Lou,F,,965,lu,0.5,1.0,0.5,1.0,0.0,0.5,0.0,0.0,1.0,0.75,0.5,0.25,0.5,0.5,0.0,0.5,0.5,0.75,0.0,2.0,0.5,3,False,False,False,False,0,0.0
official_france_toulouse,Louis,M,,2042,lwis,0.25,0.75,0.5,1.0,0.0,0.25,0.0,0.25,0.75,0.625,0.5,0.25,0.25,0.5,0.0,0.25,0.25,0.625,0.0,4.0,0.25,5,False,False,False,False,1,0.0
official_france_toulouse,Louise,F,,1638,lwiz,0.25,0.75,0.5,1.0,0.0,0.25,0.0,0.25,1.0,0.625,0.5,0.25,0.25,0.5,0.0,0.25,0.25,0.625,0.0,4.0,0.25,6,False,False,False,False,0,0.0
official_france_toulouse,Lucas,M,,2519,lyka,0.5,0.75,0.5,0.75,0.0,0.25,0.0,0.0,0.75,0.5,0.25,0.375,0.25,0.5,0.25,0.5,0.25,0.75,0.0,4.0,0.5,5,False,False,False,False,1,0.0
official_france_toulouse,Lucie,F,,1278,lyzi,0.5,0.75,0.5,1.0,0.0,0.25,0.0,0.25,1.0,0.75,0.5,0.25,0.25,0.5,0.0,0.0,0.25,0.75,0.0,4.0,0.5,5,False,False,False,False,0,0.0
official_france_toulouse,Léa,F,,1974,lea,0.6666666666666666,1.0,0.3333333333333333,1.0,0.0,0.3333333333333333,0.0,0.0,1.0,0.6666666666666666,0.3333333333333333,0.3333333333333333,0.0,0.0,0.3333333333333333,0.3333333333333333,0.0,0.8333333333333334,0.0,3.0,0.6666666666666666,3,False,False,False,False,0,0.0
official_france_toulouse,Léna,F,,1040,lena,0.5,1.0,0.5,0.75,0.0,0.25,0.25,0.0,1.0,0.75,0.5,0.25,0.0,0.0,0.25,0.25,0.0,0.75,0.0,4.0,0.5,4,False,False,False,False,0,0.0
official_france_toulouse,Léo,M,,1856,leo,0.6666666666666666,1.0,0.3333333333333333,1.0,0.0,0.3333333333333333,0.0,0.0,1.0,0.6666666666666666,0.3333333333333333,0.3333333333333333,0.0,0.0,0.0,0.3333333333333333,0.3333333333333333,0.8333333333333334,0.0,3.0,0.6666666666666666,3,False,False,False,False,1,0.0
official_france_toulouse,Manon,F,,1891,manɔ̃,0.5,1.0,0.5,0.5,0.0,0.0,0.75,0.0,1.0,0.75,0.25,0.375,0.25,0.0,0.25,0.5,0.25,0.5,0.0,4.0,0.5,5,False,False,False,False,0,0.0
official_france_toulouse,Marie,F,,921,maʀi,0.5,1.0,0.5,0.75,0.125,0.0,0.25,0.0,1.0,0.5,0.0,0.5,0.25,0.25,0.25,0.5,0.0,0.75,0.0,4.0,0.5,5,False,False,False,False,0,0.0
official_france_toulouse,Mathilde,F,,1054,matild,0.3333333333333333,0.6666666666666666,0.6666666666666666,0.5,0.0,0.1666666666666666,0.1666666666666666,0.0,0.8333333333333334,0.8333333333333334,0.5,0.25,0.1666666666666666,0.1666666666666666,0.1666666666666666,0.1666666666666666,0.0,0.6666666666666666,0.0,6.0,0.3333333333333333,8,False,False,False,False,0,0.0
official_france_toulouse,Mathis,M,,1464,mati,0.5,0.75,0.5,0.5,0.0,0.0,0.25,0.0,0.75,0.75,0.25,0.375,0.25,0.25,0.25,0.25,0.0,0.75,0.0,4.0,0.5,6,False,False,False,False,1,0.0
official_france_toulouse,Maxime,M,,1733,maɡzim,0.3333333333333333,0.6666666666666666,0.6666666666666666,0.5,0.0,0.0,0.3333333333333333,0.1666666666666666,1.0,0.6666666666666666,0.1666666666666666,0.4166666666666667,0.3333333333333333,0.3333333333333333,0.1666666666666666,0.3333333333333333,0.0,0.6666666666666666,0.0,6.0,0.3333333333333333,6,False,False,False,False,1,0.0
official_france_toulouse,Maël,M,,1136,mäl,0.3333333333333333,1.0,0.6666666666666666,0.6666666666666666,0.0,0.3333333333333333,0.3333333333333333,0.0,1.0,0.8333333333333334,0.3333333333333333,0.3333333333333333,0.3333333333333333,0.0,0.3333333333333333,0.3333333333333333,0.0,0.6666666666666666,0.0,3.0,0.3333333333333333,4,False,False,False,False,1,0.0
official_france_toulouse,Mohamed,M,,1266,mɔamɛ,0.6,1.0,0.4,0.6,0.0,0.0,0.4,0.0,1.0,0.7,0.0,0.5,0.4,0.0,0.2,0.4,0.2,0.4,0.0,5.0,0.6,7,False,False,False,False,1,0.0
official_france_toulouse,Nathan,M,,1694,natɑ̃,0.5,0.75,0.5,0.5,0.125,0.0,0.5,0.0,0.75,0.75,0.5,0.25,0.0,0.0,0.5,0.5,0.0,0.75,0.0,4.0,0.5,6,False,False,False,False,1,0.0
official_france_toulouse,Nina,F,,831,nina,0.5,1.0,0.5,0.5,0.0,0.0,0.5,0.0,1.0,0.75,0.5,0.25,0.0,0.25,0.25,0.25,0.0,0.75,0.0,4.0,0.5,4,False,False,False,False,0,0.0
official_france_toulouse,Noah,M,,1135,nɔa,0.6666666666666666,1.0,0.3333333333333333,0.6666666666666666,0.0,0.0,0.3333333333333333,0.0,1.0,0.6666666666666666,0.3333333333333333,0.3333333333333333,0.0,0.0,0.3333333333333333,0.6666666666666666,0.3333333333333333,0.5,0.0,3.0,0.6666666666666666,4,False,False,False,False,1,0.0
official_france_toulouse,Paul,M,,1850,pol,0.3333333333333333,0.6666666666666666,0.6666666666666666,0.6666666666666666,0.0,0.3333333333333333,0.0,0.0,0.6666666666666666,0.8333333333333334,0.3333333333333333,0.3333333333333333,0.3333333333333333,0.0,0.0,0.3333333333333333,0.3333333333333333,0.6666666666666666,0.0,3.0,0.3333333333333333,4,False,False,False,False,1,0.0
official_france_toulouse,Quentin,M,,994,kɑ̃tɛ̃,0.5,0.5,0.5,0.5,0.125,0.0,0.5,0.0,0.5,0.5,0.25,0.375,0.0,0.25,0.25,0.5,0.0,0.5,0.0,4.0,0.5,7,False,False,False,False,1,0.0
official_france_toulouse,Raphaël,M,,1839,ʀafäl,0.4,0.8,0.6,1.0,0.1,0.2,0.0,0.2,0.8,0.6,0.2,0.4,0.2,0.0,0.4,0.6,0.0,0.7,0.0,5.0,0.4,7,False,False,False,False,1,0.0
official_france_toulouse,Romane,F,,997,ʀɔman,0.4,1.0,0.6,0.6,0.1,0.0,0.4,0.0,1.0,0.6,0.2,0.4,0.2,0.0,0.2,0.6,0.2,0.5,0.0,5.0,0.4,6,False,False,False,False,0,0.0
official_france_toulouse,Sarah,F,,1476,saʀa,0.5,0.75,0.5,1.0,0.125,0.0,0.0,0.25,0.75,0.5,0.25,0.375,0.0,0.0,0.5,0.75,0.0,0.75,0.0,4.0,0.5,5,False,False,False,False,0,0.0
official_france_toulouse,Thomas,M,,1923,tɔma,0.5,0.75,0.5,0.5,0.0,0.0,0.25,0.0,0.75,0.75,0.25,0.375,0.25,0.0,0.25,0.5,0.25,0.5,0.0,4.0,0.5,6,False,False,False,False,1,0.0
official_france_toulouse,Théo,M,,1683,teo,0.6666666666666666,0.6666666666666666,0.3333333333333333,0.6666666666666666,0.0,0.0,0.0,0.0,0.6666666666666666,0.6666666666666666,0.3333333333333333,0.3333333333333333,0.0,0.0,0.0,0.3333333333333333,0.3333333333333333,0.8333333333333334,0.0,3.0,0.6666666666666666,4,False,False,False,False,1,0.0
official_france_toulouse,Tom,M,,1398,tɔ̃,0.5,0.5,0.5,0.5,0.0,0.0,0.5,0.0,0.5,0.75,0.5,0.25,0.0,0.0,0.0,0.5,0.5,0.25,0.0,2.0,0.5,3,False,False,False,False,1,0.0
official_france_toulouse,Valentin,M,,1093,valɑ̃tɛ̃,0.5,0.6666666666666666,0.5,0.8333333333333334,0.0833333333333333,0.1666666666666666,0.3333333333333333,0.1666666666666666,0.8333333333333334,0.75,0.3333333333333333,0.3333333333333333,0.1666666666666666,0.0,0.3333333333333333,0.3333333333333333,0.0,0.5833333333333334,0.0,6.0,0.5,8,False,False,False,False,1,0.0
official_france_toulouse,Victor,M,,1037,viktɔʀ,0.3333333333333333,0.5,0.6666666666666666,0.6666666666666666,0.0833333333333333,0.0,0.0,0.1666666666666666,0.6666666666666666,0.5,0.1666666666666666,0.4166666666666667,0.1666666666666666,0.3333333333333333,0.0,0.5,0.1666666666666666,0.5,0.0,6.0,0.3333333333333333,6,False,False,False,False,1,0.0
official_france_toulouse,Yanis,M,,1237,iani,0.75,1.0,0.25,0.75,0.0,0.0,0.25,0.0,1.0,0.625,0.25,0.375,0.0,0.5,0.25,0.25,0.0,0.875,0.0,4.0,0.75,5,False,False,False,False,1,0.0
official_france_toulouse,Zoé,F,,1052,zœ́,0.5,0.5,0.5,1.0,0.0,0.0,0.0,0.5,1.0,0.75,0.5,0.25,0.0,0.0,0.0,0.0,0.5,0.25,0.0,2.0,0.5,3,False,False,False,False,0,0.0
official_french_polynesia_pirae_polynesian_names,Anavai,F,,28,anaʋai,0.6666666666666666,1.0,0.1666666666666666,0.8333333333333334,0.0833333333333333,0.0,0.1666666666666666,0.0,1.0,0.6666666666666666,0.1666666666666666,0.4166666666666667,0.1666666666666666,0.25,0.5833333333333334,0.5,0.0,0.8333333333333334,0.0,6.0,0.6666666666666666,6,False,False,False,False,0,0.0
official_french_polynesia_pirae_polynesian_names,Apetahi,F,,5,apetahi,0.5714285714285714,0.7142857142857143,0.4285714285714285,0.7142857142857143,0.0,0.0,0.0,0.0,0.5714285714285714,0.5714285714285714,0.1428571428571428,0.4285714285714285,0.1428571428571428,0.1428571428571428,0.2857142857142857,0.4285714285714285,0.0,0.7857142857142857,0.0,7.0,0.5714285714285714,7,False,False,False,False,0,0.0
official_french_polynesia_pirae_polynesian_names,Ariimoana,M,,5,aɾiimoana,0.6666666666666666,1.0,0.3333333333333333,0.7777777777777778,0.0555555555555555,0.0,0.2222222222222222,0.0,1.0,0.6666666666666666,0.2222222222222222,0.3888888888888889,0.1111111111111111,0.2777777777777778,0.3888888888888889,0.4444444444444444,0.1111111111111111,0.8333333333333334,0.0,9.0,0.6666666666666666,9,False,False,False,False,1,0.0
official_french_polynesia_pirae_polynesian_names,Ariinui,M,,5,aɾiinui,0.7142857142857143,1.0,0.2857142857142857,0.8571428571428571,0.0714285714285714,0.0,0.1428571428571428,0.0,1.0,0.6428571428571429,0.2857142857142857,0.3571428571428571,0.1428571428571428,0.6428571428571429,0.2142857142857142,0.2857142857142857,0.1428571428571428,0.8571428571428571,0.0,7.0,0.7142857142857143,7,False,False,False,False,1,0.0
official_french_polynesia_pirae_polynesian_names,Hanihere,F,,5,haniheɾe,0.5,1.0,0.5,0.875,0.0625,0.0,0.125,0.0,0.75,0.5,0.25,0.375,0.0,0.1875,0.1875,0.375,0.0,0.75,0.0,8.0,0.5,8,False,False,False,False,0,0.0
official_french_polynesia_pirae_polynesian_names,Hanivai,F,,25,haniʋai,0.5714285714285714,1.0,0.2857142857142857,0.8571428571428571,0.0714285714285714,0.0,0.1428571428571428,0.0,0.8571428571428571,0.5714285714285714,0.1428571428571428,0.4285714285714285,0.1428571428571428,0.3571428571428571,0.3571428571428571,0.4285714285714285,0.0,0.7857142857142857,0.0,7.0,0.5714285714285714,7,False,False,False,False,0,0.0
official_french_polynesia_pirae_polynesian_names,Heiani,F,,5,heiani,0.6666666666666666,1.0,0.3333333333333333,0.8333333333333334,0.0,0.0,0.1666666666666666,0.0,0.8333333333333334,0.5,0.1666666666666666,0.4166666666666667,0.0,0.3333333333333333,0.1666666666666666,0.3333333333333333,0.0,0.8333333333333334,0.0,6.0,0.6666666666666666,6,False,False,False,False,0,0.0
official_french_polynesia_pirae_polynesian_names,Herearii,M,,17,heɾeaɾii,0.625,1.0,0.375,1.0,0.125,0.0,0.0,0.0,0.875,0.5625,0.25,0.375,0.0,0.375,0.25,0.25,0.0,0.8125,0.0,8.0,0.625,8,False,False,False,False,1,0.0
official_french_polynesia_pirae_polynesian_names,Hereiti,F,,15,heɾeiti,0.5714285714285714,0.8571428571428571,0.4285714285714285,0.8571428571428571,0.0714285714285714,0.0,0.0,0.0,0.7142857142857143,0.5714285714285714,0.2857142857142857,0.3571428571428571,0.0,0.3571428571428571,0.0714285714285714,0.1428571428571428,0.0,0.7857142857142857,0.0,7.0,0.5714285714285714,7,False,False,False,False,0,0.0
official_french_polynesia_pirae_polynesian_names,Heremoana,M,,6,heɾemoana,0.5555555555555556,1.0,0.4444444444444444,0.7777777777777778,0.0555555555555555,0.0,0.2222222222222222,0.0,0.8888888888888888,0.6111111111111112,0.2222222222222222,0.3888888888888889,0.1111111111111111,0.0555555555555555,0.2777777777777778,0.4444444444444444,0.1111111111111111,0.7777777777777778,0.0,9.0,0.5555555555555556,9,False,False,False,False,1,0.0
official_french_polynesia_pirae_polynesian_names,Hinavai,F,,12,hinaʋai,0.5714285714285714,1.0,0.2857142857142857,0.8571428571428571,0.0714285714285714,0.0,0.1428571428571428,0.0,0.8571428571428571,0.5714285714285714,0.1428571428571428,0.4285714285714285,0.1428571428571428,0.3571428571428571,0.3571428571428571,0.4285714285714285,0.0,0.7857142857142857,0.0,7.0,0.5714285714285714,7,False,False,False,False,0,0.0
official_french_polynesia_pirae_polynesian_names,Hitinui,M,,5,hitinui,0.5714285714285714,0.8571428571428571,0.4285714285714285,0.7142857142857143,0.0,0.0,0.1428571428571428,0.0,0.7142857142857143,0.5714285714285714,0.2857142857142857,0.3571428571428571,0.1428571428571428,0.5714285714285714,0.0,0.2857142857142857,0.1428571428571428,0.7857142857142857,0.0,7.0,0.5714285714285714,7,False,False,False,False,1,0.0
official_french_polynesia_pirae_polynesian_names,Keahi,M,,6,keahi,0.6,0.8,0.4,0.8,0.0,0.0,0.0,0.0,0.6,0.3,0.0,0.5,0.0,0.4,0.2,0.6,0.0,0.8,0.0,5.0,0.6,5,False,False,False,False,1,0.0
official_french_polynesia_pirae_polynesian_names,Keanu,M,,14,keanu,0.6,0.8,0.4,0.6,0.0,0.0,0.2,0.0,0.8,0.5,0.2,0.4,0.2,0.4,0.2,0.6,0.2,0.8,0.0,5.0,0.6,5,False,False,False,False,1,0.0
official_french_polynesia_pirae_polynesian_names,Keanui,M,,27,keanui,0.6666666666666666,0.8333333333333334,0.3333333333333333,0.6666666666666666,0.0,0.0,0.1666666666666666,0.0,0.8333333333333334,0.5,0.1666666666666666,0.4166666666666667,0.1666666666666666,0.5,0.1666666666666666,0.5,0.1666666666666666,0.8333333333333334,0.0,6.0,0.6666666666666666,6,False,False,False,False,1,0.0
official_french_polynesia_pirae_polynesian_names,Lanihei,F,,6,lanihei,0.5714285714285714,1.0,0.4285714285714285,0.8571428571428571,0.0,0.1428571428571428,0.1428571428571428,0.0,0.8571428571428571,0.5714285714285714,0.2857142857142857,0.3571428571428571,0.0,0.2857142857142857,0.1428571428571428,0.2857142857142857,0.0,0.7857142857142857,0.0,7.0,0.5714285714285714,7,False,False,False,False,0,0.0
official_french_polynesia_pirae_polynesian_names,Manahere,M,,11,manaheɾe,0.5,1.0,0.5,0.75,0.0625,0.0,0.25,0.0,0.875,0.625,0.25,0.375,0.125,0.0625,0.3125,0.375,0.0,0.75,0.0,8.0,0.5,8,False,False,False,False,1,0.0
official_french_polynesia_pirae_polynesian_names,Manatea,M,,20,manatea,0.5714285714285714,0.8571428571428571,0.4285714285714285,0.5714285714285714,0.0,0.0,0.2857142857142857,0.0,0.8571428571428571,0.7142857142857143,0.2857142857142857,0.3571428571428571,0.1428571428571428,0.0,0.4285714285714285,0.4285714285714285,0.0,0.7857142857142857,0.0,7.0,0.5714285714285714,7,False,False,False,False,1,0.0
official_french_polynesia_pirae_polynesian_names,Manavai,F,,19,manaʋai,0.5714285714285714,1.0,0.2857142857142857,0.7142857142857143,0.0714285714285714,0.0,0.2857142857142857,0.0,1.0,0.7142857142857143,0.1428571428571428,0.4285714285714285,0.2857142857142857,0.2142857142857142,0.5,0.4285714285714285,0.0,0.7857142857142857,0.0,7.0,0.5714285714285714,7,False,False,False,False,0,0.0
official_french_polynesia_pirae_polynesian_names,Manutea,M,,10,manutea,0.5714285714285714,0.8571428571428571,0.4285714285714285,0.5714285714285714,0.0,0.0,0.2857142857142857,0.0,0.8571428571428571,0.7142857142857143,0.2857142857142857,0.3571428571428571,0.2857142857142857,0.1428571428571428,0.2857142857142857,0.4285714285714285,0.1428571428571428,0.7857142857142857,0.0,7.0,0.5714285714285714,7,False,False,False,False,1,0.0
official_french_polynesia_pirae_polynesian_names,Mihiau,F,,5,mihiau,0.6666666666666666,1.0,0.3333333333333333,0.8333333333333334,0.0,0.0,0.1666666666666666,0.0,0.8333333333333334,0.5,0.0,0.5,0.3333333333333333,0.5,0.1666666666666666,0.5,0.1666666666666666,0.8333333333333334,0.0,6.0,0.6666666666666666,6,False,False,False,False,0,0.0
official_french_polynesia_pirae_polynesian_names,Mihivai,F,,5,mihiʋai,0.5714285714285714,1.0,0.2857142857142857,0.8571428571428571,0.0714285714285714,0.0,0.1428571428571428,0.0,0.8571428571428571,0.5714285714285714,0.0,0.5,0.2857142857142857,0.5,0.2142857142857142,0.2857142857142857,0.0,0.7857142857142857,0.0,7.0,0.5714285714285714,7,False,False,False,False,0,0.0
official_french_polynesia_pirae_polynesian_names,Moevai,F,,5,moeʋai,0.6666666666666666,1.0,0.1666666666666666,0.8333333333333334,0.0833333333333333,0.0,0.1666666666666666,0.0,1.0,0.6666666666666666,0.0,0.5,0.3333333333333333,0.25,0.25,0.3333333333333333,0.1666666666666666,0.8333333333333334,0.0,6.0,0.6666666666666666,6,False,False,False,False,0,0.0
official_french_polynesia_pirae_polynesian_names,Nohoarii,M,,5,nohoaɾii,0.625,1.0,0.375,0.875,0.0625,0.0,0.125,0.0,0.875,0.5625,0.25,0.375,0.0,0.3125,0.1875,0.5,0.25,0.8125,0.0,8.0,0.625,8,False,False,False,False,1,0.0
official_french_polynesia_pirae_polynesian_names,Ohana,F,,34,ohana,0.6,1.0,0.4,0.8,0.0,0.0,0.2,0.0,0.8,0.5,0.2,0.4,0.0,0.0,0.4,0.8,0.2,0.8,0.0,5.0,0.6,5,False,False,False,False,0,0.0
official_french_polynesia_pirae_polynesian_names,Raihau,M,,6,ɾaihau,0.6666666666666666,1.0,0.3333333333333333,1.0,0.0833333333333333,0.0,0.0,0.0,0.8333333333333334,0.5,0.1666666666666666,0.4166666666666667,0.1666666666666666,0.4166666666666667,0.4166666666666667,0.6666666666666666,0.1666666666666666,0.8333333333333334,0.0,6.0,0.6666666666666666,6,False,False,False,False,1,0.0
official_french_polynesia_pirae_polynesian_names,Raimoana,M,,5,ɾaimoana,0.625,1.0,0.375,0.75,0.0625,0.0,0.25,0.0,1.0,0.6875,0.25,0.375,0.125,0.1875,0.4375,0.5,0.125,0.8125,0.0,8.0,0.625,8,False,False,False,False,1,0.0
official_french_polynesia_pirae_polynesian_names,Ranitea,F,,6,ɾanitea,0.5714285714285714,0.8571428571428571,0.4285714285714285,0.7142857142857143,0.0714285714285714,0.0,0.1428571428571428,0.0,0.8571428571428571,0.7142857142857143,0.4285714285714285,0.2857142857142857,0.0,0.2142857142857142,0.3571428571428571,0.2857142857142857,0.0,0.7857142857142857,0.0,7.0,0.5714285714285714,7,False,False,False,False,0,0.0
official_french_polynesia_pirae_polynesian_names,Tainui,M,,5,tainui,0.6666666666666666,0.8333333333333334,0.3333333333333333,0.6666666666666666,0.0,0.0,0.1666666666666666,0.0,0.8333333333333334,0.6666666666666666,0.3333333333333333,0.3333333333333333,0.1666666666666666,0.5,0.1666666666666666,0.3333333333333333,0.1666666666666666,0.8333333333333334,0.0,6.0,0.6666666666666666,6,False,False,False,False,1,0.0
official_french_polynesia_pirae_polynesian_names,Tamatoa,M,,6,tamatoa,0.5714285714285714,0.7142857142857143,0.4285714285714285,0.5714285714285714,0.0,0.0,0.1428571428571428,0.0,0.7142857142857143,0.7142857142857143,0.2857142857142857,0.3571428571428571,0.1428571428571428,0.0,0.4285714285714285,0.5714285714285714,0.1428571428571428,0.7857142857142857,0.0,7.0,0.5714285714285714,7,False,False,False,False,1,0.0
official_french_polynesia_pirae_polynesian_names,Teheiarii,M,,5,teheiaɾii,0.6666666666666666,0.8888888888888888,0.3333333333333333,0.8888888888888888,0.0555555555555555,0.0,0.0,0.0,0.7777777777777778,0.5555555555555556,0.2222222222222222,0.3888888888888889,0.0,0.3888888888888889,0.1666666666666666,0.2222222222222222,0.0,0.8333333333333334,0.0,9.0,0.6666666666666666,9,False,False,False,False,1,0.0
official_french_polynesia_pirae_polynesian_names,Teiva,M,,5,teiʋa,0.6,0.8,0.2,0.8,0.1,0.0,0.0,0.0,0.8,0.7,0.2,0.4,0.2,0.3,0.3,0.2,0.0,0.8,0.0,5.0,0.6,5,False,False,False,False,1,0.0
official_french_polynesia_pirae_polynesian_names,Temehani,F,,5,temehani,0.5,0.875,0.5,0.625,0.0,0.0,0.25,0.0,0.75,0.625,0.25,0.375,0.125,0.125,0.125,0.25,0.0,0.75,0.0,8.0,0.5,8,False,False,False,False,0,0.0
official_french_polynesia_pirae_polynesian_names,Tevaiarii,M,,12,teʋaiaɾii,0.6666666666666666,0.8888888888888888,0.2222222222222222,0.8888888888888888,0.1111111111111111,0.0,0.0,0.0,0.8888888888888888,0.6666666666666666,0.2222222222222222,0.3888888888888889,0.1111111111111111,0.4444444444444444,0.3333333333333333,0.2222222222222222,0.0,0.8333333333333334,0.0,9.0,0.6666666666666666,9,False,False,False,False,1,0.0
official_french_polynesia_pirae_polynesian_names,Vaihei,F,,8,ʋaihei,0.6666666666666666,1.0,0.1666666666666666,1.0,0.0833333333333333,0.0,0.0,0.0,0.8333333333333334,0.5,0.0,0.5,0.1666666666666666,0.4166666666666667,0.25,0.3333333333333333,0.0,0.8333333333333334,0.0,6.0,0.6666666666666666,6,False,False,False,False,0,0.0
official_georgia,ალექსანდრე,M,,46898,alekʰsandre,0.4,0.7,0.6,0.7,0.05,0.1,0.1,0.1,0.8,0.7,0.5,0.25,0.0,0.15,0.25,0.3,0.0,0.7,0.0,10.0,0.4,10,False,False,False,False,1,0.0
official_georgia,ანა,F,,49897,ana,0.6666666666666666,1.0,0.3333333333333333,0.6666666666666666,0.0,0.0,0.3333333333333333,0.0,1.0,0.6666666666666666,0.3333333333333333,0.3333333333333333,0.0,0.0,0.6666666666666666,0.6666666666666666,0.0,0.8333333333333334,0.0,3.0,0.6666666666666666,3,False,False,False,False,0,0.0
official_georgia,ანდრია,M,,22420,andria,0.5,0.8333333333333334,0.5,0.6666666666666666,0.0833333333333333,0.0,0.1666666666666666,0.0,1.0,0.75,0.5,0.25,0.0,0.25,0.4166666666666667,0.3333333333333333,0.0,0.75,0.0,6.0,0.5,6,False,False,False,False,1,0.0
official_georgia,ბარბარე,F,,23831,barbare,0.4285714285714285,0.7142857142857143,0.5714285714285714,0.7142857142857143,0.1428571428571428,0.0,0.0,0.0,1.0,0.7857142857142857,0.2857142857142857,0.3571428571428571,0.2857142857142857,0.1428571428571428,0.4285714285714285,0.2857142857142857,0.0,0.7142857142857143,0.0,7.0,0.4285714285714285,7,False,False,False,False,0,0.0
official_georgia,გელა,M,,17020,ɡela,0.5,0.75,0.5,0.75,0.0,0.25,0.0,0.0,1.0,0.5,0.25,0.375,0.0,0.25,0.25,0.5,0.0,0.75,0.0,4.0,0.5,4,False,False,False,False,1,0.0
official_georgia,გიორგი,M,,193042,ɡiorɡi,0.5,0.6666666666666666,0.5,0.6666666666666666,0.0833333333333333,0.0,0.0,0.0,1.0,0.4166666666666667,0.1666666666666666,0.4166666666666667,0.0,0.75,0.0833333333333333,0.5,0.1666666666666666,0.75,0.0,6.0,0.5,6,False,False,False,False,1,0.0
official_georgia,გოჩა,M,,21321,ɡotʃa,0.4,0.4,0.6,0.6,0.0,0.0,0.0,0.2,0.6,0.4,0.4,0.5,0.0,0.2,0.2,0.6,0.2,0.7,0.0,5.0,0.4,4,False,False,False,False,1,0.0
official_georgia,დავით,M,,68113,davitʰ,0.4,0.4,0.6,0.6,0.0,0.0,0.0,0.2,0.8,0.8,0.4,0.3,0.2,0.2,0.2,0.2,0.0,0.7,0.0,5.0,0.4,5,False,False,False,False,1,0.0
official_georgia,დავითი,M,,26060,davitʰi,0.5,0.5,0.5,0.6666666666666666,0.0,0.0,0.0,0.1666666666666666,0.8333333333333334,0.75,0.3333333333333333,0.3333333333333333,0.1666666666666666,0.3333333333333333,0.1666666666666666,0.1666666666666666,0.0,0.75,0.0,6.0,0.5,6,False,False,False,False,1,0.0
official_georgia,ეკატერინე,F,,23976,ekaterine,0.5555555555555556,0.7777777777777778,0.4444444444444444,0.6666666666666666,0.0555555555555555,0.0,0.1111111111111111,0.0,0.7777777777777778,0.6111111111111112,0.3333333333333333,0.3333333333333333,0.0,0.2777777777777778,0.1666666666666666,0.2222222222222222,0.0,0.7777777777777778,0.0,9.0,0.5555555555555556,9,False,False,False,False,0,0.0
official_georgia,ელენე,F,,39853,elene,0.6,1.0,0.4,0.8,0.0,0.2,0.2,0.0,1.0,0.7,0.4,0.3,0.0,0.0,0.0,0.0,0.0,0.8,0.0,5.0,0.6,5,False,False,False,False,0,0.0
official_georgia,ზაზა,M,,20480,zaza,0.5,0.5,0.5,1.0,0.0,0.0,0.0,0.5,1.0,0.75,0.5,0.25,0.0,0.0,0.5,0.5,0.0,0.75,0.0,4.0,0.5,4,False,False,False,False,1,0.0
official_georgia,ზურაბ,M,,28759,zurab,0.4,0.6,0.6,0.8,0.1,0.0,0.0,0.2,1.0,0.8,0.4,0.3,0.4,0.3,0.3,0.4,0.2,0.7,0.0,5.0,0.4,5,False,False,False,False,1,0.0
official_georgia,თამარ,F,,47749,tʰamar,0.4,0.8,0.6,0.6,0.1,0.0,0.2,0.0,0.8,0.8,0.4,0.3,0.2,0.1,0.5,0.4,0.0,0.7,0.0,5.0,0.4,5,False,False,False,False,0,0.0
official_georgia,თამარი,F,,28678,tʰamari,0.5,0.8333333333333334,0.5,0.6666666666666666,0.0833333333333333,0.0,0.1666666666666666,0.0,0.8333333333333334,0.75,0.3333333333333333,0.3333333333333333,0.1666666666666666,0.25,0.4166666666666667,0.3333333333333333,0.0,0.75,0.0,6.0,0.5,6,False,False,False,False,0,0.0
official_georgia,ილია,M,,19529,ilia,0.75,1.0,0.25,1.0,0.0,0.25,0.0,0.0,1.0,0.625,0.25,0.375,0.0,0.5,0.25,0.25,0.0,0.875,0.0,4.0,0.75,4,False,False,False,False,1,0.0
official_georgia,ირაკლი,M,,36010,irakli,0.5,0.8333333333333334,0.5,0.8333333333333334,0.0833333333333333,0.1666666666666666,0.0,0.0,0.8333333333333334,0.5833333333333334,0.3333333333333333,0.3333333333333333,0.0,0.5833333333333334,0.25,0.3333333333333333,0.0,0.75,0.0,6.0,0.5,6,False,False,False,False,1,0.0
official_georgia,ლალი,F,,23281,lali,0.5,1.0,0.5,1.0,0.0,0.5,0.0,0.0,1.0,0.75,0.5,0.25,0.0,0.25,0.25,0.25,0.0,0.75,0.0,4.0,0.5,4,False,False,False,False,0,0.0
official_georgia,ლაშა,M,,25509,laʃa,0.5,0.75,0.5,1.0,0.0,0.25,0.0,0.25,0.75,0.5,0.5,0.5,0.0,0.0,0.5,0.5,0.0,0.75,0.0,4.0,0.5,4,False,False,False,False,1,0.0
official_georgia,ლევან,M,,27338,levan,0.4,0.8,0.6,0.8,0.0,0.2,0.2,0.2,1.0,0.8,0.4,0.3,0.2,0.0,0.2,0.2,0.0,0.7,0.0,5.0,0.4,5,False,False,False,False,1,0.0
official_georgia,ლია,F,,23623,lia,0.6666666666666666,1.0,0.3333333333333333,1.0,0.0,0.3333333333333333,0.0,0.0,1.0,0.6666666666666666,0.3333333333333333,0.3333333333333333,0.0,0.3333333333333333,0.3333333333333333,0.3333333333333333,0.0,0.8333333333333334,0.0,3.0,0.6666666666666666,3,False,False,False,False,0,0.0
official_georgia,ლუკა,M,,46155,luka,0.5,0.75,0.5,0.75,0.0,0.25,0.0,0.0,0.75,0.5,0.25,0.375,0.25,0.5,0.25,0.75,0.25,0.75,0.0,4.0,0.5,4,False,False,False,False,1,0.0
official_georgia,მაია,F,,46873,maia,0.75,1.0,0.25,0.75,0.0,0.0,0.25,0.0,1.0,0.625,0.0,0.5,0.25,0.25,0.5,0.5,0.0,0.875,0.0,4.0,0.75,4,False,False,False,False,0,0.0
official_georgia,მამუკა,M,,21186,mamuka,0.5,0.8333333333333334,0.5,0.5,0.0,0.0,0.3333333333333333,0.0,0.8333333333333334,0.5833333333333334,0.0,0.5,0.5,0.3333333333333333,0.3333333333333333,0.6666666666666666,0.1666666666666666,0.75,0.0,6.0,0.5,6,False,False,False,False,1,0.0
official_georgia,მანანა,F,,32464,manana,0.5,1.0,0.5,0.5,0.0,0.0,0.5,0.0,1.0,0.75,0.3333333333333333,0.3333333333333333,0.1666666666666666,0.0,0.5,0.5,0.0,0.75,0.0,6.0,0.5,6,False,False,False,False,0,0.0
official_georgia,მარიამ,F,,72369,mariam,0.5,1.0,0.5,0.6666666666666666,0.0833333333333333,0.0,0.3333333333333333,0.0,1.0,0.75,0.1666666666666666,0.4166666666666667,0.3333333333333333,0.25,0.4166666666666667,0.3333333333333333,0.0,0.75,0.0,6.0,0.5,6,False,False,False,False,0,0.0
official_georgia,მარიამი,F,,48798,mariami,0.5714285714285714,1.0,0.4285714285714285,0.7142857142857143,0.0714285714285714,0.0,0.2857142857142857,0.0,1.0,0.7142857142857143,0.1428571428571428,0.4285714285714285,0.2857142857142857,0.3571428571428571,0.3571428571428571,0.2857142857142857,0.0,0.7857142857142857,0.0,7.0,0.5714285714285714,7,False,False,False,False,0,0.0
official_georgia,მარინა,F,,23794,marina,0.5,1.0,0.5,0.6666666666666666,0.0833333333333333,0.0,0.3333333333333333,0.0,1.0,0.75,0.3333333333333333,0.3333333333333333,0.1666666666666666,0.25,0.4166666666666667,0.3333333333333333,0.0,0.75,0.0,6.0,0.5,6,False,False,False,False,0,0.0
official_georgia,მარინე,F,,26487,marine,0.5,1.0,0.5,0.6666666666666666,0.0833333333333333,0.0,0.3333333333333333,0.0,1.0,0.75,0.3333333333333333,0.3333333333333333,0.1666666666666666,0.25,0.25,0.1666666666666666,0.0,0.75,0.0,6.0,0.5,6,False,False,False,False,0,0.0
official_georgia,მიხეილ,M,,18098,mixeil,0.5,0.8333333333333334,0.5,0.8333333333333334,0.0,0.1666666666666666,0.1666666666666666,0.0,0.8333333333333334,0.5833333333333334,0.1666666666666666,0.4166666666666667,0.1666666666666666,0.5,0.0,0.1666666666666666,0.0,0.75,0.0,6.0,0.5,6,False,False,False,False,1,0.0
official_georgia,ნათია,F,,38403,natʰia,0.6,0.8,0.4,0.6,0.0,0.0,0.2,0.0,0.8,0.7,0.4,0.3,0.0,0.2,0.4,0.4,0.0,0.8,0.0,5.0,0.6,5,False,False,False,False,0,0.0
official_georgia,ნანა,F,,42049,nana,0.5,1.0,0.5,0.5,0.0,0.0,0.5,0.0,1.0,0.75,0.5,0.25,0.0,0.0,0.5,0.5,0.0,0.75,0.0,4.0,0.5,4,False,False,False,False,0,0.0
official_georgia,ნიკა,M,,22964,nika,0.5,0.75,0.5,0.5,0.0,0.0,0.25,0.0,0.75,0.5,0.25,0.375,0.0,0.5,0.25,0.5,0.0,0.75,0.0,4.0,0.5,4,False,False,False,False,1,0.0
official_georgia,ნიკოლოზ,M,,40312,nikoloz,0.4285714285714285,0.7142857142857143,0.5714285714285714,0.7142857142857143,0.0,0.1428571428571428,0.1428571428571428,0.1428571428571428,0.8571428571428571,0.6428571428571429,0.4285714285714285,0.2857142857142857,0.0,0.2857142857142857,0.0,0.4285714285714285,0.2857142857142857,0.7142857142857143,0.0,7.0,0.4285714285714285,7,False,False,False,False,1,0.0
official_georgia,ნიკოლოზი,M,,18932,nikolozi,0.5,0.75,0.5,0.75,0.0,0.125,0.125,0.125,0.875,0.625,0.375,0.3125,0.0,0.375,0.0,0.375,0.25,0.75,0.0,8.0,0.5,8,False,False,False,False,1,0.0
official_georgia,ნინო,F,,115534,nino,0.5,1.0,0.5,0.5,0.0,0.0,0.5,0.0,1.0,0.75,0.5,0.25,0.0,0.25,0.0,0.25,0.25,0.75,0.0,4.0,0.5,4,False,False,False,False,0,0.0
official_georgia,საბა,M,,29891,saba,0.5,0.5,0.5,0.75,0.0,0.0,0.0,0.25,0.75,0.75,0.25,0.375,0.25,0.0,0.5,0.5,0.0,0.75,0.0,4.0,0.5,4,False,False,False,False,1,0.0
official_georgia,სალომე,F,,26766,salome,0.5,0.8333333333333334,0.5,0.8333333333333334,0.0,0.1666666666666666,0.1666666666666666,0.1666666666666666,0.8333333333333334,0.75,0.3333333333333333,0.3333333333333333,0.1666666666666666,0.0,0.1666666666666666,0.3333333333333333,0.1666666666666666,0.75,0.0,6.0,0.5,6,False,False,False,False,0,0.0
official_georgia,ქეთევან,F,,32191,kʰetʰevan,0.4285714285714285,0.5714285714285714,0.5714285714285714,0.5714285714285714,0.0,0.0,0.1428571428571428,0.1428571428571428,0.7142857142857143,0.6428571428571429,0.2857142857142857,0.3571428571428571,0.1428571428571428,0.1428571428571428,0.1428571428571428,0.2857142857142857,0.0,0.7142857142857143,0.0,7.0,0.4285714285714285,7,False,False,False,False,0,0.0
official_georgia,ხათუნა,F,,25353,xatʰuna,0.5,0.6666666666666666,0.5,0.6666666666666666,0.0,0.0,0.1666666666666666,0.0,0.6666666666666666,0.5833333333333334,0.3333333333333333,0.3333333333333333,0.1666666666666666,0.3333333333333333,0.3333333333333333,0.6666666666666666,0.1666666666666666,0.75,0.0,6.0,0.5,6,False,False,False,False,0,0.0
official_germany_aachen,Adam,M,,12,ɑdɑːm,0.5,0.75,0.5,0.5,0.25,0.0,0.25,0.0,1.0,0.75,0.25,0.375,0.25,0.0,0.5,0.5,0.0,0.75,0.25,4.0,0.5,4,False,False,False,False,1,0.0
official_germany_aachen,Adrian,M,,13,ɑːdɾiːɑːn,0.5,0.8333333333333334,0.5,0.6666666666666666,0.25,0.0,0.1666666666666666,0.0,1.0,0.75,0.5,0.25,0.0,0.25,0.4166666666666667,0.3333333333333333,0.0,0.75,0.5,6.0,0.5,6,False,False,False,False,1,0.0
official_germany_aachen,Amelie,F,,9,ɑməliː,0.6,1.0,0.4,0.8,0.1,0.2,0.2,0.0,1.0,0.7,0.2,0.4,0.2,0.2,0.2,0.4,0.0,0.6,0.2,5.0,0.6,6,False,False,False,False,0,0.0
official_germany_aachen,Anton,M,,13,antoːn,0.4,0.8,0.6,0.4,0.0,0.0,0.4,0.0,0.8,0.8,0.6,0.2,0.0,0.0,0.2,0.4,0.2,0.7,0.2,5.0,0.4,5,False,False,False,False,1,0.0
official_germany_aachen,Ayla,F,,8,aɪlɑː,0.75,1.0,0.25,1.0,0.125,0.25,0.0,0.0,1.0,0.625,0.25,0.375,0.0,0.25,0.5,0.5,0.0,0.625,0.25,4.0,0.75,4,False,False,False,False,0,0.0
official_germany_aachen,Ben,M,,12,beːn,0.3333333333333333,0.6666666666666666,0.6666666666666666,0.3333333333333333,0.0,0.0,0.3333333333333333,0.0,1.0,0.8333333333333334,0.3333333333333333,0.3333333333333333,0.3333333333333333,0.0,0.0,0.0,0.0,0.6666666666666666,0.3333333333333333,3.0,0.3333333333333333,3,False,False,False,False,1,0.0
official_germany_aachen,Carlo,M,,14,kaɾloː,0.4,0.8,0.6,0.8,0.1,0.2,0.0,0.0,0.8,0.6,0.4,0.3,0.0,0.3,0.3,0.6,0.2,0.7,0.2,5.0,0.4,5,False,False,False,False,1,0.0
official_germany_aachen,Charlotte,F,,14,ʃaɾlɔtə,0.4285714285714285,0.7142857142857143,0.5714285714285714,0.8571428571428571,0.0714285714285714,0.1428571428571428,0.0,0.1428571428571428,0.7142857142857143,0.6428571428571429,0.5714285714285714,0.3571428571428571,0.0,0.0714285714285714,0.2142857142857142,0.4285714285714285,0.1428571428571428,0.4285714285714285,0.0,7.0,0.4285714285714285,9,False,False,False,False,0,0.0
official_germany_aachen,Clara,F,,10,klɑrɑː,0.4,0.8,0.6,0.8,0.3,0.2,0.0,0.0,0.8,0.6,0.4,0.3,0.0,0.3,0.5,0.6,0.0,0.7,0.2,5.0,0.4,5,False,False,False,False,0,0.0
official_germany_aachen,Elias,M,,13,eːliːɑːs,0.6,0.8,0.4,1.0,0.1,0.2,0.0,0.2,0.8,0.7,0.4,0.3,0.0,0.2,0.2,0.2,0.0,0.8,0.6,5.0,0.6,5,False,False,False,False,1,0.0
official_germany_aachen,Elina,F,,11,eːliːnɑː,0.6,1.0,0.4,0.8,0.1,0.2,0.2,0.0,1.0,0.7,0.4,0.3,0.0,0.2,0.2,0.2,0.0,0.8,0.6,5.0,0.6,5,False,False,False,False,0,0.0
official_germany_aachen,Ella,F,,17,ɛlɑː,0.6666666666666666,1.0,0.3333333333333333,1.0,0.1666666666666666,0.3333333333333333,0.0,0.0,1.0,0.6666666666666666,0.3333333333333333,0.3333333333333333,0.0,0.0,0.3333333333333333,0.3333333333333333,0.0,0.5,0.3333333333333333,3.0,0.6666666666666666,4,False,False,False,False,0,0.0
official_germany_aachen,Emil,M,,14,eːmiːl,0.5,1.0,0.5,0.75,0.0,0.25,0.25,0.0,1.0,0.75,0.25,0.375,0.25,0.25,0.0,0.0,0.0,0.75,0.5,4.0,0.5,4,False,False,False,False,1,0.0
official_germany_aachen,Emilia,F,,21,eːmiːliːɑː,0.6666666666666666,1.0,0.3333333333333333,0.8333333333333334,0.0833333333333333,0.1666666666666666,0.1666666666666666,0.0,1.0,0.6666666666666666,0.1666666666666666,0.4166666666666667,0.1666666666666666,0.3333333333333333,0.1666666666666666,0.1666666666666666,0.0,0.8333333333333334,0.6666666666666666,6.0,0.6666666666666666,6,False,False,False,False,0,0.0
official_germany_aachen,Emma,F,,21,ɛmɑː,0.6666666666666666,1.0,0.3333333333333333,0.6666666666666666,0.1666666666666666,0.0,0.3333333333333333,0.0,1.0,0.6666666666666666,0.0,0.5,0.3333333333333333,0.0,0.3333333333333333,0.3333333333333333,0.0,0.5,0.3333333333333333,3.0,0.6666666666666666,4,False,False,False,False,0,0.0
official_germany_aachen,Felix,M,,22,feːlɪks,0.3333333333333333,0.5,0.6666666666666666,0.8333333333333334,0.0,0.1666666666666666,0.0,0.3333333333333333,0.5,0.6666666666666666,0.3333333333333333,0.3333333333333333,0.1666666666666666,0.3333333333333333,0.0,0.1666666666666666,0.0,0.5,0.1666666666666666,6.0,0.3333333333333333,5,False,False,False,False,1,0.0
official_germany_aachen,Finn,M,,18,fɪn,0.3333333333333333,0.6666666666666666,0.6666666666666666,0.6666666666666666,0.0,0.0,0.3333333333333333,0.3333333333333333,0.6666666666666666,0.8333333333333334,0.3333333333333333,0.3333333333333333,0.3333333333333333,0.3333333333333333,0.0,0.0,0.0,0.3333333333333333,0.0,3.0,0.3333333333333333,4,False,False,False,False,1,0.0
official_germany_aachen,Frieda,F,,8,friːdɑː,0.4,0.6,0.6,0.8,0.2,0.0,0.0,0.2,0.8,0.8,0.4,0.3,0.2,0.3,0.3,0.2,0.0,0.7,0.4,5.0,0.4,6,False,False,False,False,0,0.0
official_germany_aachen,Hanna,F,,9,hanɑː,0.5,1.0,0.5,0.75,0.125,0.0,0.25,0.0,0.75,0.5,0.25,0.375,0.0,0.0,0.5,0.75,0.0,0.75,0.25,4.0,0.5,5,False,False,False,False,0,0.0
official_germany_aachen,Hannah,F,,10,hanɑː,0.5,1.0,0.5,0.75,0.125,0.0,0.25,0.0,0.75,0.5,0.25,0.375,0.0,0.0,0.5,0.75,0.0,0.75,0.25,4.0,0.5,6,False,False,False,False,0,0.0
official_germany_aachen,Henri,M,,11,hɛnriː,0.4,1.0,0.6,0.8,0.1,0.0,0.2,0.0,0.8,0.6,0.4,0.3,0.0,0.3,0.1,0.2,0.0,0.5,0.2,5.0,0.4,5,False,False,False,False,1,0.0
official_germany_aachen,Ida,F,,13,iːdɑː,0.6666666666666666,0.6666666666666666,0.3333333333333333,0.6666666666666666,0.1666666666666666,0.0,0.0,0.0,1.0,0.6666666666666666,0.3333333333333333,0.3333333333333333,0.0,0.3333333333333333,0.3333333333333333,0.3333333333333333,0.0,0.8333333333333334,0.6666666666666666,3.0,0.6666666666666666,3,False,False,False,False,0,0.0
official_germany_aachen,Isabella,F,,10,iːzabɛlɑː,0.5714285714285714,0.7142857142857143,0.4285714285714285,0.8571428571428571,0.0714285714285714,0.1428571428571428,0.0,0.1428571428571428,1.0,0.7142857142857143,0.2857142857142857,0.3571428571428571,0.1428571428571428,0.1428571428571428,0.2857142857142857,0.2857142857142857,0.0,0.6428571428571429,0.2857142857142857,7.0,0.5714285714285714,8,False,False,False,False,0,0.0
official_germany_aachen,Jakob,M,,10,jɑkoːp,0.4,0.6,0.4,0.6,0.1,0.0,0.0,0.0,0.6,0.4,0.0,0.5,0.2,0.4,0.2,0.6,0.2,0.7,0.2,5.0,0.4,5,False,False,False,False,1,0.0
official_germany_aachen,Jonah,M,,9,joːnɑː,0.5,1.0,0.25,0.75,0.125,0.0,0.25,0.0,1.0,0.5,0.25,0.375,0.0,0.25,0.25,0.5,0.25,0.75,0.5,4.0,0.5,5,False,False,False,False,1,0.0
official_germany_aachen,Jonas,M,,10,joːnɑːs,0.4,0.8,0.4,0.8,0.1,0.0,0.2,0.2,0.8,0.6,0.4,0.3,0.0,0.2,0.2,0.4,0.2,0.7,0.4,5.0,0.4,5,False,False,False,False,1,0.0
official_germany_aachen,Lena,F,,8,leːnɑː,0.5,1.0,0.5,0.75,0.125,0.25,0.25,0.0,1.0,0.75,0.5,0.25,0.0,0.0,0.25,0.25,0.0,0.75,0.5,4.0,0.5,4,False,False,False,False,0,0.0
official_germany_aachen,Leni,F,,13,leːniː,0.5,1.0,0.5,0.75,0.0,0.25,0.25,0.0,1.0,0.75,0.5,0.25,0.0,0.25,0.0,0.0,0.0,0.75,0.5,4.0,0.5,4,False,False,False,False,0,0.0
official_germany_aachen,Leo,M,,14,leːoː,0.6666666666666666,1.0,0.3333333333333333,1.0,0.0,0.3333333333333333,0.0,0.0,1.0,0.6666666666666666,0.3333333333333333,0.3333333333333333,0.0,0.0,0.0,0.3333333333333333,0.3333333333333333,0.8333333333333334,0.6666666666666666,3.0,0.6666666666666666,3,False,False,False,False,1,0.0
official_germany_aachen,Leon,M,,17,leːɔn,0.5,1.0,0.5,0.75,0.0,0.25,0.25,0.0,1.0,0.75,0.5,0.25,0.0,0.0,0.0,0.25,0.25,0.5,0.25,4.0,0.5,4,False,False,False,False,1,0.0
official_germany_aachen,Leonard,M,,9,leːoːnaɾt,0.4285714285714285,0.8571428571428571,0.5714285714285714,0.7142857142857143,0.0714285714285714,0.1428571428571428,0.1428571428571428,0.0,0.8571428571428571,0.7857142857142857,0.5714285714285714,0.2142857142857142,0.0,0.0714285714285714,0.2142857142857142,0.2857142857142857,0.1428571428571428,0.7142857142857143,0.2857142857142857,7.0,0.4285714285714285,7,False,False,False,False,1,0.0
official_germany_aachen,Leonie,F,,16,leːoːniː,0.6,1.0,0.4,0.8,0.0,0.2,0.2,0.0,1.0,0.7,0.4,0.3,0.0,0.2,0.0,0.2,0.2,0.8,0.6,5.0,0.6,6,False,False,False,False,0,0.0
official_germany_aachen,Levi,M,,11,leːviː,0.5,0.75,0.5,1.0,0.0,0.25,0.0,0.25,1.0,0.75,0.25,0.375,0.25,0.25,0.0,0.0,0.0,0.75,0.5,4.0,0.5,4,False,False,False,False,1,0.0
official_germany_aachen,Lia,F,,15,liːɑː,0.6666666666666666,1.0,0.3333333333333333,1.0,0.1666666666666666,0.3333333333333333,0.0,0.0,1.0,0.6666666666666666,0.3333333333333333,0.3333333333333333,0.0,0.3333333333333333,0.3333333333333333,0.3333333333333333,0.0,0.8333333333333334,0.6666666666666666,3.0,0.6666666666666666,3,False,False,False,False,0,0.0
official_germany_aachen,Lilly,F,,8,lɪliː,0.5,1.0,0.5,1.0,0.0,0.5,0.0,0.0,1.0,0.75,0.5,0.25,0.0,0.5,0.0,0.0,0.0,0.5,0.25,4.0,0.5,5,False,False,False,False,0,0.0
official_germany_aachen,Lina,F,,17,liːnɑː,0.5,1.0,0.5,0.75,0.125,0.25,0.25,0.0,1.0,0.75,0.5,0.25,0.0,0.25,0.25,0.25,0.0,0.75,0.5,4.0,0.5,4,False,False,False,False,0,0.0
official_germany_aachen,Linus,M,,10,liːnʊs,0.4,0.8,0.6,0.8,0.0,0.2,0.2,0.2,0.8,0.8,0.6,0.2,0.0,0.4,0.0,0.2,0.2,0.5,0.2,5.0,0.4,5,False,False,False,False,1,0.0
official_germany_aachen,Lio,M,,13,lɪoː,0.6666666666666666,1.0,0.3333333333333333,1.0,0.0,0.3333333333333333,0.0,0.0,1.0,0.6666666666666666,0.3333333333333333,0.3333333333333333,0.0,0.3333333333333333,0.0,0.3333333333333333,0.3333333333333333,0.5,0.3333333333333333,3.0,0.6666666666666666,3,False,False,False,False,1,0.0
official_germany_aachen,Luca,M,,21,luːkɑː,0.5,0.75,0.5,0.75,0.125,0.25,0.0,0.0,0.75,0.5,0.25,0.375,0.25,0.5,0.25,0.75,0.25,0.75,0.5,4.0,0.5,4,False,False,False,False,1,0.0
official_germany_aachen,Lukas,M,,10,luːkɑːs,0.4,0.6,0.6,0.8,0.1,0.2,0.0,0.2,0.6,0.6,0.4,0.3,0.2,0.4,0.2,0.6,0.2,0.7,0.4,5.0,0.4,5,False,False,False,False,1,0.0
official_germany_aachen,Malik,M,,8,mɑlɪk,0.4,0.8,0.6,0.6,0.1,0.2,0.2,0.0,0.8,0.6,0.2,0.4,0.2,0.4,0.2,0.4,0.0,0.5,0.0,5.0,0.4,5,False,False,False,False,1,0.0
official_germany_aachen,Marie,F,,12,mariː,0.5,1.0,0.5,0.75,0.125,0.0,0.25,0.0,1.0,0.75,0.25,0.375,0.25,0.375,0.375,0.25,0.0,0.75,0.25,4.0,0.5,5,False,False,False,False,0,0.0
official_germany_aachen,Mathilda,F,,9,matɪldɑː,0.4285714285714285,0.7142857142857143,0.5714285714285714,0.5714285714285714,0.0714285714285714,0.1428571428571428,0.1428571428571428,0.0,0.8571428571428571,0.7857142857142857,0.4285714285714285,0.2857142857142857,0.1428571428571428,0.1428571428571428,0.2857142857142857,0.2857142857142857,0.0,0.5714285714285714,0.1428571428571428,7.0,0.4285714285714285,8,False,False,False,False,0,0.0
official_germany_aachen,Matteo,M,,14,mateːoː,0.6,0.8,0.4,0.6,0.0,0.0,0.2,0.0,0.8,0.7,0.2,0.4,0.2,0.0,0.2,0.4,0.2,0.8,0.4,5.0,0.6,6,False,False,False,False,1,0.0
official_germany_aachen,Max,M,,9,mɑːks,0.25,0.5,0.75,0.5,0.125,0.0,0.25,0.25,0.5,0.625,0.25,0.375,0.25,0.25,0.25,0.5,0.0,0.625,0.25,4.0,0.25,3,False,False,False,False,1,0.0
official_germany_aachen,Maya,F,,10,maɪɑː,0.75,1.0,0.25,0.75,0.125,0.0,0.25,0.0,1.0,0.625,0.0,0.5,0.25,0.25,0.5,0.5,0.0,0.625,0.25,4.0,0.75,4,False,False,False,False,0,0.0
official_germany_aachen,Mia,F,,17,miːɑː,0.6666666666666666,1.0,0.3333333333333333,0.6666666666666666,0.1666666666666666,0.0,0.3333333333333333,0.0,1.0,0.6666666666666666,0.0,0.5,0.3333333333333333,0.3333333333333333,0.3333333333333333,0.3333333333333333,0.0,0.8333333333333334,0.6666666666666666,3.0,0.6666666666666666,3,False,False,False,False,0,0.0
official_germany_aachen,Mila,F,,15,miːlɑː,0.5,1.0,0.5,0.75,0.125,0.25,0.25,0.0,1.0,0.75,0.25,0.375,0.25,0.25,0.25,0.25,0.0,0.75,0.5,4.0,0.5,4,False,False,False,False,0,0.0
official_germany_aachen,Milan,M,,8,miːlɑːn,0.4,1.0,0.6,0.6,0.1,0.2,0.4,0.0,1.0,0.8,0.4,0.3,0.2,0.2,0.2,0.2,0.0,0.7,0.4,5.0,0.4,5,False,False,False,False,1,0.0
official_germany_aachen,Nele,F,,8,neːlə,0.5,1.0,0.5,0.75,0.0,0.25,0.25,0.0,1.0,0.75,0.5,0.25,0.0,0.0,0.0,0.25,0.0,0.5,0.25,4.0,0.5,4,False,False,False,False,0,0.0
official_germany_aachen,Noah,M,,13,noːɑː,0.6666666666666666,1.0,0.3333333333333333,0.6666666666666666,0.1666666666666666,0.0,0.3333333333333333,0.0,1.0,0.6666666666666666,0.3333333333333333,0.3333333333333333,0.0,0.0,0.3333333333333333,0.6666666666666666,0.3333333333333333,0.8333333333333334,0.6666666666666666,3.0,0.6666666666666666,4,False,False,False,False,1,0.0
official_germany_aachen,Oskar,M,,11,ɔskɑːɾ,0.4,0.6,0.6,0.8,0.2,0.0,0.0,0.2,0.6,0.6,0.4,0.3,0.0,0.3,0.3,0.6,0.2,0.5,0.2,5.0,0.4,5,False,False,False,False,1,0.0
official_germany_aachen,Paul,M,,16,paʊl,0.5,0.75,0.5,0.75,0.0,0.25,0.0,0.0,0.75,0.75,0.25,0.375,0.25,0.25,0.25,0.5,0.25,0.5,0.0,4.0,0.5,4,False,False,False,False,1,0.0
official_germany_aachen,Paula,F,,9,paʊlɑː,0.6,0.8,0.4,0.8,0.1,0.2,0.0,0.0,0.8,0.7,0.2,0.4,0.2,0.2,0.4,0.6,0.2,0.6,0.2,5.0,0.6,5,False,False,False,False,0,0.0
official_germany_aachen,Romy,F,,8,roːmiː,0.5,1.0,0.5,0.75,0.125,0.0,0.25,0.0,1.0,0.75,0.25,0.375,0.25,0.375,0.125,0.25,0.25,0.75,0.5,4.0,0.5,4,False,False,False,False,0,0.0
official_germany_aachen,Sofia,F,,10,zoːfiːɑː,0.6,0.6,0.4,1.0,0.1,0.0,0.0,0.4,0.8,0.7,0.2,0.4,0.2,0.2,0.2,0.4,0.2,0.8,0.6,5.0,0.6,5,False,False,False,False,0,0.0
official_germany_aachen,Sophia,F,,13,zoːfiːɑː,0.6,0.6,0.4,1.0,0.1,0.0,0.0,0.4,0.8,0.7,0.2,0.4,0.2,0.2,0.2,0.4,0.2,0.8,0.6,5.0,0.6,6,False,False,False,False,0,0.0
official_germany_aachen,Sophie,F,,10,zoːfiː,0.5,0.5,0.5,1.0,0.0,0.0,0.0,0.5,0.75,0.75,0.25,0.375,0.25,0.25,0.0,0.25,0.25,0.75,0.5,4.0,0.5,6,False,False,False,False,0,0.0
official_germany_aachen,Theo,M,,12,teːoː,0.6666666666666666,0.6666666666666666,0.3333333333333333,0.6666666666666666,0.0,0.0,0.0,0.0,0.6666666666666666,0.6666666666666666,0.3333333333333333,0.3333333333333333,0.0,0.0,0.0,0.3333333333333333,0.3333333333333333,0.8333333333333334,0.6666666666666666,3.0,0.6666666666666666,4,False,False,False,False,1,0.0
official_germany_berlin,Alexander,M,,2258,ɑlɛksandɜ,0.4444444444444444,0.6666666666666666,0.5555555555555556,0.6666666666666666,0.0555555555555555,0.1111111111111111,0.1111111111111111,0.1111111111111111,0.7777777777777778,0.6666666666666666,0.4444444444444444,0.2777777777777778,0.0,0.1111111111111111,0.2222222222222222,0.4444444444444444,0.0,0.5,0.0,9.0,0.4444444444444444,9,False,False,False,False,1,0.0
official_germany_berlin,Anna,F,,628,anɑː,0.6666666666666666,1.0,0.3333333333333333,0.6666666666666666,0.1666666666666666,0.0,0.3333333333333333,0.0,1.0,0.6666666666666666,0.3333333333333333,0.3333333333333333,0.0,0.0,0.6666666666666666,0.6666666666666666,0.0,0.8333333333333334,0.3333333333333333,3.0,0.6666666666666666,4,False,False,False,False,0,0.0
official_germany_berlin,Anton,M,,580,antoːn,0.4,0.8,0.6,0.4,0.0,0.0,0.4,0.0,0.8,0.8,0.6,0.2,0.0,0.0,0.2,0.4,0.2,0.7,0.2,5.0,0.4,5,False,False,False,False,1,0.0
official_germany_berlin,Charlotte,F,,2217,ʃaɾlɔtə,0.4285714285714285,0.7142857142857143,0.5714285714285714,0.8571428571428571,0.0714285714285714,0.1428571428571428,0.0,0.1428571428571428,0.7142857142857143,0.6428571428571429,0.5714285714285714,0.3571428571428571,0.0,0.0714285714285714,0.2142857142857142,0.4285714285714285,0.1428571428571428,0.4285714285714285,0.0,7.0,0.4285714285714285,9,False,False,False,False,0,0.0
official_germany_berlin,Elias,M,,1707,eːliːɑːs,0.6,0.8,0.4,1.0,0.1,0.2,0.0,0.2,0.8,0.7,0.4,0.3,0.0,0.2,0.2,0.2,0.0,0.8,0.6,5.0,0.6,5,False,False,False,False,1,0.0
official_germany_berlin,Emil,M,,908,eːmiːl,0.5,1.0,0.5,0.75,0.0,0.25,0.25,0.0,1.0,0.75,0.25,0.375,0.25,0.25,0.0,0.0,0.0,0.75,0.5,4.0,0.5,4,False,False,False,False,1,0.0
official_germany_berlin,Emilia,F,,1724,eːmiːliːɑː,0.6666666666666666,1.0,0.3333333333333333,0.8333333333333334,0.0833333333333333,0.1666666666666666,0.1666666666666666,0.0,1.0,0.6666666666666666,0.1666666666666666,0.4166666666666667,0.1666666666666666,0.3333333333333333,0.1666666666666666,0.1666666666666666,0.0,0.8333333333333334,0.6666666666666666,6.0,0.6666666666666666,6,False,False,False,False,0,0.0
official_germany_berlin,Emma,F,,317,ɛmɑː,0.6666666666666666,1.0,0.3333333333333333,0.6666666666666666,0.1666666666666666,0.0,0.3333333333333333,0.0,1.0,0.6666666666666666,0.0,0.5,0.3333333333333333,0.0,0.3333333333333333,0.3333333333333333,0.0,0.5,0.3333333333333333,3.0,0.6666666666666666,4,False,False,False,False,0,0.0
official_germany_berlin,Felix,M,,283,feːlɪks,0.3333333333333333,0.5,0.6666666666666666,0.8333333333333334,0.0,0.1666666666666666,0.0,0.3333333333333333,0.5,0.6666666666666666,0.3333333333333333,0.3333333333333333,0.1666666666666666,0.3333333333333333,0.0,0.1666666666666666,0.0,0.5,0.1666666666666666,6.0,0.3333333333333333,5,False,False,False,False,1,0.0
official_germany_berlin,Luca,M,,585,luːkɑː,0.5,0.75,0.5,0.75,0.125,0.25,0.0,0.0,0.75,0.5,0.25,0.375,0.25,0.5,0.25,0.75,0.25,0.75,0.5,4.0,0.5,4,False,False,False,False,1,0.0
official_germany_berlin,Maria,F,,2057,mariːɑː,0.6,1.0,0.4,0.8,0.2,0.0,0.2,0.0,1.0,0.7,0.2,0.4,0.2,0.3,0.5,0.4,0.0,0.8,0.4,5.0,0.6,5,False,False,False,False,0,0.0
official_germany_berlin,Marie,F,,3746,mariː,0.5,1.0,0.5,0.75,0.125,0.0,0.25,0.0,1.0,0.75,0.25,0.375,0.25,0.375,0.375,0.25,0.0,0.75,0.25,4.0,0.5,5,False,False,False,False,0,0.0
official_germany_berlin,Maximilian,M,,1886,maksiːmiːliːɑːn,0.4545454545454545,0.8181818181818182,0.5454545454545454,0.6363636363636364,0.0454545454545454,0.0909090909090909,0.2727272727272727,0.0909090909090909,0.8181818181818182,0.6818181818181818,0.2727272727272727,0.3636363636363636,0.1818181818181818,0.3636363636363636,0.1818181818181818,0.2727272727272727,0.0,0.7272727272727273,0.3636363636363636,11.0,0.4545454545454545,10,False,False,False,False,1,0.0
official_germany_berlin,Mia,F,,326,miːɑː,0.6666666666666666,1.0,0.3333333333333333,0.6666666666666666,0.1666666666666666,0.0,0.3333333333333333,0.0,1.0,0.6666666666666666,0.0,0.5,0.3333333333333333,0.3333333333333333,0.3333333333333333,0.3333333333333333,0.0,0.8333333333333334,0.6666666666666666,3.0,0.6666666666666666,3,False,False,False,False,0,0.0
official_germany_berlin,Noah,M,,586,noːɑː,0.6666666666666666,1.0,0.3333333333333333,0.6666666666666666,0.1666666666666666,0.0,0.3333333333333333,0.0,1.0,0.6666666666666666,0.3333333333333333,0.3333333333333333,0.0,0.0,0.3333333333333333,0.6666666666666666,0.3333333333333333,0.8333333333333334,0.6666666666666666,3.0,0.6666666666666666,4,False,False,False,False,1,0.0
official_germany_berlin,Paul,M,,1981,paʊl,0.5,0.75,0.5,0.75,0.0,0.25,0.0,0.0,0.75,0.75,0.25,0.375,0.25,0.25,0.25,0.5,0.25,0.5,0.0,4.0,0.5,4,False,False,False,False,1,0.0
official_germany_berlin,Sophia,F,,306,zoːfiːɑː,0.6,0.6,0.4,1.0,0.1,0.0,0.0,0.4,0.8,0.7,0.2,0.4,0.2,0.2,0.2,0.4,0.2,0.8,0.6,5.0,0.6,6,False,False,False,False,0,0.0
official_germany_berlin,Sophie,F,,3437,zoːfiː,0.5,0.5,0.5,1.0,0.0,0.0,0.0,0.5,0.75,0.75,0.25,0.375,0.25,0.25,0.0,0.25,0.25,0.75,0.5,4.0,0.5,6,False,False,False,False,0,0.0
official_germany_cologne,Alexander,M,,973,ɑlɛksandɜ,0.4444444444444444,0.6666666666666666,0.5555555555555556,0.6666666666666666,0.0555555555555555,0.1111111111111111,0.1111111111111111,0.1111111111111111,0.7777777777777778,0.6666666666666666,0.4444444444444444,0.2777777777777778,0.0,0.1111111111111111,0.2222222222222222,0.4444444444444444,0.0,0.5,0.0,9.0,0.4444444444444444,9,False,False,False,False,1,0.0
official_germany_cologne,Anna,F,,135,anɑː,0.6666666666666666,1.0,0.3333333333333333,0.6666666666666666,0.1666666666666666,0.0,0.3333333333333333,0.0,1.0,0.6666666666666666,0.3333333333333333,0.3333333333333333,0.0,0.0,0.6666666666666666,0.6666666666666666,0.0,0.8333333333333334,0.3333333333333333,3.0,0.6666666666666666,4,False,False,False,False,0,0.0
official_germany_cologne,Elias,M,,255,eːliːɑːs,0.6,0.8,0.4,1.0,0.1,0.2,0.0,0.2,0.8,0.7,0.4,0.3,0.0,0.2,0.2,0.2,0.0,0.8,0.6,5.0,0.6,5,False,False,False,False,1,0.0
official_germany_cologne,Emilia,F,,275,eːmiːliːɑː,0.6666666666666666,1.0,0.3333333333333333,0.8333333333333334,0.0833333333333333,0.1666666666666666,0.1666666666666666,0.0,1.0,0.6666666666666666,0.1666666666666666,0.4166666666666667,0.1666666666666666,0.3333333333333333,0.1666666666666666,0.1666666666666666,0.0,0.8333333333333334,0.6666666666666666,6.0,0.6666666666666666,6,False,False,False,False,0,0.0
official_germany_cologne,Jonas,M,,121,joːnɑːs,0.4,0.8,0.4,0.8,0.1,0.0,0.2,0.2,0.8,0.6,0.4,0.3,0.0,0.2,0.2,0.4,0.2,0.7,0.4,5.0,0.4,5,False,False,False,False,1,0.0
official_germany_cologne,Maria,F,,1608,mariːɑː,0.6,1.0,0.4,0.8,0.2,0.0,0.2,0.0,1.0,0.7,0.2,0.4,0.2,0.3,0.5,0.4,0.0,0.8,0.4,5.0,0.6,5,False,False,False,False,0,0.0
official_germany_cologne,Marie,F,,2899,mariː,0.5,1.0,0.5,0.75,0.125,0.0,0.25,0.0,1.0,0.75,0.25,0.375,0.25,0.375,0.375,0.25,0.0,0.75,0.25,4.0,0.5,5,False,False,False,False,0,0.0
official_germany_cologne,Maximilian,M,,1315,maksiːmiːliːɑːn,0.4545454545454545,0.8181818181818182,0.5454545454545454,0.6363636363636364,0.0454545454545454,0.0909090909090909,0.2727272727272727,0.0909090909090909,0.8181818181818182,0.6818181818181818,0.2727272727272727,0.3636363636363636,0.1818181818181818,0.3636363636363636,0.1818181818181818,0.2727272727272727,0.0,0.7272727272727273,0.3636363636363636,11.0,0.4545454545454545,10,False,False,False,False,1,0.0
official_germany_cologne,Noah,M,,379,noːɑː,0.6666666666666666,1.0,0.3333333333333333,0.6666666666666666,0.1666666666666666,0.0,0.3333333333333333,0.0,1.0,0.6666666666666666,0.3333333333333333,0.3333333333333333,0.0,0.0,0.3333333333333333,0.6666666666666666,0.3333333333333333,0.8333333333333334,0.6666666666666666,3.0,0.6666666666666666,4,False,False,False,False,1,0.0
official_germany_cologne,Paul,M,,1280,paʊl,0.5,0.75,0.5,0.75,0.0,0.25,0.0,0.0,0.75,0.75,0.25,0.375,0.25,0.25,0.25,0.5,0.25,0.5,0.0,4.0,0.5,4,False,False,False,False,1,0.0
official_germany_cologne,Sophie,F,,2136,zoːfiː,0.5,0.5,0.5,1.0,0.0,0.0,0.0,0.5,0.75,0.75,0.25,0.375,0.25,0.25,0.0,0.25,0.25,0.75,0.5,4.0,0.5,6,False,False,False,False,0,0.0
official_germany_essen,Adam,M,,39,ɑdɑːm,0.5,0.75,0.5,0.5,0.25,0.0,0.25,0.0,1.0,0.75,0.25,0.375,0.25,0.0,0.5,0.5,0.0,0.75,0.25,4.0,0.5,4,False,False,False,False,1,0.0
official_germany_essen,Ben,M,,347,beːn,0.3333333333333333,0.6666666666666666,0.6666666666666666,0.3333333333333333,0.0,0.0,0.3333333333333333,0.0,1.0,0.8333333333333334,0.3333333333333333,0.3333333333333333,0.3333333333333333,0.0,0.0,0.0,0.0,0.6666666666666666,0.3333333333333333,3.0,0.3333333333333333,3,False,False,False,False,1,0.0
official_germany_essen,Elias,M,,47,eːliːɑːs,0.6,0.8,0.4,1.0,0.1,0.2,0.0,0.2,0.8,0.7,0.4,0.3,0.0,0.2,0.2,0.2,0.0,0.8,0.6,5.0,0.6,5,False,False,False,False,1,0.0
official_germany_essen,Emilia,F,,248,eːmiːliːɑː,0.6666666666666666,1.0,0.3333333333333333,0.8333333333333334,0.0833333333333333,0.1666666666666666,0.1666666666666666,0.0,1.0,0.6666666666666666,0.1666666666666666,0.4166666666666667,0.1666666666666666,0.3333333333333333,0.1666666666666666,0.1666666666666666,0.0,0.8333333333333334,0.6666666666666666,6.0,0.6666666666666666,6,False,False,False,False,0,0.0
official_germany_essen,Emma,F,,237,ɛmɑː,0.6666666666666666,1.0,0.3333333333333333,0.6666666666666666,0.1666666666666666,0.0,0.3333333333333333,0.0,1.0,0.6666666666666666,0.0,0.5,0.3333333333333333,0.0,0.3333333333333333,0.3333333333333333,0.0,0.5,0.3333333333333333,3.0,0.6666666666666666,4,False,False,False,False,0,0.0
official_germany_essen,Jonas,M,,44,joːnɑːs,0.4,0.8,0.4,0.8,0.1,0.0,0.2,0.2,0.8,0.6,0.4,0.3,0.0,0.2,0.2,0.4,0.2,0.7,0.4,5.0,0.4,5,False,False,False,False,1,0.0
official_germany_essen,Leon,M,,217,leːɔn,0.5,1.0,0.5,0.75,0.0,0.25,0.25,0.0,1.0,0.75,0.5,0.25,0.0,0.0,0.0,0.25,0.25,0.5,0.25,4.0,0.5,4,False,False,False,False,1,0.0
official_germany_essen,Lina,F,,78,liːnɑː,0.5,1.0,0.5,0.75,0.125,0.25,0.25,0.0,1.0,0.75,0.5,0.25,0.0,0.25,0.25,0.25,0.0,0.75,0.5,4.0,0.5,4,False,False,False,False,0,0.0
official_germany_essen,Luca,M,,41,luːkɑː,0.5,0.75,0.5,0.75,0.125,0.25,0.0,0.0,0.75,0.5,0.25,0.375,0.25,0.5,0.25,0.75,0.25,0.75,0.5,4.0,0.5,4,False,False,False,False,1,0.0
official_germany_essen,Maximilian,M,,170,maksiːmiːliːɑːn,0.4545454545454545,0.8181818181818182,0.5454545454545454,0.6363636363636364,0.0454545454545454,0.0909090909090909,0.2727272727272727,0.0909090909090909,0.8181818181818182,0.6818181818181818,0.2727272727272727,0.3636363636363636,0.1818181818181818,0.3636363636363636,0.1818181818181818,0.2727272727272727,0.0,0.7272727272727273,0.3636363636363636,11.0,0.4545454545454545,10,False,False,False,False,1,0.0
official_germany_essen,Mia,F,,516,miːɑː,0.6666666666666666,1.0,0.3333333333333333,0.6666666666666666,0.1666666666666666,0.0,0.3333333333333333,0.0,1.0,0.6666666666666666,0.0,0.5,0.3333333333333333,0.3333333333333333,0.3333333333333333,0.3333333333333333,0.0,0.8333333333333334,0.6666666666666666,3.0,0.6666666666666666,3,False,False,False,False,0,0.0
official_germany_essen,Mila,F,,120,miːlɑː,0.5,1.0,0.5,0.75,0.125,0.25,0.25,0.0,1.0,0.75,0.25,0.375,0.25,0.25,0.25,0.25,0.0,0.75,0.5,4.0,0.5,4,False,False,False,False,0,0.0
official_germany_essen,Noah,M,,350,noːɑː,0.6666666666666666,1.0,0.3333333333333333,0.6666666666666666,0.1666666666666666,0.0,0.3333333333333333,0.0,1.0,0.6666666666666666,0.3333333333333333,0.3333333333333333,0.0,0.0,0.3333333333333333,0.6666666666666666,0.3333333333333333,0.8333333333333334,0.6666666666666666,3.0,0.6666666666666666,4,False,False,False,False,1,0.0
official_germany_essen,Paul,M,,41,paʊl,0.5,0.75,0.5,0.75,0.0,0.25,0.0,0.0,0.75,0.75,0.25,0.375,0.25,0.25,0.25,0.5,0.25,0.5,0.0,4.0,0.5,4,False,False,False,False,1,0.0
official_germany_essen,Sophia,F,,38,zoːfiːɑː,0.6,0.6,0.4,1.0,0.1,0.0,0.0,0.4,0.8,0.7,0.2,0.4,0.2,0.2,0.2,0.4,0.2,0.8,0.6,5.0,0.6,6,False,False,False,False,0,0.0
official_germany_leipzig,Adam,M,,39,ɑdɑːm,0.5,0.75,0.5,0.5,0.25,0.0,0.25,0.0,1.0,0.75,0.25,0.375,0.25,0.0,0.5,0.5,0.0,0.75,0.25,4.0,0.5,4,False,False,False,False,1,0.0
official_germany_leipzig,Alma,F,,32,almɑː,0.5,1.0,0.5,0.75,0.125,0.25,0.25,0.0,1.0,0.75,0.25,0.375,0.25,0.0,0.5,0.5,0.0,0.75,0.25,4.0,0.5,4,False,False,False,False,0,0.0
official_germany_leipzig,Anton,M,,73,antoːn,0.4,0.8,0.6,0.4,0.0,0.0,0.4,0.0,0.8,0.8,0.6,0.2,0.0,0.0,0.2,0.4,0.2,0.7,0.2,5.0,0.4,5,False,False,False,False,1,0.0
official_germany_leipzig,Arthur,M,,35,aɾtuːɾ,0.4,0.8,0.6,0.8,0.2,0.0,0.0,0.0,0.8,0.8,0.6,0.2,0.2,0.4,0.4,0.4,0.2,0.7,0.2,5.0,0.4,6,False,False,False,False,1,0.0
official_germany_leipzig,Ben,M,,38,beːn,0.3333333333333333,0.6666666666666666,0.6666666666666666,0.3333333333333333,0.0,0.0,0.3333333333333333,0.0,1.0,0.8333333333333334,0.3333333333333333,0.3333333333333333,0.3333333333333333,0.0,0.0,0.0,0.0,0.6666666666666666,0.3333333333333333,3.0,0.3333333333333333,3,False,False,False,False,1,0.0
official_germany_leipzig,Charlotte,F,,123,ʃaɾlɔtə,0.4285714285714285,0.7142857142857143,0.5714285714285714,0.8571428571428571,0.0714285714285714,0.1428571428571428,0.0,0.1428571428571428,0.7142857142857143,0.6428571428571429,0.5714285714285714,0.3571428571428571,0.0,0.0714285714285714,0.2142857142857142,0.4285714285714285,0.1428571428571428,0.4285714285714285,0.0,7.0,0.4285714285714285,9,False,False,False,False,0,0.0
official_germany_leipzig,Clara,F,,42,klɑrɑː,0.4,0.8,0.6,0.8,0.3,0.2,0.0,0.0,0.8,0.6,0.4,0.3,0.0,0.3,0.5,0.6,0.0,0.7,0.2,5.0,0.4,5,False,False,False,False,0,0.0
official_germany_leipzig,Elias,M,,41,eːliːɑːs,0.6,0.8,0.4,1.0,0.1,0.2,0.0,0.2,0.8,0.7,0.4,0.3,0.0,0.2,0.2,0.2,0.0,0.8,0.6,5.0,0.6,5,False,False,False,False,1,0.0
official_germany_leipzig,Ella,F,,128,ɛlɑː,0.6666666666666666,1.0,0.3333333333333333,1.0,0.1666666666666666,0.3333333333333333,0.0,0.0,1.0,0.6666666666666666,0.3333333333333333,0.3333333333333333,0.0,0.0,0.3333333333333333,0.3333333333333333,0.0,0.5,0.3333333333333333,3.0,0.6666666666666666,4,False,False,False,False,0,0.0
official_germany_leipzig,Emil,M,,191,eːmiːl,0.5,1.0,0.5,0.75,0.0,0.25,0.25,0.0,1.0,0.75,0.25,0.375,0.25,0.25,0.0,0.0,0.0,0.75,0.5,4.0,0.5,4,False,False,False,False,1,0.0
official_germany_leipzig,Emilia,F,,183,eːmiːliːɑː,0.6666666666666666,1.0,0.3333333333333333,0.8333333333333334,0.0833333333333333,0.1666666666666666,0.1666666666666666,0.0,1.0,0.6666666666666666,0.1666666666666666,0.4166666666666667,0.1666666666666666,0.3333333333333333,0.1666666666666666,0.1666666666666666,0.0,0.8333333333333334,0.6666666666666666,6.0,0.6666666666666666,6,False,False,False,False,0,0.0
official_germany_leipzig,Emma,F,,114,ɛmɑː,0.6666666666666666,1.0,0.3333333333333333,0.6666666666666666,0.1666666666666666,0.0,0.3333333333333333,0.0,1.0,0.6666666666666666,0.0,0.5,0.3333333333333333,0.0,0.3333333333333333,0.3333333333333333,0.0,0.5,0.3333333333333333,3.0,0.6666666666666666,4,False,False,False,False,0,0.0
official_germany_leipzig,Felix,M,,35,feːlɪks,0.3333333333333333,0.5,0.6666666666666666,0.8333333333333334,0.0,0.1666666666666666,0.0,0.3333333333333333,0.5,0.6666666666666666,0.3333333333333333,0.3333333333333333,0.1666666666666666,0.3333333333333333,0.0,0.1666666666666666,0.0,0.5,0.1666666666666666,6.0,0.3333333333333333,5,False,False,False,False,1,0.0
official_germany_leipzig,Frieda,F,,32,friːdɑː,0.4,0.6,0.6,0.8,0.2,0.0,0.0,0.2,0.8,0.8,0.4,0.3,0.2,0.3,0.3,0.2,0.0,0.7,0.4,5.0,0.4,6,False,False,False,False,0,0.0
official_germany_leipzig,Ida,F,,36,iːdɑː,0.6666666666666666,0.6666666666666666,0.3333333333333333,0.6666666666666666,0.1666666666666666,0.0,0.0,0.0,1.0,0.6666666666666666,0.3333333333333333,0.3333333333333333,0.0,0.3333333333333333,0.3333333333333333,0.3333333333333333,0.0,0.8333333333333334,0.6666666666666666,3.0,0.6666666666666666,3,False,False,False,False,0,0.0
official_germany_leipzig,Jakob,M,,34,jɑkoːp,0.4,0.6,0.4,0.6,0.1,0.0,0.0,0.0,0.6,0.4,0.0,0.5,0.2,0.4,0.2,0.6,0.2,0.7,0.2,5.0,0.4,5,False,False,False,False,1,0.0
official_germany_leipzig,Johanna,F,,75,joːhanɑː,0.5,1.0,0.3333333333333333,0.8333333333333334,0.0833333333333333,0.0,0.1666666666666666,0.0,0.8333333333333334,0.4166666666666667,0.1666666666666666,0.4166666666666667,0.0,0.1666666666666666,0.3333333333333333,0.6666666666666666,0.1666666666666666,0.75,0.3333333333333333,6.0,0.5,7,False,False,False,False,0,0.0
official_germany_leipzig,Jonathan,M,,34,joːnatɑːn,0.4285714285714285,0.8571428571428571,0.4285714285714285,0.5714285714285714,0.0714285714285714,0.0,0.2857142857142857,0.0,0.8571428571428571,0.6428571428571429,0.4285714285714285,0.2857142857142857,0.0,0.1428571428571428,0.2857142857142857,0.4285714285714285,0.1428571428571428,0.7142857142857143,0.2857142857142857,7.0,0.4285714285714285,8,False,False,False,False,1,0.0
official_germany_leipzig,Karl,M,,96,kaɾl,0.25,0.75,0.75,0.75,0.125,0.25,0.0,0.0,0.75,0.625,0.5,0.25,0.0,0.375,0.375,0.5,0.0,0.625,0.0,4.0,0.25,4,False,False,False,False,1,0.0
official_germany_leipzig,Leon,M,,34,leːɔn,0.5,1.0,0.5,0.75,0.0,0.25,0.25,0.0,1.0,0.75,0.5,0.25,0.0,0.0,0.0,0.25,0.25,0.5,0.25,4.0,0.5,4,False,False,False,False,1,0.0
official_germany_leipzig,Lina,F,,35,liːnɑː,0.5,1.0,0.5,0.75,0.125,0.25,0.25,0.0,1.0,0.75,0.5,0.25,0.0,0.25,0.25,0.25,0.0,0.75,0.5,4.0,0.5,4,False,False,False,False,0,0.0
official_germany_leipzig,Mathilda,F,,31,matɪldɑː,0.4285714285714285,0.7142857142857143,0.5714285714285714,0.5714285714285714,0.0714285714285714,0.1428571428571428,0.1428571428571428,0.0,0.8571428571428571,0.7857142857142857,0.4285714285714285,0.2857142857142857,0.1428571428571428,0.1428571428571428,0.2857142857142857,0.2857142857142857,0.0,0.5714285714285714,0.1428571428571428,7.0,0.4285714285714285,8,False,False,False,False,0,0.0
official_germany_leipzig,Mia,F,,108,miːɑː,0.6666666666666666,1.0,0.3333333333333333,0.6666666666666666,0.1666666666666666,0.0,0.3333333333333333,0.0,1.0,0.6666666666666666,0.0,0.5,0.3333333333333333,0.3333333333333333,0.3333333333333333,0.3333333333333333,0.0,0.8333333333333334,0.6666666666666666,3.0,0.6666666666666666,3,False,False,False,False,0,0.0
official_germany_leipzig,Mila,F,,97,miːlɑː,0.5,1.0,0.5,0.75,0.125,0.25,0.25,0.0,1.0,0.75,0.25,0.375,0.25,0.25,0.25,0.25,0.0,0.75,0.5,4.0,0.5,4,False,False,False,False,0,0.0
official_germany_leipzig,Mira,F,,31,miːrɑː,0.5,1.0,0.5,0.75,0.25,0.0,0.25,0.0,1.0,0.75,0.25,0.375,0.25,0.375,0.375,0.25,0.0,0.75,0.5,4.0,0.5,4,False,False,False,False,0,0.0
official_germany_leipzig,Moritz,M,,41,moːrɪts,0.3333333333333333,0.6666666666666666,0.6666666666666666,0.6666666666666666,0.0833333333333333,0.0,0.1666666666666666,0.1666666666666666,0.6666666666666666,0.8333333333333334,0.5,0.25,0.1666666666666666,0.25,0.0833333333333333,0.1666666666666666,0.1666666666666666,0.5,0.1666666666666666,6.0,0.3333333333333333,6,False,False,False,False,1,0.0
official_germany_leipzig,Noah,M,,219,noːɑː,0.6666666666666666,1.0,0.3333333333333333,0.6666666666666666,0.1666666666666666,0.0,0.3333333333333333,0.0,1.0,0.6666666666666666,0.3333333333333333,0.3333333333333333,0.0,0.0,0.3333333333333333,0.6666666666666666,0.3333333333333333,0.8333333333333334,0.6666666666666666,3.0,0.6666666666666666,4,False,False,False,False,1,0.0
official_germany_leipzig,Oskar,M,,120,ɔskɑːɾ,0.4,0.6,0.6,0.8,0.2,0.0,0.0,0.2,0.6,0.6,0.4,0.3,0.0,0.3,0.3,0.6,0.2,0.5,0.2,5.0,0.4,5,False,False,False,False,1,0.0
official_germany_leipzig,Paul,M,,42,paʊl,0.5,0.75,0.5,0.75,0.0,0.25,0.0,0.0,0.75,0.75,0.25,0.375,0.25,0.25,0.25,0.5,0.25,0.5,0.0,4.0,0.5,4,False,False,False,False,1,0.0
official_germany_leipzig,Theo,M,,109,teːoː,0.6666666666666666,0.6666666666666666,0.3333333333333333,0.6666666666666666,0.0,0.0,0.0,0.0,0.6666666666666666,0.6666666666666666,0.3333333333333333,0.3333333333333333,0.0,0.0,0.0,0.3333333333333333,0.3333333333333333,0.8333333333333334,0.6666666666666666,3.0,0.6666666666666666,4,False,False,False,False,1,0.0
official_germany_leipzig,Theodor,M,,42,teːoːdoːɾ,0.5,0.6666666666666666,0.5,0.6666666666666666,0.0833333333333333,0.0,0.0,0.0,0.8333333333333334,0.75,0.5,0.25,0.0,0.0833333333333333,0.0833333333333333,0.3333333333333333,0.3333333333333333,0.75,0.5,6.0,0.5,7,False,False,False,False,1,0.0
official_germany_muenster,Alexander,M,,122,ɑlɛksandɜ,0.4444444444444444,0.6666666666666666,0.5555555555555556,0.6666666666666666,0.0555555555555555,0.1111111111111111,0.1111111111111111,0.1111111111111111,0.7777777777777778,0.6666666666666666,0.4444444444444444,0.2777777777777778,0.0,0.1111111111111111,0.2222222222222222,0.4444444444444444,0.0,0.5,0.0,9.0,0.4444444444444444,9,False,False,False,False,1,0.0
official_germany_muenster,Anton,M,,236,antoːn,0.4,0.8,0.6,0.4,0.0,0.0,0.4,0.0,0.8,0.8,0.6,0.2,0.0,0.0,0.2,0.4,0.2,0.7,0.2,5.0,0.4,5,False,False,False,False,1,0.0
official_germany_muenster,Ben,M,,58,beːn,0.3333333333333333,0.6666666666666666,0.6666666666666666,0.3333333333333333,0.0,0.0,0.3333333333333333,0.0,1.0,0.8333333333333334,0.3333333333333333,0.3333333333333333,0.3333333333333333,0.0,0.0,0.0,0.0,0.6666666666666666,0.3333333333333333,3.0,0.3333333333333333,3,False,False,False,False,1,0.0
official_germany_muenster,Charlotte,F,,62,ʃaɾlɔtə,0.4285714285714285,0.7142857142857143,0.5714285714285714,0.8571428571428571,0.0714285714285714,0.1428571428571428,0.0,0.1428571428571428,0.7142857142857143,0.6428571428571429,0.5714285714285714,0.3571428571428571,0.0,0.0714285714285714,0.2142857142857142,0.4285714285714285,0.1428571428571428,0.4285714285714285,0.0,7.0,0.4285714285714285,9,False,False,False,False,0,0.0
official_germany_muenster,Elias,M,,55,eːliːɑːs,0.6,0.8,0.4,1.0,0.1,0.2,0.0,0.2,0.8,0.7,0.4,0.3,0.0,0.2,0.2,0.2,0.0,0.8,0.6,5.0,0.6,5,False,False,False,False,1,0.0
official_germany_muenster,Emil,M,,64,eːmiːl,0.5,1.0,0.5,0.75,0.0,0.25,0.25,0.0,1.0,0.75,0.25,0.375,0.25,0.25,0.0,0.0,0.0,0.75,0.5,4.0,0.5,4,False,False,False,False,1,0.0
official_germany_muenster,Felix,M,,300,feːlɪks,0.3333333333333333,0.5,0.6666666666666666,0.8333333333333334,0.0,0.1666666666666666,0.0,0.3333333333333333,0.5,0.6666666666666666,0.3333333333333333,0.3333333333333333,0.1666666666666666,0.3333333333333333,0.0,0.1666666666666666,0.0,0.5,0.1666666666666666,6.0,0.3333333333333333,5,False,False,False,False,1,0.0
official_germany_muenster,Jakob,M,,56,jɑkoːp,0.4,0.6,0.4,0.6,0.1,0.0,0.0,0.0,0.6,0.4,0.0,0.5,0.2,0.4,0.2,0.6,0.2,0.7,0.2,5.0,0.4,5,False,False,False,False,1,0.0
official_germany_muenster,Maria,F,,561,mariːɑː,0.6,1.0,0.4,0.8,0.2,0.0,0.2,0.0,1.0,0.7,0.2,0.4,0.2,0.3,0.5,0.4,0.0,0.8,0.4,5.0,0.6,5,False,False,False,False,0,0.0
official_germany_muenster,Marie,F,,1108,mariː,0.5,1.0,0.5,0.75,0.125,0.0,0.25,0.0,1.0,0.75,0.25,0.375,0.25,0.375,0.375,0.25,0.0,0.75,0.25,4.0,0.5,5,False,False,False,False,0,0.0
official_germany_muenster,Maximilian,M,,245,maksiːmiːliːɑːn,0.4545454545454545,0.8181818181818182,0.5454545454545454,0.6363636363636364,0.0454545454545454,0.0909090909090909,0.2727272727272727,0.0909090909090909,0.8181818181818182,0.6818181818181818,0.2727272727272727,0.3636363636363636,0.1818181818181818,0.3636363636363636,0.1818181818181818,0.2727272727272727,0.0,0.7272727272727273,0.3636363636363636,11.0,0.4545454545454545,10,False,False,False,False,1,0.0
official_germany_muenster,Mia,F,,78,miːɑː,0.6666666666666666,1.0,0.3333333333333333,0.6666666666666666,0.1666666666666666,0.0,0.3333333333333333,0.0,1.0,0.6666666666666666,0.0,0.5,0.3333333333333333,0.3333333333333333,0.3333333333333333,0.3333333333333333,0.0,0.8333333333333334,0.6666666666666666,3.0,0.6666666666666666,3,False,False,False,False,0,0.0
official_germany_muenster,Noah,M,,53,noːɑː,0.6666666666666666,1.0,0.3333333333333333,0.6666666666666666,0.1666666666666666,0.0,0.3333333333333333,0.0,1.0,0.6666666666666666,0.3333333333333333,0.3333333333333333,0.0,0.0,0.3333333333333333,0.6666666666666666,0.3333333333333333,0.8333333333333334,0.6666666666666666,3.0,0.6666666666666666,4,False,False,False,False,1,0.0
official_germany_muenster,Paul,M,,605,paʊl,0.5,0.75,0.5,0.75,0.0,0.25,0.0,0.0,0.75,0.75,0.25,0.375,0.25,0.25,0.25,0.5,0.25,0.5,0.0,4.0,0.5,4,False,False,False,False,1,0.0
official_germany_muenster,Sophie,F,,920,zoːfiː,0.5,0.5,0.5,1.0,0.0,0.0,0.0,0.5,0.75,0.75,0.25,0.375,0.25,0.25,0.0,0.25,0.25,0.75,0.5,4.0,0.5,6,False,False,False,False,0,0.0
official_germany_munich,Alexander,M,,921,ɑlɛksandɜ,0.4444444444444444,0.6666666666666666,0.5555555555555556,0.6666666666666666,0.0555555555555555,0.1111111111111111,0.1111111111111111,0.1111111111111111,0.7777777777777778,0.6666666666666666,0.4444444444444444,0.2777777777777778,0.0,0.1111111111111111,0.2222222222222222,0.4444444444444444,0.0,0.5,0.0,9.0,0.4444444444444444,9,False,False,False,False,1,0.0
official_germany_munich,Amelie,F,,742,ɑməliː,0.6,1.0,0.4,0.8,0.1,0.2,0.2,0.0,1.0,0.7,0.2,0.4,0.2,0.2,0.2,0.4,0.0,0.6,0.2,5.0,0.6,6,False,False,False,False,0,0.0
official_germany_munich,Anna,F,,1261,anɑː,0.6666666666666666,1.0,0.3333333333333333,0.6666666666666666,0.1666666666666666,0.0,0.3333333333333333,0.0,1.0,0.6666666666666666,0.3333333333333333,0.3333333333333333,0.0,0.0,0.6666666666666666,0.6666666666666666,0.0,0.8333333333333334,0.3333333333333333,3.0,0.6666666666666666,4,False,False,False,False,0,0.0
official_germany_munich,Anton,M,,1144,antoːn,0.4,0.8,0.6,0.4,0.0,0.0,0.4,0.0,0.8,0.8,0.6,0.2,0.0,0.0,0.2,0.4,0.2,0.7,0.2,5.0,0.4,5,False,False,False,False,1,0.0
official_germany_munich,Antonia,F,,733,antoːniːɑː,0.5714285714285714,0.8571428571428571,0.4285714285714285,0.5714285714285714,0.0714285714285714,0.0,0.2857142857142857,0.0,0.8571428571428571,0.7142857142857143,0.4285714285714285,0.2857142857142857,0.0,0.1428571428571428,0.2857142857142857,0.4285714285714285,0.1428571428571428,0.7857142857142857,0.4285714285714285,7.0,0.5714285714285714,7,False,False,False,False,0,0.0
official_germany_munich,Ben,M,,553,beːn,0.3333333333333333,0.6666666666666666,0.6666666666666666,0.3333333333333333,0.0,0.0,0.3333333333333333,0.0,1.0,0.8333333333333334,0.3333333333333333,0.3333333333333333,0.3333333333333333,0.0,0.0,0.0,0.0,0.6666666666666666,0.3333333333333333,3.0,0.3333333333333333,3,False,False,False,False,1,0.0
official_germany_munich,Benjamin,M,,743,bɛnjamiːn,0.375,0.875,0.5,0.5,0.0,0.0,0.375,0.0,1.0,0.6875,0.25,0.375,0.25,0.25,0.125,0.125,0.0,0.5625,0.125,8.0,0.375,8,False,False,False,False,1,0.0
official_germany_munich,Charlotte,F,,848,ʃaɾlɔtə,0.4285714285714285,0.7142857142857143,0.5714285714285714,0.8571428571428571,0.0714285714285714,0.1428571428571428,0.0,0.1428571428571428,0.7142857142857143,0.6428571428571429,0.5714285714285714,0.3571428571428571,0.0,0.0714285714285714,0.2142857142857142,0.4285714285714285,0.1428571428571428,0.4285714285714285,0.0,7.0,0.4285714285714285,9,False,False,False,False,0,0.0
official_germany_munich,Clara,F,,870,klɑrɑː,0.4,0.8,0.6,0.8,0.3,0.2,0.0,0.0,0.8,0.6,0.4,0.3,0.0,0.3,0.5,0.6,0.0,0.7,0.2,5.0,0.4,5,False,False,False,False,0,0.0
official_germany_munich,David,M,,1111,daviːt,0.4,0.4,0.6,0.6,0.0,0.0,0.0,0.2,0.8,0.8,0.4,0.3,0.2,0.2,0.2,0.2,0.0,0.7,0.2,5.0,0.4,5,False,False,False,False,1,0.0
official_germany_munich,Elias,M,,932,eːliːɑːs,0.6,0.8,0.4,1.0,0.1,0.2,0.0,0.2,0.8,0.7,0.4,0.3,0.0,0.2,0.2,0.2,0.0,0.8,0.6,5.0,0.6,5,False,False,False,False,1,0.0
official_germany_munich,Ella,F,,756,ɛlɑː,0.6666666666666666,1.0,0.3333333333333333,1.0,0.1666666666666666,0.3333333333333333,0.0,0.0,1.0,0.6666666666666666,0.3333333333333333,0.3333333333333333,0.0,0.0,0.3333333333333333,0.3333333333333333,0.0,0.5,0.3333333333333333,3.0,0.6666666666666666,4,False,False,False,False,0,0.0
official_germany_munich,Emil,M,,992,eːmiːl,0.5,1.0,0.5,0.75,0.0,0.25,0.25,0.0,1.0,0.75,0.25,0.375,0.25,0.25,0.0,0.0,0.0,0.75,0.5,4.0,0.5,4,False,False,False,False,1,0.0
official_germany_munich,Emilia,F,,1443,eːmiːliːɑː,0.6666666666666666,1.0,0.3333333333333333,0.8333333333333334,0.0833333333333333,0.1666666666666666,0.1666666666666666,0.0,1.0,0.6666666666666666,0.1666666666666666,0.4166666666666667,0.1666666666666666,0.3333333333333333,0.1666666666666666,0.1666666666666666,0.0,0.8333333333333334,0.6666666666666666,6.0,0.6666666666666666,6,False,False,False,False,0,0.0
official_germany_munich,Emily,F,,547,eːmiːliː,0.6,1.0,0.4,0.8,0.0,0.2,0.2,0.0,1.0,0.7,0.2,0.4,0.2,0.4,0.0,0.0,0.0,0.8,0.6,5.0,0.6,5,False,False,False,False,0,0.0
official_germany_munich,Emma,F,,1290,ɛmɑː,0.6666666666666666,1.0,0.3333333333333333,0.6666666666666666,0.1666666666666666,0.0,0.3333333333333333,0.0,1.0,0.6666666666666666,0.0,0.5,0.3333333333333333,0.0,0.3333333333333333,0.3333333333333333,0.0,0.5,0.3333333333333333,3.0,0.6666666666666666,4,False,False,False,False,0,0.0
official_germany_munich,Felix,M,,1447,feːlɪks,0.3333333333333333,0.5,0.6666666666666666,0.8333333333333334,0.0,0.1666666666666666,0.0,0.3333333333333333,0.5,0.6666666666666666,0.3333333333333333,0.3333333333333333,0.1666666666666666,0.3333333333333333,0.0,0.1666666666666666,0.0,0.5,0.1666666666666666,6.0,0.3333333333333333,5,False,False,False,False,1,0.0
official_germany_munich,Hanna,F,,565,hanɑː,0.5,1.0,0.5,0.75,0.125,0.0,0.25,0.0,0.75,0.5,0.25,0.375,0.0,0.0,0.5,0.75,0.0,0.75,0.25,4.0,0.5,5,False,False,False,False,0,0.0
official_germany_munich,Hannah,F,,616,hanɑː,0.5,1.0,0.5,0.75,0.125,0.0,0.25,0.0,0.75,0.5,0.25,0.375,0.0,0.0,0.5,0.75,0.0,0.75,0.25,4.0,0.5,6,False,False,False,False,0,0.0
official_germany_munich,Helena,F,,722,heːlənɑː,0.5,1.0,0.5,0.8333333333333334,0.0833333333333333,0.1666666666666666,0.1666666666666666,0.0,0.8333333333333334,0.5833333333333334,0.3333333333333333,0.3333333333333333,0.0,0.0,0.1666666666666666,0.5,0.0,0.5833333333333334,0.3333333333333333,6.0,0.5,6,False,False,False,False,0,0.0
official_germany_munich,Jakob,M,,1194,jɑkoːp,0.4,0.6,0.4,0.6,0.1,0.0,0.0,0.0,0.6,0.4,0.0,0.5,0.2,0.4,0.2,0.6,0.2,0.7,0.2,5.0,0.4,5,False,False,False,False,1,0.0
official_germany_munich,Johanna,F,,706,joːhanɑː,0.5,1.0,0.3333333333333333,0.8333333333333334,0.0833333333333333,0.0,0.1666666666666666,0.0,0.8333333333333334,0.4166666666666667,0.1666666666666666,0.4166666666666667,0.0,0.1666666666666666,0.3333333333333333,0.6666666666666666,0.1666666666666666,0.75,0.3333333333333333,6.0,0.5,7,False,False,False,False,0,0.0
official_germany_munich,Jonas,M,,983,joːnɑːs,0.4,0.8,0.4,0.8,0.1,0.0,0.2,0.2,0.8,0.6,0.4,0.3,0.0,0.2,0.2,0.4,0.2,0.7,0.4,5.0,0.4,5,False,False,False,False,1,0.0
official_germany_munich,Jonathan,M,,714,joːnatɑːn,0.4285714285714285,0.8571428571428571,0.4285714285714285,0.5714285714285714,0.0714285714285714,0.0,0.2857142857142857,0.0,0.8571428571428571,0.6428571428571429,0.4285714285714285,0.2857142857142857,0.0,0.1428571428571428,0.2857142857142857,0.4285714285714285,0.1428571428571428,0.7142857142857143,0.2857142857142857,7.0,0.4285714285714285,8,False,False,False,False,1,0.0
official_germany_munich,Julia,F,,554,juːliːɑː,0.6,1.0,0.2,1.0,0.1,0.2,0.0,0.0,1.0,0.5,0.2,0.4,0.2,0.6,0.2,0.4,0.2,0.8,0.6,5.0,0.6,5,False,False,False,False,0,0.0
official_germany_munich,Julian,M,,840,juːliːɑːn,0.5,1.0,0.3333333333333333,0.8333333333333334,0.0833333333333333,0.1666666666666666,0.1666666666666666,0.0,1.0,0.5833333333333334,0.3333333333333333,0.3333333333333333,0.1666666666666666,0.5,0.1666666666666666,0.3333333333333333,0.1666666666666666,0.75,0.5,6.0,0.5,6,False,False,False,False,1,0.0
official_germany_munich,Lara,F,,714,lɑrɑː,0.5,1.0,0.5,1.0,0.375,0.25,0.0,0.0,1.0,0.75,0.5,0.25,0.0,0.125,0.625,0.5,0.0,0.75,0.25,4.0,0.5,4,False,False,False,False,0,0.0
official_germany_munich,Laura,F,,760,laʊrɑː,0.6,1.0,0.4,1.0,0.2,0.2,0.0,0.0,1.0,0.7,0.4,0.3,0.0,0.3,0.5,0.6,0.2,0.6,0.2,5.0,0.6,5,False,False,False,False,0,0.0
official_germany_munich,Lea,F,,858,leːɑː,0.6666666666666666,1.0,0.3333333333333333,1.0,0.1666666666666666,0.3333333333333333,0.0,0.0,1.0,0.6666666666666666,0.3333333333333333,0.3333333333333333,0.0,0.0,0.3333333333333333,0.3333333333333333,0.0,0.8333333333333334,0.6666666666666666,3.0,0.6666666666666666,3,False,False,False,False,0,0.0
official_germany_munich,Lena,F,,811,leːnɑː,0.5,1.0,0.5,0.75,0.125,0.25,0.25,0.0,1.0,0.75,0.5,0.25,0.0,0.0,0.25,0.25,0.0,0.75,0.5,4.0,0.5,4,False,False,False,False,0,0.0
official_germany_munich,Leo,M,,919,leːoː,0.6666666666666666,1.0,0.3333333333333333,1.0,0.0,0.3333333333333333,0.0,0.0,1.0,0.6666666666666666,0.3333333333333333,0.3333333333333333,0.0,0.0,0.0,0.3333333333333333,0.3333333333333333,0.8333333333333334,0.6666666666666666,3.0,0.6666666666666666,3,False,False,False,False,1,0.0
official_germany_munich,Leon,M,,1170,leːɔn,0.5,1.0,0.5,0.75,0.0,0.25,0.25,0.0,1.0,0.75,0.5,0.25,0.0,0.0,0.0,0.25,0.25,0.5,0.25,4.0,0.5,4,False,False,False,False,1,0.0
official_germany_munich,Leonie,F,,629,leːoːniː,0.6,1.0,0.4,0.8,0.0,0.2,0.2,0.0,1.0,0.7,0.4,0.3,0.0,0.2,0.0,0.2,0.2,0.8,0.6,5.0,0.6,6,False,False,False,False,0,0.0
official_germany_munich,Leopold,M,,702,leːoːpɔlt,0.4285714285714285,0.7142857142857143,0.5714285714285714,0.7142857142857143,0.0,0.2857142857142857,0.0,0.0,0.7142857142857143,0.7857142857142857,0.4285714285714285,0.2857142857142857,0.1428571428571428,0.0,0.0,0.2857142857142857,0.2857142857142857,0.5714285714285714,0.2857142857142857,7.0,0.4285714285714285,7,False,False,False,False,1,0.0
official_germany_munich,Lina,F,,712,liːnɑː,0.5,1.0,0.5,0.75,0.125,0.25,0.25,0.0,1.0,0.75,0.5,0.25,0.0,0.25,0.25,0.25,0.0,0.75,0.5,4.0,0.5,4,False,False,False,False,0,0.0
official_germany_munich,Louis,M,,565,luːɪs,0.5,0.75,0.5,1.0,0.0,0.25,0.0,0.25,0.75,0.75,0.5,0.25,0.25,0.5,0.0,0.25,0.25,0.5,0.25,4.0,0.5,5,False,False,False,False,1,0.0
official_germany_munich,Luca,M,,710,luːkɑː,0.5,0.75,0.5,0.75,0.125,0.25,0.0,0.0,0.75,0.5,0.25,0.375,0.25,0.5,0.25,0.75,0.25,0.75,0.5,4.0,0.5,4,False,False,False,False,1,0.0
official_germany_munich,Ludwig,M,,622,lʊdvɪç,0.3333333333333333,0.5,0.6666666666666666,0.8333333333333334,0.0,0.1666666666666666,0.0,0.1666666666666666,0.8333333333333334,0.6666666666666666,0.3333333333333333,0.3333333333333333,0.1666666666666666,0.5,0.0,0.1666666666666666,0.1666666666666666,0.3333333333333333,0.0,6.0,0.3333333333333333,6,False,False,False,False,1,0.0
official_germany_munich,Luis,M,,774,luːɪs,0.5,0.75,0.5,1.0,0.0,0.25,0.0,0.25,0.75,0.75,0.5,0.25,0.25,0.5,0.0,0.25,0.25,0.5,0.25,4.0,0.5,4,False,False,False,False,1,0.0
official_germany_munich,Luisa,F,,792,luːiːzɑː,0.6,0.8,0.4,1.0,0.1,0.2,0.0,0.2,1.0,0.7,0.4,0.3,0.2,0.4,0.2,0.4,0.2,0.8,0.6,5.0,0.6,5,False,False,False,False,0,0.0
official_germany_munich,Lukas,M,,1113,luːkɑːs,0.4,0.6,0.6,0.8,0.1,0.2,0.0,0.2,0.6,0.6,0.4,0.3,0.2,0.4,0.2,0.6,0.2,0.7,0.4,5.0,0.4,5,False,False,False,False,1,0.0
official_germany_munich,Maria,F,,581,mariːɑː,0.6,1.0,0.4,0.8,0.2,0.0,0.2,0.0,1.0,0.7,0.2,0.4,0.2,0.3,0.5,0.4,0.0,0.8,0.4,5.0,0.6,5,False,False,False,False,0,0.0
official_germany_munich,Marie,F,,985,mariː,0.5,1.0,0.5,0.75,0.125,0.0,0.25,0.0,1.0,0.75,0.25,0.375,0.25,0.375,0.375,0.25,0.0,0.75,0.25,4.0,0.5,5,False,False,False,False,0,0.0
official_germany_munich,Maximilian,M,,1751,maksiːmiːliːɑːn,0.4545454545454545,0.8181818181818182,0.5454545454545454,0.6363636363636364,0.0454545454545454,0.0909090909090909,0.2727272727272727,0.0909090909090909,0.8181818181818182,0.6818181818181818,0.2727272727272727,0.3636363636363636,0.1818181818181818,0.3636363636363636,0.1818181818181818,0.2727272727272727,0.0,0.7272727272727273,0.3636363636363636,11.0,0.4545454545454545,10,False,False,False,False,1,0.0
official_germany_munich,Mia,F,,967,miːɑː,0.6666666666666666,1.0,0.3333333333333333,0.6666666666666666,0.1666666666666666,0.0,0.3333333333333333,0.0,1.0,0.6666666666666666,0.0,0.5,0.3333333333333333,0.3333333333333333,0.3333333333333333,0.3333333333333333,0.0,0.8333333333333334,0.6666666666666666,3.0,0.6666666666666666,3,False,False,False,False,0,0.0
official_germany_munich,Mila,F,,753,miːlɑː,0.5,1.0,0.5,0.75,0.125,0.25,0.25,0.0,1.0,0.75,0.25,0.375,0.25,0.25,0.25,0.25,0.0,0.75,0.5,4.0,0.5,4,False,False,False,False,0,0.0
official_germany_munich,Moritz,M,,952,moːrɪts,0.3333333333333333,0.6666666666666666,0.6666666666666666,0.6666666666666666,0.0833333333333333,0.0,0.1666666666666666,0.1666666666666666,0.6666666666666666,0.8333333333333334,0.5,0.25,0.1666666666666666,0.25,0.0833333333333333,0.1666666666666666,0.1666666666666666,0.5,0.1666666666666666,6.0,0.3333333333333333,6,False,False,False,False,1,0.0
official_germany_munich,Noah,M,,1166,noːɑː,0.6666666666666666,1.0,0.3333333333333333,0.6666666666666666,0.1666666666666666,0.0,0.3333333333333333,0.0,1.0,0.6666666666666666,0.3333333333333333,0.3333333333333333,0.0,0.0,0.3333333333333333,0.6666666666666666,0.3333333333333333,0.8333333333333334,0.6666666666666666,3.0,0.6666666666666666,4,False,False,False,False,1,0.0
official_germany_munich,Nora,F,,595,noːrɑː,0.5,1.0,0.5,0.75,0.25,0.0,0.25,0.0,1.0,0.75,0.5,0.25,0.0,0.125,0.375,0.5,0.25,0.75,0.5,4.0,0.5,4,False,False,False,False,0,0.0
official_germany_munich,Oskar,M,,694,ɔskɑːɾ,0.4,0.6,0.6,0.8,0.2,0.0,0.0,0.2,0.6,0.6,0.4,0.3,0.0,0.3,0.3,0.6,0.2,0.5,0.2,5.0,0.4,5,False,False,False,False,1,0.0
official_germany_munich,Paul,M,,1220,paʊl,0.5,0.75,0.5,0.75,0.0,0.25,0.0,0.0,0.75,0.75,0.25,0.375,0.25,0.25,0.25,0.5,0.25,0.5,0.0,4.0,0.5,4,False,False,False,False,1,0.0
official_germany_munich,Paula,F,,646,paʊlɑː,0.6,0.8,0.4,0.8,0.1,0.2,0.0,0.0,0.8,0.7,0.2,0.4,0.2,0.2,0.4,0.6,0.2,0.6,0.2,5.0,0.6,5,False,False,False,False,0,0.0
official_germany_munich,Samuel,M,,805,zɑmuːəl,0.5,0.8333333333333334,0.5,0.8333333333333334,0.0833333333333333,0.1666666666666666,0.1666666666666666,0.1666666666666666,1.0,0.75,0.3333333333333333,0.3333333333333333,0.3333333333333333,0.1666666666666666,0.1666666666666666,0.5,0.1666666666666666,0.5833333333333334,0.1666666666666666,6.0,0.5,6,False,False,False,False,1,0.0
official_germany_munich,Sofia,F,,620,zoːfiːɑː,0.6,0.6,0.4,1.0,0.1,0.0,0.0,0.4,0.8,0.7,0.2,0.4,0.2,0.2,0.2,0.4,0.2,0.8,0.6,5.0,0.6,5,False,False,False,False,0,0.0
official_germany_munich,Sophia,F,,1148,zoːfiːɑː,0.6,0.6,0.4,1.0,0.1,0.0,0.0,0.4,0.8,0.7,0.2,0.4,0.2,0.2,0.2,0.4,0.2,0.8,0.6,5.0,0.6,6,False,False,False,False,0,0.0
official_germany_munich,Sophie,F,,823,zoːfiː,0.5,0.5,0.5,1.0,0.0,0.0,0.0,0.5,0.75,0.75,0.25,0.375,0.25,0.25,0.0,0.25,0.25,0.75,0.5,4.0,0.5,6,False,False,False,False,0,0.0
official_germany_munich,Theo,M,,663,teːoː,0.6666666666666666,0.6666666666666666,0.3333333333333333,0.6666666666666666,0.0,0.0,0.0,0.0,0.6666666666666666,0.6666666666666666,0.3333333333333333,0.3333333333333333,0.0,0.0,0.0,0.3333333333333333,0.3333333333333333,0.8333333333333334,0.6666666666666666,3.0,0.6666666666666666,4,False,False,False,False,1,0.0
official_germany_munich,Theodor,M,,591,teːoːdoːɾ,0.5,0.6666666666666666,0.5,0.6666666666666666,0.0833333333333333,0.0,0.0,0.0,0.8333333333333334,0.75,0.5,0.25,0.0,0.0833333333333333,0.0833333333333333,0.3333333333333333,0.3333333333333333,0.75,0.5,6.0,0.5,7,False,False,False,False,1,0.0
official_germany_munich,Valentin,M,,939,vɑləntɪn,0.375,0.75,0.625,0.625,0.0625,0.125,0.25,0.125,0.875,0.8125,0.5,0.25,0.125,0.125,0.125,0.25,0.0,0.4375,0.0,8.0,0.375,8,False,False,False,False,1,0.0
official_germany_munich,Vincent,M,,858,vɪnkɛnt,0.2857142857142857,0.5714285714285714,0.7142857142857143,0.4285714285714285,0.0,0.0,0.2857142857142857,0.1428571428571428,0.7142857142857143,0.7142857142857143,0.4285714285714285,0.2857142857142857,0.1428571428571428,0.2857142857142857,0.0,0.1428571428571428,0.0,0.3571428571428571,0.0,7.0,0.2857142857142857,7,False,False,False,False,1,0.0
official_greenland,Aputsiaq,M,,6,aputsiaq,0.5,0.5,0.5,0.625,0.0,0.0,0.0,0.125,0.5,0.625,0.25,0.375,0.25,0.25,0.25,0.5,0.125,0.75,0.0,8.0,0.5,8,False,False,False,False,1,0.0
official_greenland,Ikke-Navngivet,F,,202,ikːɛnavŋivɛt,0.4545454545454545,0.6363636363636364,0.5454545454545454,0.6363636363636364,0.0,0.0,0.1818181818181818,0.1818181818181818,0.8181818181818182,0.5909090909090909,0.1818181818181818,0.4090909090909091,0.1818181818181818,0.3636363636363636,0.0909090909090909,0.2727272727272727,0.0,0.5454545454545454,0.0909090909090909,11.0,0.4545454545454545,14,False,False,False,False,0,0.0
official_greenland,Ikke-Navngivet,M,,181,ikːɛnavŋivɛt,0.4545454545454545,0.6363636363636364,0.5454545454545454,0.6363636363636364,0.0,0.0,0.1818181818181818,0.1818181818181818,0.8181818181818182,0.5909090909090909,0.1818181818181818,0.4090909090909091,0.1818181818181818,0.3636363636363636,0.0909090909090909,0.2727272727272727,0.0,0.5454545454545454,0.0909090909090909,11.0,0.4545454545454545,14,False,False,False,False,1,0.0
official_greenland,Inuk,M,,59,inuk,0.5,0.75,0.5,0.5,0.0,0.0,0.25,0.0,0.75,0.5,0.25,0.375,0.25,0.75,0.0,0.5,0.25,0.75,0.0,4.0,0.5,4,False,False,False,False,1,0.0
official_greenland,Inutsiaq,M,,15,inutsiaq,0.5,0.625,0.5,0.625,0.0,0.0,0.125,0.125,0.625,0.625,0.375,0.3125,0.125,0.375,0.125,0.375,0.125,0.75,0.0,8.0,0.5,8,False,False,False,False,1,0.0
official_greenland,Inuuna,F,,6,inuːna,0.6,1.0,0.4,0.6,0.0,0.0,0.4,0.0,1.0,0.7,0.4,0.3,0.2,0.4,0.2,0.4,0.2,0.8,0.2,5.0,0.6,6,False,False,False,False,0,0.0
official_greenland,Inuuteq,M,,8,inuːtɛq,0.5,0.6666666666666666,0.5,0.5,0.0,0.0,0.1666666666666666,0.0,0.6666666666666666,0.5833333333333334,0.3333333333333333,0.3333333333333333,0.1666666666666666,0.3333333333333333,0.0,0.3333333333333333,0.1666666666666666,0.5833333333333334,0.1666666666666666,6.0,0.5,7,False,False,False,False,1,0.0
official_greenland,Isabella,F,,6,isabɛɬa,0.5714285714285714,0.5714285714285714,0.4285714285714285,0.8571428571428571,0.1428571428571428,0.1428571428571428,0.0,0.1428571428571428,0.7142857142857143,0.7142857142857143,0.2857142857142857,0.3571428571428571,0.1428571428571428,0.2142857142857142,0.3571428571428571,0.2857142857142857,0.0,0.6428571428571429,0.0,7.0,0.5714285714285714,8,False,False,False,False,0,0.0
official_greenland,Ivaana,F,,36,ivaːna,0.6,0.8,0.4,0.8,0.0,0.0,0.2,0.2,1.0,0.7,0.2,0.4,0.2,0.2,0.4,0.4,0.0,0.8,0.2,5.0,0.6,6,False,False,False,False,0,0.0
official_greenland,Ivalu,F,,13,ivalu,0.6,0.8,0.4,1.0,0.0,0.2,0.0,0.2,1.0,0.7,0.2,0.4,0.4,0.4,0.2,0.4,0.2,0.8,0.0,5.0,0.6,5,False,False,False,False,0,0.0
official_greenland,Ivik,M,,15,ivik,0.5,0.5,0.5,0.75,0.0,0.0,0.0,0.25,0.75,0.5,0.0,0.5,0.25,0.75,0.0,0.25,0.0,0.75,0.0,4.0,0.5,4,False,False,False,False,1,0.0
official_greenland,Kimmernaq,F,,6,kimmɛʀnaq,0.3333333333333333,0.7777777777777778,0.6666666666666666,0.4444444444444444,0.0555555555555555,0.0,0.3333333333333333,0.0,0.7777777777777778,0.5,0.1111111111111111,0.4444444444444444,0.2222222222222222,0.2222222222222222,0.1111111111111111,0.4444444444444444,0.0,0.5555555555555556,0.0,9.0,0.3333333333333333,9,False,False,False,False,0,0.0
official_greenland,Laura,F,,6,lauʀa,0.6,1.0,0.4,1.0,0.1,0.2,0.0,0.0,1.0,0.5,0.2,0.4,0.2,0.2,0.4,0.8,0.2,0.8,0.0,5.0,0.6,5,False,False,False,False,0,0.0
official_greenland,Leo,M,,8,lɛo,0.6666666666666666,1.0,0.3333333333333333,1.0,0.0,0.3333333333333333,0.0,0.0,1.0,0.6666666666666666,0.3333333333333333,0.3333333333333333,0.0,0.0,0.0,0.3333333333333333,0.3333333333333333,0.5,0.0,3.0,0.6666666666666666,3,False,False,False,False,1,0.0
official_greenland,Liam,M,,17,liam,0.5,1.0,0.5,0.75,0.0,0.25,0.25,0.0,1.0,0.75,0.25,0.375,0.25,0.25,0.25,0.25,0.0,0.75,0.0,4.0,0.5,4,False,False,False,False,1,0.0
official_greenland,Lucas,M,,7,lukas,0.4,0.6,0.6,0.8,0.0,0.2,0.0,0.2,0.6,0.6,0.4,0.3,0.2,0.4,0.2,0.6,0.2,0.7,0.0,5.0,0.4,5,False,False,False,False,1,0.0
official_greenland,Maligiaq,M,,8,maliɣiaq,0.5,0.75,0.5,0.75,0.0,0.125,0.125,0.0,0.875,0.5,0.125,0.4375,0.125,0.375,0.25,0.5,0.0,0.75,0.0,8.0,0.5,8,False,False,False,False,1,0.0
official_greenland,Malik,M,,8,malik,0.4,0.8,0.6,0.6,0.0,0.2,0.2,0.0,0.8,0.6,0.2,0.4,0.2,0.4,0.2,0.4,0.0,0.7,0.0,5.0,0.4,5,False,False,False,False,1,0.0
official_greenland,Malu,F,,7,malu,0.5,1.0,0.5,0.75,0.0,0.25,0.25,0.0,1.0,0.75,0.25,0.375,0.5,0.25,0.25,0.5,0.25,0.75,0.0,4.0,0.5,4,False,False,False,False,0,0.0
official_greenland,Maya,F,,7,maja,0.5,1.0,0.25,0.75,0.0,0.0,0.25,0.0,1.0,0.5,0.0,0.5,0.25,0.25,0.5,0.5,0.0,0.75,0.0,4.0,0.5,4,False,False,False,False,0,0.0
official_greenland,Minik,M,,21,minik,0.4,0.8,0.6,0.4,0.0,0.0,0.4,0.0,0.8,0.6,0.2,0.4,0.2,0.6,0.0,0.2,0.0,0.7,0.0,5.0,0.4,5,False,False,False,False,1,0.0
official_greenland,Naja,F,,6,naja,0.5,1.0,0.25,0.75,0.0,0.0,0.25,0.0,1.0,0.5,0.25,0.375,0.0,0.25,0.5,0.5,0.0,0.75,0.0,4.0,0.5,4,False,False,False,False,0,0.0
official_greenland,Nivi,F,,17,nivi,0.5,0.75,0.5,0.75,0.0,0.0,0.25,0.25,1.0,0.75,0.25,0.375,0.25,0.5,0.0,0.0,0.0,0.75,0.0,4.0,0.5,4,False,False,False,False,0,0.0
official_greenland,Niviaq,F,,13,niviaq,0.5,0.6666666666666666,0.5,0.6666666666666666,0.0,0.0,0.1666666666666666,0.1666666666666666,0.8333333333333334,0.5833333333333334,0.1666666666666666,0.4166666666666667,0.1666666666666666,0.3333333333333333,0.1666666666666666,0.3333333333333333,0.0,0.75,0.0,6.0,0.5,6,False,False,False,False,0,0.0
official_greenland,Norsaq,M,,16,noʀsaq,0.3333333333333333,0.6666666666666666,0.6666666666666666,0.6666666666666666,0.0833333333333333,0.0,0.1666666666666666,0.1666666666666666,0.6666666666666666,0.5,0.3333333333333333,0.3333333333333333,0.0,0.0,0.1666666666666666,0.6666666666666666,0.1666666666666666,0.6666666666666666,0.0,6.0,0.3333333333333333,6,False,False,False,False,1,0.0
official_greenland,Nukaaka,F,,6,nukaːka,0.5,0.6666666666666666,0.5,0.5,0.0,0.0,0.1666666666666666,0.0,0.6666666666666666,0.4166666666666667,0.1666666666666666,0.4166666666666667,0.1666666666666666,0.5,0.3333333333333333,0.8333333333333334,0.1666666666666666,0.75,0.1666666666666666,6.0,0.5,7,False,False,False,False,0,0.0
official_greenland,Nuunu,F,,5,nuːnu,0.5,1.0,0.5,0.5,0.0,0.0,0.5,0.0,1.0,0.75,0.5,0.25,0.5,0.5,0.0,0.5,0.5,0.75,0.25,4.0,0.5,5,False,False,False,False,0,0.0
official_greenland,Paneeraq,F,,6,panɛːʀaq,0.4285714285714285,0.7142857142857143,0.5714285714285714,0.5714285714285714,0.0714285714285714,0.0,0.1428571428571428,0.0,0.7142857142857143,0.5,0.1428571428571428,0.4285714285714285,0.1428571428571428,0.0,0.2857142857142857,0.5714285714285714,0.0,0.5714285714285714,0.1428571428571428,7.0,0.4285714285714285,8,False,False,False,False,0,0.0
official_greenland,Paninnguaq,F,,6,paniŋŋuaq,0.4444444444444444,0.7777777777777778,0.5555555555555556,0.4444444444444444,0.0,0.0,0.3333333333333333,0.0,0.7777777777777778,0.4444444444444444,0.1111111111111111,0.4444444444444444,0.2222222222222222,0.4444444444444444,0.2222222222222222,0.6666666666666666,0.1111111111111111,0.7222222222222222,0.0,9.0,0.4444444444444444,10,False,False,False,False,0,0.0
official_greenland,Pipaluk,F,,18,pipaluk,0.4285714285714285,0.5714285714285714,0.5714285714285714,0.5714285714285714,0.0,0.1428571428571428,0.0,0.0,0.5714285714285714,0.6428571428571429,0.1428571428571428,0.4285714285714285,0.4285714285714285,0.4285714285714285,0.1428571428571428,0.4285714285714285,0.1428571428571428,0.7142857142857143,0.0,7.0,0.4285714285714285,7,False,False,False,False,0,0.0
official_greenland,Qillaq,M,,16,qiɬaq,0.4,0.4,0.6,0.6,0.2,0.2,0.0,0.0,0.4,0.4,0.2,0.4,0.0,0.3,0.3,0.6,0.0,0.7,0.0,5.0,0.4,6,False,False,False,False,1,0.0
official_greenland,Salik,M,,7,salik,0.4,0.6,0.6,0.8,0.0,0.2,0.0,0.2,0.6,0.6,0.4,0.3,0.0,0.4,0.2,0.4,0.0,0.7,0.0,5.0,0.4,5,False,False,False,False,1,0.0
official_greenland,Uiloq,F,,8,uiloq,0.6,0.8,0.4,0.8,0.0,0.2,0.0,0.0,0.8,0.5,0.2,0.4,0.2,0.4,0.0,0.6,0.4,0.8,0.0,5.0,0.6,5,False,False,False,False,0,0.0
official_greenland,Ulloriaq,M,,7,uɬoʀiaq,0.5714285714285714,0.7142857142857143,0.4285714285714285,0.8571428571428571,0.2142857142857142,0.1428571428571428,0.0,0.0,0.7142857142857143,0.4285714285714285,0.1428571428571428,0.4285714285714285,0.1428571428571428,0.3571428571428571,0.2142857142857142,0.7142857142857143,0.2857142857142857,0.7857142857142857,0.0,7.0,0.5714285714285714,8,False,False,False,False,1,0.0
official_greenland_greenlandic_names,Aputsiaq,M,,6,aputsiaq,0.5,0.5,0.5,0.625,0.0,0.0,0.0,0.125,0.5,0.625,0.25,0.375,0.25,0.25,0.25,0.5,0.125,0.75,0.0,8.0,0.5,8,False,False,False,False,1,0.0
official_greenland_greenlandic_names,Inuk,M,,65,inuk,0.5,0.75,0.5,0.5,0.0,0.0,0.25,0.0,0.75,0.5,0.25,0.375,0.25,0.75,0.0,0.5,0.25,0.75,0.0,4.0,0.5,4,False,False,False,False,1,0.0
official_greenland_greenlandic_names,Inunnguaq,M,,12,inuŋŋuaq,0.5,0.875,0.5,0.5,0.0,0.0,0.375,0.0,0.875,0.375,0.125,0.4375,0.25,0.625,0.125,0.75,0.25,0.75,0.0,8.0,0.5,9,False,False,False,False,1,0.0
official_greenland_greenlandic_names,Inutsiaq,M,,15,inutsiaq,0.5,0.625,0.5,0.625,0.0,0.0,0.125,0.125,0.625,0.625,0.375,0.3125,0.125,0.375,0.125,0.375,0.125,0.75,0.0,8.0,0.5,8,False,False,False,False,1,0.0
official_greenland_greenlandic_names,Inuuna,F,,6,inuːna,0.6,1.0,0.4,0.6,0.0,0.0,0.4,0.0,1.0,0.7,0.4,0.3,0.2,0.4,0.2,0.4,0.2,0.8,0.2,5.0,0.6,6,False,False,False,False,0,0.0
official_greenland_greenlandic_names,Inuuteq,M,,8,inuːtɛq,0.5,0.6666666666666666,0.5,0.5,0.0,0.0,0.1666666666666666,0.0,0.6666666666666666,0.5833333333333334,0.3333333333333333,0.3333333333333333,0.1666666666666666,0.3333333333333333,0.0,0.3333333333333333,0.1666666666666666,0.5833333333333334,0.1666666666666666,6.0,0.5,7,False,False,False,False,1,0.0
official_greenland_greenlandic_names,Ivaana,F,,41,ivaːna,0.6,0.8,0.4,0.8,0.0,0.0,0.2,0.2,1.0,0.7,0.2,0.4,0.2,0.2,0.4,0.4,0.0,0.8,0.2,5.0,0.6,6,False,False,False,False,0,0.0
official_greenland_greenlandic_names,Ivalu,F,,18,ivalu,0.6,0.8,0.4,1.0,0.0,0.2,0.0,0.2,1.0,0.7,0.2,0.4,0.4,0.4,0.2,0.4,0.2,0.8,0.0,5.0,0.6,5,False,False,False,False,0,0.0
official_greenland_greenlandic_names,Ivik,M,,15,ivik,0.5,0.5,0.5,0.75,0.0,0.0,0.0,0.25,0.75,0.5,0.0,0.5,0.25,0.75,0.0,0.25,0.0,0.75,0.0,4.0,0.5,4,False,False,False,False,1,0.0
official_greenland_greenlandic_names,Kimmernaq,F,,6,kimmɛʀnaq,0.3333333333333333,0.7777777777777778,0.6666666666666666,0.4444444444444444,0.0555555555555555,0.0,0.3333333333333333,0.0,0.7777777777777778,0.5,0.1111111111111111,0.4444444444444444,0.2222222222222222,0.2222222222222222,0.1111111111111111,0.4444444444444444,0.0,0.5555555555555556,0.0,9.0,0.3333333333333333,9,False,False,False,False,0,0.0
official_greenland_greenlandic_names,Maligiaq,M,,8,maliɣiaq,0.5,0.75,0.5,0.75,0.0,0.125,0.125,0.0,0.875,0.5,0.125,0.4375,0.125,0.375,0.25,0.5,0.0,0.75,0.0,8.0,0.5,8,False,False,False,False,1,0.0
official_greenland_greenlandic_names,Malik,M,,14,malik,0.4,0.8,0.6,0.6,0.0,0.2,0.2,0.0,0.8,0.6,0.2,0.4,0.2,0.4,0.2,0.4,0.0,0.7,0.0,5.0,0.4,5,False,False,False,False,1,0.0
official_greenland_greenlandic_names,Malu,F,,7,malu,0.5,1.0,0.5,0.75,0.0,0.25,0.25,0.0,1.0,0.75,0.25,0.375,0.5,0.25,0.25,0.5,0.25,0.75,0.0,4.0,0.5,4,False,False,False,False,0,0.0
official_greenland_greenlandic_names,Minik,M,,21,minik,0.4,0.8,0.6,0.4,0.0,0.0,0.4,0.0,0.8,0.6,0.2,0.4,0.2,0.6,0.0,0.2,0.0,0.7,0.0,5.0,0.4,5,False,False,False,False,1,0.0
official_greenland_greenlandic_names,Naja,F,,6,naja,0.5,1.0,0.25,0.75,0.0,0.0,0.25,0.0,1.0,0.5,0.25,0.375,0.0,0.25,0.5,0.5,0.0,0.75,0.0,4.0,0.5,4,False,False,False,False,0,0.0
official_greenland_greenlandic_names,Natuk,F,,5,natuk,0.4,0.6,0.6,0.4,0.0,0.0,0.2,0.0,0.6,0.6,0.4,0.3,0.2,0.4,0.2,0.6,0.2,0.7,0.0,5.0,0.4,5,False,False,False,False,0,0.0
official_greenland_greenlandic_names,Nivi,F,,22,nivi,0.5,0.75,0.5,0.75,0.0,0.0,0.25,0.25,1.0,0.75,0.25,0.375,0.25,0.5,0.0,0.0,0.0,0.75,0.0,4.0,0.5,4,False,False,False,False,0,0.0
official_greenland_greenlandic_names,Niviaq,F,,13,niviaq,0.5,0.6666666666666666,0.5,0.6666666666666666,0.0,0.0,0.1666666666666666,0.1666666666666666,0.8333333333333334,0.5833333333333334,0.1666666666666666,0.4166666666666667,0.1666666666666666,0.3333333333333333,0.1666666666666666,0.3333333333333333,0.0,0.75,0.0,6.0,0.5,6,False,False,False,False,0,0.0
official_greenland_greenlandic_names,Norsaq,M,,16,noʀsaq,0.3333333333333333,0.6666666666666666,0.6666666666666666,0.6666666666666666,0.0833333333333333,0.0,0.1666666666666666,0.1666666666666666,0.6666666666666666,0.5,0.3333333333333333,0.3333333333333333,0.0,0.0,0.1666666666666666,0.6666666666666666,0.1666666666666666,0.6666666666666666,0.0,6.0,0.3333333333333333,6,False,False,False,False,1,0.0
official_greenland_greenlandic_names,Nuka,M,,6,nuka,0.5,0.75,0.5,0.5,0.0,0.0,0.25,0.0,0.75,0.5,0.25,0.375,0.25,0.5,0.25,0.75,0.25,0.75,0.0,4.0,0.5,4,False,False,False,False,1,0.0
official_greenland_greenlandic_names,Nukaaka,F,,6,nukaːka,0.5,0.6666666666666666,0.5,0.5,0.0,0.0,0.1666666666666666,0.0,0.6666666666666666,0.4166666666666667,0.1666666666666666,0.4166666666666667,0.1666666666666666,0.5,0.3333333333333333,0.8333333333333334,0.1666666666666666,0.75,0.1666666666666666,6.0,0.5,7,False,False,False,False,0,0.0
official_greenland_greenlandic_names,Nuunu,F,,5,nuːnu,0.5,1.0,0.5,0.5,0.0,0.0,0.5,0.0,1.0,0.75,0.5,0.25,0.5,0.5,0.0,0.5,0.5,0.75,0.25,4.0,0.5,5,False,False,False,False,0,0.0
official_greenland_greenlandic_names,Paneeraq,F,,6,panɛːʀaq,0.4285714285714285,0.7142857142857143,0.5714285714285714,0.5714285714285714,0.0714285714285714,0.0,0.1428571428571428,0.0,0.7142857142857143,0.5,0.1428571428571428,0.4285714285714285,0.1428571428571428,0.0,0.2857142857142857,0.5714285714285714,0.0,0.5714285714285714,0.1428571428571428,7.0,0.4285714285714285,8,False,False,False,False,0,0.0
official_greenland_greenlandic_names,Paninnguaq,F,,11,paniŋŋuaq,0.4444444444444444,0.7777777777777778,0.5555555555555556,0.4444444444444444,0.0,0.0,0.3333333333333333,0.0,0.7777777777777778,0.4444444444444444,0.1111111111111111,0.4444444444444444,0.2222222222222222,0.4444444444444444,0.2222222222222222,0.6666666666666666,0.1111111111111111,0.7222222222222222,0.0,9.0,0.4444444444444444,10,False,False,False,False,0,0.0
official_greenland_greenlandic_names,Pipaluk,F,,13,pipaluk,0.4285714285714285,0.5714285714285714,0.5714285714285714,0.5714285714285714,0.0,0.1428571428571428,0.0,0.0,0.5714285714285714,0.6428571428571429,0.1428571428571428,0.4285714285714285,0.4285714285714285,0.4285714285714285,0.1428571428571428,0.4285714285714285,0.1428571428571428,0.7142857142857143,0.0,7.0,0.4285714285714285,7,False,False,False,False,0,0.0
official_greenland_greenlandic_names,Qillaq,M,,16,qiɬaq,0.4,0.4,0.6,0.6,0.2,0.2,0.0,0.0,0.4,0.4,0.2,0.4,0.0,0.3,0.3,0.6,0.0,0.7,0.0,5.0,0.4,6,False,False,False,False,1,0.0
official_greenland_greenlandic_names,Salik,M,,7,salik,0.4,0.6,0.6,0.8,0.0,0.2,0.0,0.2,0.6,0.6,0.4,0.3,0.0,0.4,0.2,0.4,0.0,0.7,0.0,5.0,0.4,5,False,False,False,False,1,0.0
official_greenland_greenlandic_names,Uiloq,F,,18,uiloq,0.6,0.8,0.4,0.8,0.0,0.2,0.0,0.0,0.8,0.5,0.2,0.4,0.2,0.4,0.0,0.6,0.4,0.8,0.0,5.0,0.6,5,False,False,False,False,0,0.0
official_greenland_greenlandic_names,Ulloriaq,M,,19,uɬoʀiaq,0.5714285714285714,0.7142857142857143,0.4285714285714285,0.8571428571428571,0.2142857142857142,0.1428571428571428,0.0,0.0,0.7142857142857143,0.4285714285714285,0.1428571428571428,0.4285714285714285,0.1428571428571428,0.3571428571428571,0.2142857142857142,0.7142857142857143,0.2857142857142857,0.7857142857142857,0.0,7.0,0.5714285714285714,8,False,False,False,False,1,0.0
official_hungary,ADÉL,F,,851,ɑdeːl,0.5,0.75,0.5,0.75,0.125,0.25,0.0,0.0,1.0,0.75,0.5,0.25,0.0,0.0,0.25,0.25,0.0,0.75,0.25,4.0,0.5,4,False,False,False,False,0,0.0
official_hungary,ALÍZ,F,,966,ɑliːz,0.5,0.75,0.5,1.0,0.125,0.25,0.0,0.25,1.0,0.75,0.5,0.25,0.0,0.25,0.25,0.25,0.0,0.75,0.25,4.0,0.5,4,False,False,False,False,0,0.0
official_hungary,ANNA,F,,1829,ɑnnɑ,0.5,1.0,0.5,0.5,0.25,0.0,0.5,0.0,1.0,0.75,0.5,0.25,0.0,0.0,0.5,0.5,0.0,0.75,0.0,4.0,0.5,4,False,False,False,False,0,0.0
official_hungary,BALÁZS,M,,1123,bɑlaːʒ,0.4,0.6,0.6,0.8,0.1,0.2,0.0,0.2,1.0,0.6,0.4,0.5,0.2,0.0,0.4,0.4,0.0,0.7,0.2,5.0,0.4,6,False,False,False,False,1,0.0
official_hungary,BARNABÁS,M,,892,bɑrnɑbaːʃ,0.375,0.625,0.625,0.625,0.1875,0.0,0.125,0.125,0.875,0.6875,0.375,0.4375,0.25,0.0625,0.4375,0.375,0.0,0.6875,0.125,8.0,0.375,8,False,False,False,False,1,0.0
official_hungary,BELLA,F,,758,bɛllɑ,0.4,0.8,0.6,0.8,0.1,0.4,0.0,0.0,1.0,0.8,0.4,0.3,0.2,0.0,0.2,0.2,0.0,0.5,0.0,5.0,0.4,5,False,False,False,False,0,0.0
official_hungary,BENCE,M,,2003,bɛntsɛ,0.3333333333333333,0.5,0.6666666666666666,0.5,0.0,0.0,0.1666666666666666,0.1666666666666666,0.6666666666666666,0.8333333333333334,0.5,0.25,0.1666666666666666,0.0,0.0,0.0,0.0,0.3333333333333333,0.0,6.0,0.3333333333333333,5,False,False,False,False,1,0.0
official_hungary,BENEDEK,M,,1063,bɛnɛdɛk,0.4285714285714285,0.5714285714285714,0.5714285714285714,0.4285714285714285,0.0,0.0,0.1428571428571428,0.0,0.8571428571428571,0.6428571428571429,0.2857142857142857,0.3571428571428571,0.1428571428571428,0.1428571428571428,0.0,0.1428571428571428,0.0,0.2857142857142857,0.0,7.0,0.4285714285714285,7,False,False,False,False,1,0.0
official_hungary,BENETT,M,,1621,bɛnɛtː,0.4,0.6,0.6,0.4,0.0,0.0,0.2,0.0,0.8,0.8,0.4,0.3,0.2,0.0,0.0,0.0,0.0,0.3,0.2,5.0,0.4,6,False,False,False,False,1,0.0
official_hungary,BOGLÁRKA,F,,1120,boɡlaːrkɑ,0.375,0.625,0.625,0.625,0.125,0.125,0.0,0.0,0.875,0.5625,0.25,0.375,0.125,0.3125,0.3125,0.625,0.125,0.6875,0.125,8.0,0.375,8,False,False,False,False,0,0.0
official_hungary,BOTOND,M,,1643,botond,0.3333333333333333,0.5,0.6666666666666666,0.3333333333333333,0.0,0.0,0.1666666666666666,0.0,0.8333333333333334,0.8333333333333334,0.5,0.25,0.1666666666666666,0.0,0.0,0.3333333333333333,0.3333333333333333,0.6666666666666666,0.0,6.0,0.3333333333333333,6,False,False,False,False,1,0.0
official_hungary,BÁLINT,M,,913,baːlint,0.3333333333333333,0.6666666666666666,0.6666666666666666,0.5,0.0,0.1666666666666666,0.1666666666666666,0.0,0.8333333333333334,0.8333333333333334,0.5,0.25,0.1666666666666666,0.1666666666666666,0.1666666666666666,0.1666666666666666,0.0,0.6666666666666666,0.1666666666666666,6.0,0.3333333333333333,6,False,False,False,False,1,0.0
official_hungary,DOMINIK,M,,2579,dominik,0.4285714285714285,0.7142857142857143,0.5714285714285714,0.4285714285714285,0.0,0.0,0.2857142857142857,0.0,0.8571428571428571,0.6428571428571429,0.2857142857142857,0.3571428571428571,0.1428571428571428,0.4285714285714285,0.0,0.2857142857142857,0.1428571428571428,0.7142857142857143,0.0,7.0,0.4285714285714285,7,False,False,False,False,1,0.0
official_hungary,DÁNIEL,M,,1714,daːniɛl,0.5,0.8333333333333334,0.5,0.6666666666666666,0.0,0.1666666666666666,0.1666666666666666,0.0,1.0,0.75,0.5,0.25,0.0,0.1666666666666666,0.1666666666666666,0.1666666666666666,0.0,0.5833333333333334,0.1666666666666666,6.0,0.5,6,False,False,False,False,1,0.0
official_hungary,DÁVID,M,,1409,daːvid,0.4,0.4,0.6,0.6,0.0,0.0,0.0,0.2,1.0,0.8,0.4,0.3,0.2,0.2,0.2,0.2,0.0,0.7,0.2,5.0,0.4,5,False,False,False,False,1,0.0
official_hungary,EMMA,F,,1670,ɛmmɑ,0.5,1.0,0.5,0.5,0.125,0.0,0.5,0.0,1.0,0.75,0.0,0.5,0.5,0.0,0.25,0.25,0.0,0.5,0.0,4.0,0.5,4,False,False,False,False,0,0.0
official_hungary,FLÓRA,F,,891,floːrɑ,0.4,0.8,0.6,1.0,0.2,0.2,0.0,0.2,0.8,0.8,0.4,0.3,0.2,0.1,0.3,0.4,0.2,0.7,0.2,5.0,0.4,5,False,False,False,False,0,0.0
official_hungary,GRÉTA,F,,799,ɡreːtɑ,0.4,0.6,0.6,0.6,0.2,0.0,0.0,0.0,0.8,0.6,0.4,0.3,0.0,0.3,0.3,0.4,0.0,0.7,0.2,5.0,0.4,5,False,False,False,False,0,0.0
official_hungary,HANNA,F,,2034,hɑnnɑ,0.4,1.0,0.6,0.6,0.2,0.0,0.4,0.0,0.8,0.6,0.4,0.3,0.0,0.0,0.4,0.6,0.0,0.7,0.0,5.0,0.4,5,False,False,False,False,0,0.0
official_hungary,IZABELLA,F,,917,izɑbɛllɑ,0.5,0.75,0.5,0.875,0.125,0.25,0.0,0.125,1.0,0.75,0.375,0.3125,0.125,0.125,0.25,0.25,0.0,0.625,0.0,8.0,0.5,8,False,False,False,False,0,0.0
official_hungary,JANKA,F,,825,jɑnkɑ,0.4,0.8,0.4,0.6,0.2,0.0,0.2,0.0,0.8,0.4,0.2,0.4,0.0,0.4,0.4,0.6,0.0,0.7,0.0,5.0,0.4,5,False,False,False,False,0,0.0
official_hungary,JÁZMIN,F,,833,jaːzmin,0.3333333333333333,0.8333333333333334,0.5,0.6666666666666666,0.0,0.0,0.3333333333333333,0.1666666666666666,1.0,0.6666666666666666,0.3333333333333333,0.3333333333333333,0.1666666666666666,0.3333333333333333,0.1666666666666666,0.1666666666666666,0.0,0.6666666666666666,0.1666666666666666,6.0,0.3333333333333333,6,False,False,False,False,0,0.0
official_hungary,KAMILLA,F,,1002,kɑmillɑ,0.4285714285714285,0.8571428571428571,0.5714285714285714,0.7142857142857143,0.1428571428571428,0.2857142857142857,0.1428571428571428,0.0,0.8571428571428571,0.6428571428571429,0.2857142857142857,0.3571428571428571,0.1428571428571428,0.2857142857142857,0.2857142857142857,0.4285714285714285,0.0,0.7142857142857143,0.0,7.0,0.4285714285714285,7,False,False,False,False,0,0.0
official_hungary,KORNÉL,M,,859,korneːl,0.3333333333333333,0.8333333333333334,0.6666666666666666,0.6666666666666666,0.0833333333333333,0.1666666666666666,0.1666666666666666,0.0,0.8333333333333334,0.6666666666666666,0.5,0.25,0.0,0.25,0.0833333333333333,0.3333333333333333,0.1666666666666666,0.6666666666666666,0.1666666666666666,6.0,0.3333333333333333,6,False,False,False,False,1,0.0
official_hungary,KRISTÓF,M,,963,kriʃtoːf,0.2857142857142857,0.4285714285714285,0.7142857142857143,0.7142857142857143,0.0714285714285714,0.0,0.0,0.2857142857142857,0.4285714285714285,0.5714285714285714,0.4285714285714285,0.4285714285714285,0.1428571428571428,0.3571428571428571,0.0714285714285714,0.2857142857142857,0.1428571428571428,0.6428571428571429,0.1428571428571428,7.0,0.2857142857142857,7,False,False,False,False,1,0.0
official_hungary,LARA,F,,979,lɑrɑ,0.5,1.0,0.5,1.0,0.375,0.25,0.0,0.0,1.0,0.75,0.5,0.25,0.0,0.125,0.625,0.5,0.0,0.75,0.0,4.0,0.5,4,False,False,False,False,0,0.0
official_hungary,LAURA,F,,1025,lɑurɑ,0.6,1.0,0.4,1.0,0.3,0.2,0.0,0.0,1.0,0.7,0.4,0.3,0.2,0.3,0.5,0.6,0.2,0.8,0.0,5.0,0.6,5,False,False,False,False,0,0.0
official_hungary,LEVENTE,M,,2185,lɛvɛntɛ,0.4285714285714285,0.7142857142857143,0.5714285714285714,0.7142857142857143,0.0,0.1428571428571428,0.1428571428571428,0.1428571428571428,0.8571428571428571,0.7857142857142857,0.4285714285714285,0.2857142857142857,0.1428571428571428,0.0,0.0,0.0,0.0,0.2857142857142857,0.0,7.0,0.4285714285714285,7,False,False,False,False,1,0.0
official_hungary,LILI,F,,1107,lili,0.5,1.0,0.5,1.0,0.0,0.5,0.0,0.0,1.0,0.75,0.5,0.25,0.0,0.5,0.0,0.0,0.0,0.75,0.0,4.0,0.5,4,False,False,False,False,0,0.0
official_hungary,LILIEN,F,,962,liliɛn,0.5,1.0,0.5,0.8333333333333334,0.0,0.3333333333333333,0.1666666666666666,0.0,1.0,0.75,0.5,0.25,0.0,0.3333333333333333,0.0,0.0,0.0,0.5833333333333334,0.0,6.0,0.5,6,False,False,False,False,0,0.0
official_hungary,LILLA,F,,753,lillɑ,0.4,1.0,0.6,1.0,0.1,0.6,0.0,0.0,1.0,0.8,0.6,0.2,0.0,0.2,0.2,0.2,0.0,0.7,0.0,5.0,0.4,5,False,False,False,False,0,0.0
official_hungary,LINETT,F,,741,linɛtː,0.4,0.8,0.6,0.6,0.0,0.2,0.2,0.0,0.8,0.8,0.6,0.2,0.0,0.2,0.0,0.0,0.0,0.5,0.2,5.0,0.4,6,False,False,False,False,0,0.0
official_hungary,LIZA,F,,789,lizɑ,0.5,0.75,0.5,1.0,0.125,0.25,0.0,0.25,1.0,0.75,0.5,0.25,0.0,0.25,0.25,0.25,0.0,0.75,0.0,4.0,0.5,4,False,False,False,False,0,0.0
official_hungary,LUCA,F,,1792,lutsɑ,0.4,0.6,0.6,0.8,0.1,0.2,0.0,0.2,0.6,0.8,0.6,0.2,0.2,0.2,0.2,0.4,0.2,0.7,0.0,5.0,0.4,4,False,False,False,False,0,0.0
official_hungary,LÁSZLÓ,M,,875,laːsloː,0.4,0.8,0.6,1.0,0.0,0.4,0.0,0.2,0.8,0.8,0.6,0.2,0.0,0.0,0.2,0.4,0.2,0.7,0.4,5.0,0.4,6,False,False,False,False,1,0.0
official_hungary,LÉNA,F,,1829,leːnɑ,0.5,1.0,0.5,0.75,0.125,0.25,0.25,0.0,1.0,0.75,0.5,0.25,0.0,0.0,0.25,0.25,0.0,0.75,0.25,4.0,0.5,4,False,False,False,False,0,0.0
official_hungary,MAJA,F,,761,mɑjɑ,0.5,1.0,0.25,0.75,0.25,0.0,0.25,0.0,1.0,0.5,0.0,0.5,0.25,0.25,0.5,0.5,0.0,0.75,0.0,4.0,0.5,4,False,False,False,False,0,0.0
official_hungary,MARCELL,M,,2069,mɑrtsɛll,0.25,0.75,0.75,0.75,0.125,0.25,0.125,0.125,0.75,0.875,0.625,0.1875,0.125,0.0625,0.1875,0.125,0.0,0.5,0.0,8.0,0.25,7,False,False,False,False,1,0.0
official_hungary,MILÁN,M,,1930,milaːn,0.4,1.0,0.6,0.6,0.0,0.2,0.4,0.0,1.0,0.8,0.4,0.3,0.2,0.2,0.2,0.2,0.0,0.7,0.2,5.0,0.4,5,False,False,False,False,1,0.0
official_hungary,MIRA,F,,1028,mirɑ,0.5,1.0,0.5,0.75,0.25,0.0,0.25,0.0,1.0,0.75,0.25,0.375,0.25,0.375,0.375,0.25,0.0,0.75,0.0,4.0,0.5,4,False,False,False,False,0,0.0
official_hungary,MÁRK,M,,1012,maːrk,0.25,0.75,0.75,0.5,0.125,0.0,0.25,0.0,0.75,0.625,0.25,0.375,0.25,0.375,0.375,0.5,0.0,0.625,0.25,4.0,0.25,4,False,False,False,False,1,0.0
official_hungary,MÁTÉ,M,,2170,maːteː,0.5,0.75,0.5,0.5,0.0,0.0,0.25,0.0,0.75,0.75,0.25,0.375,0.25,0.0,0.25,0.25,0.0,0.75,0.5,4.0,0.5,4,False,False,False,False,1,0.0
official_hungary,NIMRÓD,M,,1062,nimroːd,0.3333333333333333,0.8333333333333334,0.6666666666666666,0.5,0.0833333333333333,0.0,0.3333333333333333,0.0,1.0,0.8333333333333334,0.5,0.25,0.1666666666666666,0.25,0.0833333333333333,0.1666666666666666,0.1666666666666666,0.6666666666666666,0.1666666666666666,6.0,0.3333333333333333,6,False,False,False,False,1,0.0
official_hungary,NOEL,M,,1982,noɛl,0.5,1.0,0.5,0.75,0.0,0.25,0.25,0.0,1.0,0.75,0.5,0.25,0.0,0.0,0.0,0.25,0.25,0.5,0.0,4.0,0.5,4,False,False,False,False,1,0.0
official_hungary,NOLEN,M,,1098,nolɛn,0.4,1.0,0.6,0.6,0.0,0.2,0.4,0.0,1.0,0.8,0.6,0.2,0.0,0.0,0.0,0.2,0.2,0.5,0.0,5.0,0.4,5,False,False,False,False,1,0.0
official_hungary,NÓRA,F,,818,noːrɑ,0.5,1.0,0.5,0.75,0.25,0.0,0.25,0.0,1.0,0.75,0.5,0.25,0.0,0.125,0.375,0.5,0.25,0.75,0.25,4.0,0.5,4,False,False,False,False,0,0.0
official_hungary,OLIVÉR,M,,2289,oliveːr,0.5,0.8333333333333334,0.5,1.0,0.0833333333333333,0.1666666666666666,0.0,0.1666666666666666,1.0,0.75,0.3333333333333333,0.3333333333333333,0.1666666666666666,0.25,0.0833333333333333,0.1666666666666666,0.1666666666666666,0.75,0.1666666666666666,6.0,0.5,6,False,False,False,False,1,0.0
official_hungary,OLÍVIA,F,,1210,oliːviɑ,0.6666666666666666,0.8333333333333334,0.3333333333333333,1.0,0.0833333333333333,0.1666666666666666,0.0,0.1666666666666666,1.0,0.6666666666666666,0.1666666666666666,0.4166666666666667,0.1666666666666666,0.3333333333333333,0.1666666666666666,0.3333333333333333,0.1666666666666666,0.8333333333333334,0.1666666666666666,6.0,0.6666666666666666,6,False,False,False,False,0,0.0
official_hungary,PÉTER,M,,942,peːtɛr,0.4,0.6,0.6,0.6,0.1,0.0,0.0,0.0,0.6,0.8,0.4,0.3,0.2,0.1,0.1,0.0,0.0,0.5,0.2,5.0,0.4,5,False,False,False,False,1,0.0
official_hungary,SZOFIA,F,,909,sofiɑ,0.6,0.6,0.4,1.0,0.1,0.0,0.0,0.4,0.6,0.7,0.2,0.4,0.2,0.2,0.2,0.4,0.2,0.8,0.0,5.0,0.6,6,False,False,False,False,0,0.0
official_hungary,SÁRA,F,,966,ʃaːrɑ,0.5,0.75,0.5,1.0,0.25,0.0,0.0,0.25,0.75,0.5,0.5,0.5,0.0,0.125,0.625,0.5,0.0,0.75,0.25,4.0,0.5,4,False,False,False,False,0,0.0
official_hungary,TAMÁS,M,,890,tɑmaːʃ,0.4,0.6,0.6,0.6,0.1,0.0,0.2,0.2,0.6,0.6,0.4,0.5,0.2,0.0,0.4,0.4,0.0,0.7,0.2,5.0,0.4,5,False,False,False,False,1,0.0
official_hungary,ZALÁN,M,,1896,zɑlaːn,0.4,0.8,0.6,0.8,0.1,0.2,0.2,0.2,1.0,0.8,0.6,0.2,0.0,0.0,0.4,0.4,0.0,0.7,0.2,5.0,0.4,5,False,False,False,False,1,0.0
official_hungary,ZENTE,M,,990,zɛntɛ,0.4,0.6,0.6,0.6,0.0,0.0,0.2,0.2,0.8,0.8,0.6,0.2,0.0,0.0,0.0,0.0,0.0,0.3,0.0,5.0,0.4,5,False,False,False,False,1,0.0
official_hungary,ZOÉ,F,,1817,zoeː,0.6666666666666666,0.6666666666666666,0.3333333333333333,1.0,0.0,0.0,0.0,0.3333333333333333,1.0,0.6666666666666666,0.3333333333333333,0.3333333333333333,0.0,0.0,0.0,0.3333333333333333,0.3333333333333333,0.8333333333333334,0.3333333333333333,3.0,0.6666666666666666,3,False,False,False,False,0,0.0
official_hungary,ZSOMBOR,M,,1582,ʒombor,0.3333333333333333,0.6666666666666666,0.6666666666666666,0.6666666666666666,0.0833333333333333,0.0,0.1666666666666666,0.1666666666666666,1.0,0.6666666666666666,0.3333333333333333,0.5,0.3333333333333333,0.0833333333333333,0.0833333333333333,0.3333333333333333,0.3333333333333333,0.6666666666666666,0.0,6.0,0.3333333333333333,7,False,False,False,False,1,0.0
official_hungary,ZSÓFIA,F,,959,ʒoːfiɑ,0.6,0.6,0.4,1.0,0.1,0.0,0.0,0.4,0.8,0.5,0.2,0.6,0.2,0.2,0.2,0.4,0.2,0.8,0.2,5.0,0.6,6,False,False,False,False,0,0.0
official_hungary,ZÉTÉNY,M,,868,zeːteːɲ,0.4,0.6,0.6,0.6,0.0,0.0,0.2,0.2,0.8,0.6,0.4,0.3,0.0,0.2,0.0,0.0,0.0,0.7,0.4,5.0,0.4,6,False,False,False,False,1,0.0
official_hungary,ÁDÁM,M,,1666,aːdaːm,0.5,0.75,0.5,0.5,0.0,0.0,0.25,0.0,1.0,0.75,0.25,0.375,0.25,0.0,0.5,0.5,0.0,0.75,0.5,4.0,0.5,4,False,False,False,False,1,0.0
official_hungary,ÁRON,M,,1515,aːron,0.5,1.0,0.5,0.75,0.125,0.0,0.25,0.0,1.0,0.75,0.5,0.25,0.0,0.125,0.375,0.5,0.25,0.75,0.25,4.0,0.5,4,False,False,False,False,1,0.0
official_iceland,Aldís,F,,17,aldiːs,0.4,0.6,0.6,0.8,0.0,0.2,0.0,0.2,0.8,0.8,0.6,0.2,0.0,0.2,0.2,0.2,0.0,0.7,0.2,5.0,0.4,5,False,False,False,False,0,0.0
official_iceland,Alexander,M,,32,alɛksandɛːr,0.4,0.7,0.6,0.7,0.05,0.1,0.1,0.1,0.8,0.7,0.5,0.25,0.0,0.15,0.25,0.3,0.0,0.5,0.1,10.0,0.4,9,False,False,False,False,1,0.0
official_iceland,Andrea,F,,18,andərɛːa,0.5714285714285714,0.8571428571428571,0.4285714285714285,0.7142857142857143,0.0714285714285714,0.0,0.1428571428571428,0.0,1.0,0.7142857142857143,0.4285714285714285,0.2857142857142857,0.0,0.0714285714285714,0.3571428571428571,0.4285714285714285,0.0,0.5,0.1428571428571428,7.0,0.5714285714285714,6,False,False,False,False,0,0.0
official_iceland,Anna,F,,20,anna,0.5,1.0,0.5,0.5,0.0,0.0,0.5,0.0,1.0,0.75,0.5,0.25,0.0,0.0,0.5,0.5,0.0,0.75,0.0,4.0,0.5,4,False,False,False,False,0,0.0
official_iceland,Aron,M,,41,aːɾrɔn,0.4,1.0,0.6,0.8,0.2,0.0,0.2,0.0,1.0,0.8,0.6,0.2,0.0,0.2,0.4,0.4,0.2,0.5,0.2,5.0,0.4,4,False,False,False,False,1,0.0
official_iceland,Atlas,M,,23,ahdlas,0.3333333333333333,0.6666666666666666,0.6666666666666666,0.8333333333333334,0.0,0.1666666666666666,0.0,0.1666666666666666,0.6666666666666666,0.6666666666666666,0.5,0.25,0.0,0.0,0.3333333333333333,0.5,0.0,0.6666666666666666,0.0,6.0,0.3333333333333333,5,False,False,False,False,1,0.0
official_iceland,Aþena,F,,25,aːθɛːna,0.6,0.8,0.4,0.8,0.0,0.0,0.2,0.0,0.8,0.7,0.4,0.5,0.0,0.0,0.4,0.4,0.0,0.6,0.4,5.0,0.6,5,False,False,False,False,0,0.0
official_iceland,Baldur,M,,20,baldyr,0.3333333333333333,0.6666666666666666,0.6666666666666666,0.6666666666666666,0.0833333333333333,0.1666666666666666,0.0,0.0,1.0,0.8333333333333334,0.5,0.25,0.3333333333333333,0.25,0.25,0.1666666666666666,0.1666666666666666,0.6666666666666666,0.0,6.0,0.3333333333333333,6,False,False,False,False,1,0.0
official_iceland,Birkir,M,,20,bɪrr#ɟɪr,0.2857142857142857,0.7142857142857143,0.7142857142857143,0.7142857142857143,0.2142857142857142,0.0,0.0,0.0,1.0,0.7142857142857143,0.4285714285714285,0.2857142857142857,0.1428571428571428,0.6428571428571429,0.2142857142857142,0.0,0.0,0.3571428571428571,0.0,7.0,0.2857142857142857,6,False,False,False,False,1,0.0
official_iceland,Birnir,M,,21,bɪrdn#ɪr,0.2857142857142857,0.7142857142857143,0.7142857142857143,0.5714285714285714,0.1428571428571428,0.0,0.1428571428571428,0.0,1.0,0.8571428571428571,0.5714285714285714,0.2142857142857142,0.1428571428571428,0.4285714285714285,0.1428571428571428,0.0,0.0,0.3571428571428571,0.0,7.0,0.2857142857142857,6,False,False,False,False,1,0.0
official_iceland,Bjartur,M,,17,bjarr#dyr,0.25,0.75,0.625,0.75,0.1875,0.0,0.0,0.0,1.0,0.75,0.5,0.25,0.25,0.4375,0.3125,0.125,0.125,0.625,0.0,8.0,0.25,7,False,False,False,False,1,0.0
official_iceland,Brynjar,M,,20,bərɪnjar,0.375,0.875,0.5,0.75,0.125,0.0,0.125,0.0,1.0,0.6875,0.375,0.3125,0.125,0.375,0.25,0.25,0.0,0.4375,0.0,8.0,0.375,7,False,False,False,False,1,0.0
official_iceland,Bríet,F,,21,bəriːɛːd,0.5,0.6666666666666666,0.5,0.6666666666666666,0.0833333333333333,0.0,0.0,0.0,1.0,0.75,0.3333333333333333,0.3333333333333333,0.1666666666666666,0.25,0.0833333333333333,0.1666666666666666,0.0,0.4166666666666667,0.3333333333333333,6.0,0.5,5,False,False,False,False,0,0.0
official_iceland,Dagur,M,,19,daːɣyr,0.4,0.6,0.6,0.8,0.1,0.0,0.0,0.0,1.0,0.6,0.4,0.3,0.2,0.5,0.3,0.4,0.2,0.7,0.2,5.0,0.4,5,False,False,False,False,1,0.0
official_iceland,Daníel,M,,17,daːniɛːl#,0.5,0.8333333333333334,0.5,0.6666666666666666,0.0,0.1666666666666666,0.1666666666666666,0.0,1.0,0.75,0.5,0.25,0.0,0.1666666666666666,0.1666666666666666,0.1666666666666666,0.0,0.5833333333333334,0.3333333333333333,6.0,0.5,6,False,False,False,False,1,0.0
official_iceland,Elmar,M,,23,ɛlmar,0.4,1.0,0.6,0.8,0.1,0.2,0.2,0.0,1.0,0.8,0.4,0.3,0.2,0.1,0.3,0.2,0.0,0.5,0.0,5.0,0.4,5,False,False,False,False,1,0.0
official_iceland,Elísabet,F,,17,ɛːlisabɛːd,0.5,0.625,0.5,0.75,0.0,0.125,0.0,0.125,0.875,0.75,0.375,0.3125,0.125,0.125,0.125,0.125,0.0,0.5,0.25,8.0,0.5,8,False,False,False,False,0,0.0
official_iceland,Embla,F,,31,ɛmbla,0.4,0.8,0.6,0.6,0.0,0.2,0.2,0.0,1.0,0.8,0.2,0.4,0.4,0.0,0.2,0.2,0.0,0.5,0.0,5.0,0.4,5,False,False,False,False,0,0.0
official_iceland,Emil,M,,28,ɛːmɪl#,0.5,1.0,0.5,0.75,0.0,0.25,0.25,0.0,1.0,0.75,0.25,0.375,0.25,0.25,0.0,0.0,0.0,0.25,0.25,4.0,0.5,4,False,False,False,False,1,0.0
official_iceland,Emilía,F,,32,ɛːmɪlia,0.6666666666666666,1.0,0.3333333333333333,0.8333333333333334,0.0,0.1666666666666666,0.1666666666666666,0.0,1.0,0.6666666666666666,0.1666666666666666,0.4166666666666667,0.1666666666666666,0.3333333333333333,0.1666666666666666,0.1666666666666666,0.0,0.5,0.1666666666666666,6.0,0.6666666666666666,6,False,False,False,False,0,0.0
official_iceland,Emma,F,,21,ɛmma,0.5,1.0,0.5,0.5,0.0,0.0,0.5,0.0,1.0,0.75,0.0,0.5,0.5,0.0,0.25,0.25,0.0,0.5,0.0,4.0,0.5,4,False,False,False,False,0,0.0
official_iceland,Eva,F,,21,ɛːʋa,0.6666666666666666,1.0,0.0,1.0,0.1666666666666666,0.0,0.0,0.0,1.0,0.6666666666666666,0.0,0.5,0.3333333333333333,0.1666666666666666,0.5,0.3333333333333333,0.0,0.5,0.3333333333333333,3.0,0.6666666666666666,3,False,False,False,False,0,0.0
official_iceland,Freyja,F,,16,fəreɪːja,0.5714285714285714,0.8571428571428571,0.2857142857142857,1.0,0.0714285714285714,0.0,0.0,0.1428571428571428,0.8571428571428571,0.5714285714285714,0.1428571428571428,0.4285714285714285,0.1428571428571428,0.3571428571428571,0.2142857142857142,0.2857142857142857,0.0,0.5,0.1428571428571428,7.0,0.5714285714285714,6,False,False,False,False,0,0.0
official_iceland,Guðmundur,M,,17,ɡyðmyndyr,0.3333333333333333,0.6666666666666666,0.6666666666666666,0.5555555555555556,0.0555555555555555,0.0,0.2222222222222222,0.0,1.0,0.7222222222222222,0.4444444444444444,0.3888888888888889,0.4444444444444444,0.5,0.0555555555555555,0.1111111111111111,0.3333333333333333,0.6666666666666666,0.0,9.0,0.3333333333333333,9,False,False,False,False,1,0.0
official_iceland,Guðrún,F,,23,ɡyðərun,0.4285714285714285,0.7142857142857143,0.5714285714285714,0.7142857142857143,0.0714285714285714,0.0,0.1428571428571428,0.0,1.0,0.6428571428571429,0.4285714285714285,0.4285714285714285,0.2857142857142857,0.5,0.0714285714285714,0.4285714285714285,0.2857142857142857,0.5714285714285714,0.0,7.0,0.4285714285714285,6,False,False,False,False,0,0.0
official_iceland,Hanna,F,,14,hanna,0.4,1.0,0.6,0.6,0.0,0.0,0.4,0.0,0.8,0.6,0.4,0.3,0.0,0.0,0.4,0.6,0.0,0.7,0.0,5.0,0.4,5,False,False,False,False,0,0.0
official_iceland,Hekla,F,,21,hɛɡla,0.4,0.8,0.6,0.8,0.0,0.2,0.0,0.0,0.8,0.4,0.2,0.4,0.0,0.2,0.2,0.6,0.0,0.5,0.0,5.0,0.4,5,False,False,False,False,0,0.0
official_iceland,Jón,M,,27,joʊːn,0.5,1.0,0.25,0.75,0.0,0.0,0.25,0.0,1.0,0.5,0.25,0.375,0.0,0.5,0.0,0.5,0.5,0.5,0.25,4.0,0.5,3,False,False,False,False,1,0.0
official_iceland,Jökull,M,,36,jœːɡytl#,0.3333333333333333,0.6666666666666666,0.5,0.6666666666666666,0.0,0.1666666666666666,0.0,0.0,0.8333333333333334,0.5,0.3333333333333333,0.3333333333333333,0.1666666666666666,0.5,0.0,0.1666666666666666,0.3333333333333333,0.5,0.1666666666666666,6.0,0.3333333333333333,6,False,False,False,False,1,0.0
official_iceland,Júlía,F,,20,juːlia,0.6,1.0,0.2,1.0,0.0,0.2,0.0,0.0,1.0,0.5,0.2,0.4,0.2,0.6,0.2,0.4,0.2,0.8,0.2,5.0,0.6,5,False,False,False,False,0,0.0
official_iceland,Katla,F,,24,kahdla,0.3333333333333333,0.6666666666666666,0.6666666666666666,0.6666666666666666,0.0,0.1666666666666666,0.0,0.0,0.6666666666666666,0.5,0.3333333333333333,0.3333333333333333,0.0,0.1666666666666666,0.3333333333333333,0.6666666666666666,0.0,0.6666666666666666,0.0,6.0,0.3333333333333333,5,False,False,False,False,0,0.0
official_iceland,Katrín,F,,15,kaːdərin,0.4285714285714285,0.7142857142857143,0.5714285714285714,0.5714285714285714,0.0714285714285714,0.0,0.1428571428571428,0.0,0.8571428571428571,0.6428571428571429,0.4285714285714285,0.2857142857142857,0.0,0.3571428571428571,0.2142857142857142,0.4285714285714285,0.0,0.5714285714285714,0.1428571428571428,7.0,0.4285714285714285,6,False,False,False,False,0,0.0
official_iceland,Klara,F,,14,ɡlaːɾra,0.3333333333333333,0.8333333333333334,0.6666666666666666,0.8333333333333334,0.1666666666666666,0.1666666666666666,0.0,0.0,1.0,0.6666666666666666,0.5,0.25,0.0,0.3333333333333333,0.5,0.5,0.0,0.6666666666666666,0.1666666666666666,6.0,0.3333333333333333,5,False,False,False,False,0,0.0
official_iceland,Kristján,M,,21,ɡərɪsdjaʊn,0.4,0.7,0.5,0.7,0.05,0.0,0.1,0.1,0.9,0.6,0.4,0.3,0.0,0.45,0.15,0.4,0.1,0.4,0.0,10.0,0.4,8,False,False,False,False,1,0.0
official_iceland,Kristín,F,,16,ɡərɪsdin,0.375,0.625,0.625,0.625,0.0625,0.0,0.125,0.125,0.875,0.6875,0.5,0.25,0.0,0.4375,0.0625,0.25,0.0,0.4375,0.0,8.0,0.375,7,False,False,False,False,0,0.0
official_iceland,Kári,M,,30,kaʊːɾrɪ,0.5,0.8333333333333334,0.5,0.8333333333333334,0.1666666666666666,0.0,0.0,0.0,0.8333333333333334,0.5833333333333334,0.3333333333333333,0.3333333333333333,0.0,0.6666666666666666,0.3333333333333333,0.5,0.1666666666666666,0.4166666666666667,0.1666666666666666,6.0,0.5,4,False,False,False,False,1,0.0
official_iceland,Matthildur,F,,25,mahdhɪldyr,0.3,0.8,0.7,0.7,0.05,0.1,0.1,0.0,0.8,0.65,0.4,0.3,0.2,0.25,0.15,0.3,0.1,0.55,0.0,10.0,0.3,10,False,False,False,False,0,0.0
official_iceland,Matthías,M,,26,mahdhias,0.375,0.75,0.625,0.75,0.0,0.0,0.125,0.125,0.625,0.5625,0.25,0.375,0.125,0.125,0.25,0.5,0.0,0.6875,0.0,8.0,0.375,8,False,False,False,False,1,0.0
official_iceland,Mikael,M,,26,mɪːɡaɛːl#,0.5,0.8333333333333334,0.5,0.6666666666666666,0.0,0.1666666666666666,0.1666666666666666,0.0,1.0,0.5833333333333334,0.1666666666666666,0.4166666666666667,0.1666666666666666,0.3333333333333333,0.1666666666666666,0.3333333333333333,0.0,0.4166666666666667,0.3333333333333333,6.0,0.5,6,False,False,False,False,1,0.0
official_iceland,Móeiður,F,,17,moʊːeɪðyr,0.625,0.875,0.375,0.875,0.0625,0.0,0.125,0.0,1.0,0.6875,0.25,0.5,0.25,0.4375,0.0625,0.25,0.375,0.5625,0.125,8.0,0.625,7,False,False,False,False,0,0.0
official_iceland,Rakel,F,,14,raːɟɛːl#,0.4,0.8,0.6,0.8,0.1,0.2,0.0,0.0,1.0,0.6,0.4,0.3,0.0,0.3,0.3,0.2,0.0,0.5,0.4,5.0,0.4,5,False,False,False,False,0,0.0
official_iceland,Róbert,M,,17,roʊːbɛrr#d,0.375,0.75,0.625,0.75,0.1875,0.0,0.0,0.0,1.0,0.8125,0.5,0.25,0.125,0.3125,0.1875,0.25,0.25,0.4375,0.125,8.0,0.375,6,False,False,False,False,1,0.0
official_iceland,Saga,F,,22,saːɣa,0.5,0.5,0.5,1.0,0.0,0.0,0.0,0.25,0.75,0.5,0.25,0.375,0.0,0.25,0.5,0.75,0.0,0.75,0.25,4.0,0.5,4,False,False,False,False,0,0.0
official_iceland,Salka,F,,14,salɡa,0.4,0.6,0.6,0.8,0.0,0.2,0.0,0.2,0.8,0.6,0.4,0.3,0.0,0.2,0.4,0.6,0.0,0.7,0.0,5.0,0.4,5,False,False,False,False,0,0.0
official_iceland,Sara,F,,29,saːɾra,0.4,0.8,0.6,1.0,0.2,0.0,0.0,0.2,0.8,0.8,0.6,0.2,0.0,0.2,0.6,0.4,0.0,0.7,0.2,5.0,0.4,4,False,False,False,False,0,0.0
official_iceland,Sigurður,M,,21,sɪːɣyrðyr,0.375,0.625,0.625,1.0,0.125,0.0,0.0,0.125,0.875,0.6875,0.5,0.375,0.25,0.625,0.125,0.125,0.25,0.5625,0.125,8.0,0.375,8,False,False,False,False,1,0.0
official_iceland,Stefán,M,,22,sdɛːʋaʊn,0.4285714285714285,0.7142857142857143,0.4285714285714285,0.7142857142857143,0.0714285714285714,0.0,0.1428571428571428,0.1428571428571428,0.8571428571428571,0.7857142857142857,0.4285714285714285,0.2857142857142857,0.1428571428571428,0.2142857142857142,0.2142857142857142,0.2857142857142857,0.1428571428571428,0.4285714285714285,0.1428571428571428,7.0,0.4285714285714285,6,False,False,False,False,1,0.0
official_iceland,Styrmir,M,,17,sdɪrmɪr,0.2857142857142857,0.7142857142857143,0.7142857142857143,0.7142857142857143,0.1428571428571428,0.0,0.1428571428571428,0.1428571428571428,0.8571428571428571,0.8571428571428571,0.5714285714285714,0.2142857142857142,0.1428571428571428,0.4285714285714285,0.1428571428571428,0.0,0.0,0.3571428571428571,0.0,7.0,0.2857142857142857,7,False,False,False,False,1,0.0
official_iceland,Sóley,F,,25,soʊːleɪ,0.6666666666666666,0.8333333333333334,0.3333333333333333,1.0,0.0,0.1666666666666666,0.0,0.1666666666666666,0.8333333333333334,0.6666666666666666,0.3333333333333333,0.3333333333333333,0.0,0.3333333333333333,0.0,0.3333333333333333,0.3333333333333333,0.5,0.1666666666666666,6.0,0.6666666666666666,5,False,False,False,False,0,0.0
official_iceland,Theódór,M,,22,θɛːoʊdoʊr,0.625,0.75,0.375,0.875,0.0625,0.0,0.0,0.0,0.875,0.6875,0.375,0.4375,0.0,0.3125,0.0625,0.5,0.5,0.4375,0.125,8.0,0.625,7,False,False,False,False,1,0.0
official_iceland,Tómas,M,,20,toʊːmas,0.5,0.6666666666666666,0.5,0.6666666666666666,0.0,0.0,0.1666666666666666,0.1666666666666666,0.6666666666666666,0.75,0.3333333333333333,0.3333333333333333,0.1666666666666666,0.1666666666666666,0.1666666666666666,0.5,0.3333333333333333,0.5833333333333334,0.1666666666666666,6.0,0.5,5,False,False,False,False,1,0.0
official_iceland,Una,F,,14,yːna,0.6666666666666666,1.0,0.3333333333333333,0.6666666666666666,0.0,0.0,0.3333333333333333,0.0,1.0,0.6666666666666666,0.3333333333333333,0.3333333333333333,0.3333333333333333,0.3333333333333333,0.3333333333333333,0.3333333333333333,0.3333333333333333,0.8333333333333334,0.3333333333333333,3.0,0.6666666666666666,3,False,False,False,False,0,0.0
official_iceland,Viktor,M,,21,ʋɪtdɔr,0.3333333333333333,0.6666666666666666,0.5,0.6666666666666666,0.1666666666666666,0.0,0.0,0.0,0.8333333333333334,0.8333333333333334,0.5,0.25,0.1666666666666666,0.3333333333333333,0.1666666666666666,0.1666666666666666,0.1666666666666666,0.3333333333333333,0.0,6.0,0.3333333333333333,6,False,False,False,False,1,0.0
official_iceland,Viktoría,F,,24,ʋɪtdɔɾria,0.4444444444444444,0.7777777777777778,0.4444444444444444,0.7777777777777778,0.1666666666666666,0.0,0.0,0.0,0.8888888888888888,0.7777777777777778,0.4444444444444444,0.2777777777777778,0.1111111111111111,0.3888888888888889,0.2777777777777778,0.2222222222222222,0.1111111111111111,0.5,0.0,9.0,0.4444444444444444,8,False,False,False,False,0,0.0
official_iceland,Áróra,F,,16,aʊːɾroʊɾra,0.5555555555555556,1.0,0.4444444444444444,1.0,0.2222222222222222,0.0,0.0,0.0,1.0,0.7222222222222222,0.4444444444444444,0.2777777777777778,0.0,0.4444444444444444,0.4444444444444444,0.5555555555555556,0.3333333333333333,0.5555555555555556,0.1111111111111111,9.0,0.5555555555555556,5,False,False,False,False,0,0.0
official_iceland,Ísabella,F,,18,iːsabɛdla,0.5,0.625,0.5,0.75,0.0,0.125,0.0,0.125,0.875,0.75,0.375,0.3125,0.125,0.125,0.25,0.25,0.0,0.625,0.125,8.0,0.5,8,False,False,False,False,0,0.0
official_iceland,Ísak,M,,21,iːsaɡ,0.5,0.5,0.5,0.75,0.0,0.0,0.0,0.25,0.75,0.5,0.25,0.375,0.0,0.5,0.25,0.5,0.0,0.75,0.25,4.0,0.5,4,False,False,False,False,1,0.0
official_iceland,Óliver,M,,25,oʊːlɪʋɛːr,0.5714285714285714,1.0,0.2857142857142857,1.0,0.1428571428571428,0.1428571428571428,0.0,0.0,1.0,0.7142857142857143,0.2857142857142857,0.3571428571428571,0.1428571428571428,0.4285714285714285,0.1428571428571428,0.2857142857142857,0.2857142857142857,0.3571428571428571,0.2857142857142857,7.0,0.5714285714285714,6,False,False,False,False,1,0.0
official_iceland,Óðinn,M,,22,oʊːðɪn,0.6,0.8,0.4,0.8,0.0,0.0,0.2,0.0,1.0,0.7,0.4,0.5,0.0,0.4,0.0,0.4,0.4,0.4,0.2,5.0,0.6,5,False,False,False,False,1,0.0
official_iceland,Úlfur,M,,18,ulʋyr,0.4,1.0,0.4,1.0,0.2,0.2,0.0,0.0,1.0,0.8,0.4,0.3,0.6,0.6,0.2,0.2,0.4,0.7,0.0,5.0,0.4,5,False,False,False,False,1,0.0
official_indonesia,Adiva Arsyila Savina,F,,912,adiva arçila savina,0.5294117647058824,0.7058823529411765,0.4705882352941176,0.8823529411764706,0.0294117647058823,0.0588235294117647,0.0588235294117647,0.1764705882352941,0.8823529411764706,0.6764705882352942,0.2941176470588235,0.3529411764705882,0.1176470588235294,0.2647058823529412,0.3823529411764705,0.3529411764705882,0.0,0.7647058823529411,0.0,17.0,0.5294117647058824,20,False,False,False,False,0,0.0
official_indonesia,Aleeya Dzakira,F,,842,aləɛja dzakira,0.5384615384615384,0.7692307692307693,0.3846153846153846,0.8461538461538461,0.0384615384615384,0.0769230769230769,0.0,0.0769230769230769,0.9230769230769232,0.5769230769230769,0.3076923076923077,0.3461538461538461,0.0,0.2692307692307692,0.3461538461538461,0.4615384615384615,0.0,0.6153846153846154,0.0,13.0,0.5384615384615384,14,False,False,False,False,0,0.0
official_indonesia,Alifazea Amanda,F,,990,alifazɛa amanda,0.5714285714285714,0.7857142857142857,0.4285714285714285,0.7857142857142857,0.0,0.0714285714285714,0.1428571428571428,0.1428571428571428,0.9285714285714286,0.7142857142857143,0.2857142857142857,0.3571428571428571,0.1428571428571428,0.0714285714285714,0.4285714285714285,0.4285714285714285,0.0,0.7142857142857143,0.0,14.0,0.5714285714285714,15,False,False,False,False,0,0.0
official_indonesia,Allea Shanum Almahyra,F,,1293,alɛa shanum almahjra,0.4444444444444444,0.9444444444444444,0.5,0.8333333333333334,0.0277777777777777,0.1111111111111111,0.1666666666666666,0.0555555555555555,0.8333333333333334,0.6111111111111112,0.2777777777777778,0.3611111111111111,0.1666666666666666,0.1388888888888889,0.3611111111111111,0.5,0.0555555555555555,0.6666666666666666,0.0,18.0,0.4444444444444444,21,False,False,False,False,0,0.0
official_indonesia,Arumi Nasha Razeta,F,,726,arumi nasha razɛta,0.5,0.8125,0.5,0.8125,0.0625,0.0,0.125,0.125,0.8125,0.6875,0.375,0.3125,0.125,0.1875,0.375,0.4375,0.0625,0.6875,0.0,16.0,0.5,18,False,False,False,False,0,0.0
official_indonesia,Fatimah Az Zahra,F,,523,fatimah az zahra,0.4285714285714285,0.7142857142857143,0.5714285714285714,0.8571428571428571,0.0357142857142857,0.0,0.0714285714285714,0.2142857142857142,0.7142857142857143,0.6428571428571429,0.2857142857142857,0.3571428571428571,0.1428571428571428,0.1071428571428571,0.3928571428571428,0.5,0.0,0.7142857142857143,0.0,14.0,0.4285714285714285,16,False,False,False,False,0,0.0
official_indonesia,Fatimah Azzahra,F,,655,fatimah azzahra,0.4285714285714285,0.7142857142857143,0.5714285714285714,0.8571428571428571,0.0357142857142857,0.0,0.0714285714285714,0.2142857142857142,0.7142857142857143,0.6428571428571429,0.2857142857142857,0.3571428571428571,0.1428571428571428,0.1071428571428571,0.3928571428571428,0.5,0.0,0.7142857142857143,0.0,14.0,0.4285714285714285,15,False,False,False,False,0,0.0
official_indonesia,Inara Rizqiana Alesha,F,,527,inara rizkiana alɛsha,0.5263157894736842,0.8421052631578947,0.4736842105263157,0.8421052631578947,0.0526315789473684,0.0526315789473684,0.1052631578947368,0.1052631578947368,0.8421052631578947,0.631578947368421,0.3684210526315789,0.3157894736842105,0.0,0.2631578947368421,0.3684210526315789,0.4210526315789473,0.0,0.7105263157894737,0.0,19.0,0.5263157894736842,21,False,False,False,False,0,0.0
official_indonesia,Kenzie Alvaro Devanka,M,,569,kənzi alvaro dəvanka,0.4444444444444444,0.6666666666666666,0.5555555555555556,0.7222222222222222,0.0277777777777777,0.0555555555555555,0.1111111111111111,0.1666666666666666,0.8888888888888888,0.6666666666666666,0.3333333333333333,0.3333333333333333,0.1111111111111111,0.1944444444444444,0.25,0.5,0.0555555555555555,0.6111111111111112,0.0,18.0,0.4444444444444444,21,False,False,False,False,1,0.0
official_indonesia,Khalisa Yumna Alzena,F,,753,xalisa jumna alzɛna,0.4705882352941176,0.8235294117647058,0.4705882352941176,0.8235294117647058,0.0,0.1176470588235294,0.1764705882352941,0.1176470588235294,0.8823529411764706,0.6470588235294118,0.3529411764705882,0.3235294117647059,0.1176470588235294,0.2352941176470588,0.2941176470588235,0.4117647058823529,0.0588235294117647,0.6764705882352942,0.0,17.0,0.4705882352941176,20,False,False,False,False,0,0.0
official_indonesia,M Raffasya Elvano,M,,497,ɛm rafaça əlvano,0.5,0.7857142857142857,0.5,0.8571428571428571,0.0357142857142857,0.0714285714285714,0.1428571428571428,0.1428571428571428,0.8571428571428571,0.6785714285714286,0.2142857142857142,0.3928571428571428,0.2142857142857142,0.1071428571428571,0.3214285714285714,0.4285714285714285,0.0714285714285714,0.6071428571428571,0.0,14.0,0.5,17,False,False,False,False,1,0.0
official_indonesia,Maisya Salsabila,F,,501,maɪça salsabila,0.5,0.7142857142857143,0.5,0.8571428571428571,0.0,0.1428571428571428,0.0714285714285714,0.1428571428571428,0.7857142857142857,0.6785714285714286,0.2857142857142857,0.3571428571428571,0.1428571428571428,0.2142857142857142,0.3571428571428571,0.3571428571428571,0.0,0.6785714285714286,0.0,14.0,0.5,16,False,False,False,False,0,0.0
official_indonesia,Muhammad Abizar,M,,388,muhammad abizar,0.4285714285714285,0.7857142857142857,0.5714285714285714,0.6428571428571429,0.0357142857142857,0.0,0.2142857142857142,0.0714285714285714,0.9285714285714286,0.7142857142857143,0.2142857142857142,0.3928571428571428,0.3571428571428571,0.1785714285714285,0.3214285714285714,0.4285714285714285,0.0714285714285714,0.7142857142857143,0.0,14.0,0.4285714285714285,15,False,False,False,False,1,0.0
official_indonesia,Muhammad Al Fatih,M,,1326,muhammad al fatih,0.4,0.8,0.6,0.6666666666666666,0.0,0.0666666666666666,0.2,0.0666666666666666,0.7333333333333333,0.6666666666666666,0.2,0.4,0.3333333333333333,0.1333333333333333,0.2666666666666666,0.4666666666666667,0.0666666666666666,0.7,0.0,15.0,0.4,17,False,False,False,False,1,0.0
official_indonesia,Muhammad Alfatih,M,,434,muhammad alfatih,0.4,0.8,0.6,0.6666666666666666,0.0,0.0666666666666666,0.2,0.0666666666666666,0.7333333333333333,0.6666666666666666,0.2,0.4,0.3333333333333333,0.1333333333333333,0.2666666666666666,0.4666666666666667,0.0666666666666666,0.7,0.0,15.0,0.4,16,False,False,False,False,1,0.0
official_indonesia,Muhammad Arkanza,M,,403,muhammad arkanza,0.4,0.8,0.6,0.6,0.0333333333333333,0.0,0.2666666666666666,0.0666666666666666,0.8666666666666667,0.6666666666666666,0.2666666666666666,0.3666666666666666,0.2666666666666666,0.1666666666666666,0.3666666666666666,0.5333333333333333,0.0666666666666666,0.7,0.0,15.0,0.4,16,False,False,False,False,1,0.0
official_indonesia,Muhammad Arsya Alfarizoi,M,,1039,muhammad arça alfarizoi,0.4761904761904761,0.8095238095238095,0.5238095238095238,0.8095238095238095,0.0476190476190476,0.0476190476190476,0.1428571428571428,0.0952380952380952,0.8571428571428571,0.6666666666666666,0.238095238095238,0.3809523809523809,0.238095238095238,0.238095238095238,0.3333333333333333,0.4285714285714285,0.0952380952380952,0.7380952380952381,0.0,21.0,0.4761904761904761,24,False,False,False,False,1,0.0
official_indonesia,Muhammad Rayyan,M,,593,muhammad rajjan,0.3571428571428571,0.9285714285714286,0.5,0.6428571428571429,0.0357142857142857,0.0,0.2857142857142857,0.0,0.9285714285714286,0.6071428571428571,0.2142857142857142,0.3928571428571428,0.2857142857142857,0.25,0.3214285714285714,0.4285714285714285,0.0714285714285714,0.6785714285714286,0.0,14.0,0.3571428571428571,15,False,False,False,False,1,0.0
official_indonesia,Muhammad Rayyan Alfarizoi,M,,625,muhammad rajjan alfarizoi,0.4347826086956521,0.8695652173913043,0.4782608695652174,0.782608695652174,0.0434782608695652,0.0434782608695652,0.1739130434782608,0.0869565217391304,0.9130434782608696,0.6521739130434783,0.2608695652173913,0.3695652173913043,0.217391304347826,0.2608695652173913,0.3043478260869565,0.391304347826087,0.0869565217391304,0.717391304347826,0.0,23.0,0.4347826086956521,25,False,False,False,False,1,0.0
official_indonesia,Muhammad Razka Raffasya,M,,693,muhammad razka rafaça,0.4210526315789473,0.7368421052631579,0.5789473684210527,0.7368421052631579,0.0526315789473684,0.0,0.1578947368421052,0.1052631578947368,0.7894736842105263,0.631578947368421,0.2105263157894736,0.3947368421052631,0.2631578947368421,0.2105263157894736,0.4210526315789473,0.5263157894736842,0.0526315789473684,0.7105263157894737,0.0,19.0,0.4210526315789473,23,False,False,False,False,1,0.0
official_iran,آتنا,F,,4230,ɑtenɑ,0.6,0.8,0.4,0.6,0.2,0.0,0.2,0.0,0.8,0.7,0.4,0.3,0.0,0.0,0.4,0.4,0.0,0.8,0.0,5.0,0.6,4,False,False,False,False,0,0.0
official_iran,آراد,M,,7154,ɑrɑd,0.5,0.75,0.5,0.75,0.375,0.0,0.0,0.0,1.0,0.75,0.5,0.25,0.0,0.125,0.625,0.5,0.0,0.75,0.0,4.0,0.5,4,False,False,False,False,1,0.0
official_iran,آريا,M,,5932,ɑriɑ,0.75,1.0,0.25,1.0,0.375,0.0,0.0,0.0,1.0,0.625,0.25,0.375,0.0,0.375,0.625,0.5,0.0,0.875,0.0,4.0,0.75,4,False,False,False,False,1,0.0
official_iran,آوا,F,,8954,ɑvɑ,0.6666666666666666,0.6666666666666666,0.3333333333333333,1.0,0.3333333333333333,0.0,0.0,0.3333333333333333,1.0,0.6666666666666666,0.0,0.5,0.3333333333333333,0.0,0.6666666666666666,0.6666666666666666,0.0,0.8333333333333334,0.0,3.0,0.6666666666666666,3,False,False,False,False,0,0.0
official_iran,آيلين,F,,6373,ɑjlin,0.4,1.0,0.4,0.8,0.1,0.2,0.2,0.0,1.0,0.6,0.4,0.3,0.0,0.4,0.2,0.2,0.0,0.7,0.0,5.0,0.4,5,False,False,False,False,0,0.0
official_iran,ابوالفضل,M,,17946,abolfazl,0.375,0.625,0.625,0.875,0.0,0.25,0.0,0.25,0.875,0.8125,0.375,0.3125,0.25,0.0,0.25,0.375,0.125,0.6875,0.0,8.0,0.375,8,False,False,False,False,1,0.0
official_iran,اسرا,F,,4773,osarɑ,0.6,0.8,0.4,1.0,0.2,0.0,0.0,0.2,0.8,0.7,0.4,0.3,0.0,0.1,0.5,0.6,0.2,0.8,0.0,5.0,0.6,4,False,False,False,False,0,0.0
official_iran,النا,F,,5548,aːlnɑ,0.5,1.0,0.5,0.75,0.125,0.25,0.25,0.0,1.0,0.75,0.5,0.25,0.0,0.0,0.5,0.5,0.0,0.75,0.25,4.0,0.5,4,False,False,False,False,0,0.0
official_iran,الينا,F,,4178,elinɑ,0.6,1.0,0.4,0.8,0.1,0.2,0.2,0.0,1.0,0.7,0.4,0.3,0.0,0.2,0.2,0.2,0.0,0.8,0.0,5.0,0.6,5,False,False,False,False,0,0.0
official_iran,اميرحسين,M,,19383,amirhosejn,0.4,0.9,0.5,0.8,0.05,0.0,0.2,0.1,0.8,0.6,0.3,0.35,0.1,0.25,0.15,0.3,0.1,0.7,0.0,10.0,0.4,8,False,False,False,False,1,0.0
official_iran,اميررضا,M,,8953,amirrezɑ,0.5,0.875,0.5,0.875,0.1875,0.0,0.125,0.125,1.0,0.75,0.375,0.3125,0.125,0.25,0.375,0.25,0.0,0.75,0.0,8.0,0.5,7,False,False,False,False,1,0.0
official_iran,اميرعباس,M,,14807,amirabbɑs,0.4444444444444444,0.6666666666666666,0.5555555555555556,0.6666666666666666,0.1111111111111111,0.0,0.1111111111111111,0.1111111111111111,0.8888888888888888,0.7777777777777778,0.2222222222222222,0.3888888888888889,0.3333333333333333,0.1666666666666666,0.3888888888888889,0.3333333333333333,0.0,0.7222222222222222,0.0,9.0,0.4444444444444444,8,False,False,False,False,1,0.0
official_iran,اميرعلی,M,,26065,amiraːli,0.5714285714285714,1.0,0.4285714285714285,0.8571428571428571,0.0714285714285714,0.1428571428571428,0.1428571428571428,0.0,1.0,0.7142857142857143,0.2857142857142857,0.3571428571428571,0.1428571428571428,0.3571428571428571,0.3571428571428571,0.2857142857142857,0.0,0.7857142857142857,0.1428571428571428,7.0,0.5714285714285714,7,False,False,False,False,1,0.0
official_iran,اميرمحمد,M,,9968,amirmohammad,0.4166666666666667,0.9166666666666666,0.5833333333333334,0.5833333333333334,0.0416666666666666,0.0,0.3333333333333333,0.0,0.9166666666666666,0.7083333333333334,0.1666666666666666,0.4166666666666667,0.3333333333333333,0.125,0.2916666666666667,0.4166666666666667,0.0833333333333333,0.7083333333333334,0.0,12.0,0.4166666666666667,8,False,False,False,False,1,0.0
official_iran,اميرمهدی,M,,5872,amirmahdi,0.4444444444444444,0.8888888888888888,0.5555555555555556,0.6666666666666666,0.0555555555555555,0.0,0.2222222222222222,0.0,0.8888888888888888,0.6666666666666666,0.2222222222222222,0.3888888888888889,0.2222222222222222,0.2777777777777778,0.2777777777777778,0.3333333333333333,0.0,0.7222222222222222,0.0,9.0,0.4444444444444444,8,False,False,False,False,1,0.0
official_iran,ايليا,M,,5746,iːliɑ,0.75,1.0,0.25,1.0,0.125,0.25,0.0,0.0,1.0,0.625,0.25,0.375,0.0,0.5,0.25,0.25,0.0,0.875,0.25,4.0,0.75,5,False,False,False,False,1,0.0
official_iran,باران,F,,8870,bɑrɑn,0.4,0.8,0.6,0.6,0.3,0.0,0.2,0.0,1.0,0.8,0.4,0.3,0.2,0.1,0.5,0.4,0.0,0.7,0.0,5.0,0.4,5,False,False,False,False,0,0.0
official_iran,بنيامين,M,,5349,benjɑmin,0.375,0.875,0.5,0.5,0.0625,0.0,0.375,0.0,1.0,0.6875,0.25,0.375,0.25,0.25,0.125,0.125,0.0,0.6875,0.0,8.0,0.375,7,False,False,False,False,1,0.0
official_iran,بهار,F,,6034,bahɑr,0.4,0.8,0.6,0.8,0.2,0.0,0.0,0.0,0.8,0.6,0.2,0.4,0.2,0.1,0.5,0.6,0.0,0.7,0.0,5.0,0.4,4,False,False,False,False,0,0.0
official_iran,ثنا,F,,4846,sanɑ,0.5,0.75,0.5,0.75,0.125,0.0,0.25,0.25,0.75,0.75,0.5,0.25,0.0,0.0,0.5,0.5,0.0,0.75,0.0,4.0,0.5,3,False,False,False,False,0,0.0
official_iran,حسنا,F,,5209,hasnɑ,0.4,0.8,0.6,0.8,0.1,0.0,0.2,0.2,0.6,0.6,0.4,0.3,0.0,0.0,0.4,0.6,0.0,0.7,0.0,5.0,0.4,4,False,False,False,False,0,0.0
official_iran,حسين,M,,16950,hosejn,0.3333333333333333,0.8333333333333334,0.5,0.8333333333333334,0.0,0.0,0.1666666666666666,0.1666666666666666,0.6666666666666666,0.5,0.3333333333333333,0.3333333333333333,0.0,0.1666666666666666,0.0,0.3333333333333333,0.1666666666666666,0.6666666666666666,0.0,6.0,0.3333333333333333,4,False,False,False,False,1,0.0
official_iran,حلما,F,,14995,helma,0.4,1.0,0.6,0.8,0.0,0.2,0.2,0.0,0.8,0.6,0.2,0.4,0.2,0.0,0.2,0.4,0.0,0.7,0.0,5.0,0.4,4,False,False,False,False,0,0.0
official_iran,رضا,M,,7681,rezɑ,0.5,0.75,0.5,1.0,0.25,0.0,0.0,0.25,1.0,0.75,0.5,0.25,0.0,0.125,0.375,0.25,0.0,0.75,0.0,4.0,0.5,3,False,False,False,False,1,0.0
official_iran,رقيه,F,,5760,roq1ajjeː,0.4285714285714285,0.8571428571428571,0.2857142857142857,0.8571428571428571,0.0714285714285714,0.0,0.0,0.0,0.8571428571428571,0.3571428571428571,0.1428571428571428,0.4285714285714285,0.0,0.3571428571428571,0.2142857142857142,0.4285714285714285,0.1428571428571428,0.7142857142857143,0.1428571428571428,7.0,0.4285714285714285,4,False,False,False,False,0,0.0
official_iran,رها,F,,8619,rahɑ,0.5,1.0,0.5,1.0,0.25,0.0,0.0,0.0,0.75,0.5,0.25,0.375,0.0,0.125,0.625,0.75,0.0,0.75,0.0,4.0,0.5,3,False,False,False,False,0,0.0
official_iran,ريحانه,F,,8804,rejhɑneː,0.4285714285714285,1.0,0.4285714285714285,0.8571428571428571,0.1428571428571428,0.0,0.1428571428571428,0.0,0.8571428571428571,0.5,0.2857142857142857,0.3571428571428571,0.0,0.2142857142857142,0.2142857142857142,0.2857142857142857,0.0,0.7142857142857143,0.1428571428571428,7.0,0.4285714285714285,6,False,False,False,False,0,0.0
official_iran,زهرا,F,,22165,zahrɑ,0.4,0.8,0.6,1.0,0.2,0.0,0.0,0.2,0.8,0.6,0.4,0.3,0.0,0.1,0.5,0.6,0.0,0.7,0.0,5.0,0.4,4,False,False,False,False,0,0.0
official_iran,زينب,F,,13492,zejnab,0.3333333333333333,0.6666666666666666,0.5,0.6666666666666666,0.0,0.0,0.1666666666666666,0.1666666666666666,1.0,0.6666666666666666,0.3333333333333333,0.3333333333333333,0.1666666666666666,0.1666666666666666,0.1666666666666666,0.1666666666666666,0.0,0.6666666666666666,0.0,6.0,0.3333333333333333,4,False,False,False,False,0,0.0
official_iran,ساميار,M,,6515,sɑmjɑr,0.3333333333333333,0.8333333333333334,0.5,0.8333333333333334,0.25,0.0,0.1666666666666666,0.1666666666666666,0.8333333333333334,0.6666666666666666,0.3333333333333333,0.3333333333333333,0.1666666666666666,0.25,0.4166666666666667,0.3333333333333333,0.0,0.6666666666666666,0.0,6.0,0.3333333333333333,6,False,False,False,False,1,0.0
official_iran,طاها,M,,6185,tɑhɑ,0.5,0.75,0.5,0.75,0.25,0.0,0.0,0.0,0.5,0.5,0.25,0.375,0.0,0.0,0.5,0.75,0.0,0.75,0.0,4.0,0.5,4,False,False,False,False,1,0.0
official_iran,عليرضا,M,,8264,alirezɑ,0.5714285714285714,0.8571428571428571,0.4285714285714285,1.0,0.1428571428571428,0.1428571428571428,0.0,0.1428571428571428,1.0,0.7142857142857143,0.4285714285714285,0.2857142857142857,0.0,0.2142857142857142,0.3571428571428571,0.2857142857142857,0.0,0.7857142857142857,0.0,7.0,0.5714285714285714,6,False,False,False,False,1,0.0
official_iran,علی,M,,19530,aːli,0.6666666666666666,1.0,0.3333333333333333,1.0,0.0,0.3333333333333333,0.0,0.0,1.0,0.6666666666666666,0.3333333333333333,0.3333333333333333,0.0,0.3333333333333333,0.3333333333333333,0.3333333333333333,0.0,0.8333333333333334,0.3333333333333333,3.0,0.6666666666666666,3,False,False,False,False,1,0.0
official_iran,علی اصغر,M,,8700,aːli aːsq1ar,0.5,0.75,0.5,0.875,0.0625,0.125,0.0,0.125,0.75,0.625,0.375,0.3125,0.0,0.1875,0.4375,0.5,0.0,0.75,0.25,8.0,0.5,8,False,False,False,False,1,0.0
official_iran,فاطمه,F,,36539,fɑtemeː,0.5,0.6666666666666666,0.5,0.6666666666666666,0.0833333333333333,0.0,0.1666666666666666,0.1666666666666666,0.6666666666666666,0.75,0.1666666666666666,0.4166666666666667,0.3333333333333333,0.0,0.1666666666666666,0.1666666666666666,0.0,0.75,0.1666666666666666,6.0,0.5,5,False,False,False,False,0,0.0
official_iran,فاطمه زهرا,F,,8668,fɑtemeː zahrɑ,0.4545454545454545,0.7272727272727273,0.5454545454545454,0.8181818181818182,0.1363636363636363,0.0,0.0909090909090909,0.1818181818181818,0.7272727272727273,0.6818181818181818,0.2727272727272727,0.3636363636363636,0.1818181818181818,0.0454545454545454,0.3181818181818182,0.3636363636363636,0.0,0.7272727272727273,0.0909090909090909,11.0,0.4545454545454545,10,False,False,False,False,0,0.0
official_iran,كوثر,F,,4275,koːsar,0.4,0.6,0.6,0.8,0.1,0.0,0.0,0.2,0.6,0.6,0.4,0.3,0.0,0.3,0.3,0.6,0.2,0.7,0.2,5.0,0.4,4,False,False,False,False,0,0.0
official_iran,كيان,M,,10349,kiɑn,0.5,0.75,0.5,0.5,0.125,0.0,0.25,0.0,0.75,0.5,0.25,0.375,0.0,0.5,0.25,0.5,0.0,0.75,0.0,4.0,0.5,4,False,False,False,False,1,0.0
official_iran,مائده,F,,4131,mɑʔedeː,0.5,0.8333333333333334,0.3333333333333333,0.5,0.0833333333333333,0.0,0.1666666666666666,0.0,0.8333333333333334,0.5833333333333334,0.1666666666666666,0.4166666666666667,0.1666666666666666,0.0,0.1666666666666666,0.3333333333333333,0.0,0.75,0.1666666666666666,6.0,0.5,5,False,False,False,False,0,0.0
official_iran,ماهان,M,,8939,mɑhɑn,0.4,1.0,0.6,0.6,0.2,0.0,0.4,0.0,0.8,0.6,0.2,0.4,0.2,0.0,0.4,0.6,0.0,0.7,0.0,5.0,0.4,5,False,False,False,False,1,0.0
official_iran,محمد,M,,20845,mohammad,0.375,0.875,0.625,0.5,0.0,0.0,0.375,0.0,0.875,0.6875,0.125,0.4375,0.375,0.0,0.25,0.5,0.125,0.6875,0.0,8.0,0.375,4,False,False,False,False,1,0.0
official_iran,محمدامين,M,,8065,mahamdɑmin,0.4,0.9,0.6,0.5,0.05,0.0,0.4,0.0,0.9,0.7,0.2,0.4,0.3,0.1,0.3,0.4,0.0,0.7,0.0,10.0,0.4,8,False,False,False,False,1,0.0
official_iran,محمدجواد,M,,6624,mohammaddʒavɑd,0.3571428571428571,0.6428571428571429,0.6428571428571429,0.5714285714285714,0.0357142857142857,0.0,0.2142857142857142,0.1428571428571428,0.9285714285714286,0.6785714285714286,0.2857142857142857,0.4285714285714285,0.2857142857142857,0.0,0.2857142857142857,0.4285714285714285,0.0714285714285714,0.6785714285714286,0.0,14.0,0.3571428571428571,8,False,False,False,False,1,0.0
official_iran,محمدحسين,M,,11500,mohammadhosejn,0.3571428571428571,0.8571428571428571,0.5714285714285714,0.6428571428571429,0.0,0.0,0.2857142857142857,0.0714285714285714,0.7857142857142857,0.6071428571428571,0.2142857142857142,0.3928571428571428,0.2142857142857142,0.0714285714285714,0.1428571428571428,0.4285714285714285,0.1428571428571428,0.6785714285714286,0.0,14.0,0.3571428571428571,8,False,False,False,False,1,0.0
official_iran,محمدرضا,M,,10349,mohammadrezɑ,0.4166666666666667,0.8333333333333334,0.5833333333333334,0.6666666666666666,0.0833333333333333,0.0,0.25,0.0833333333333333,0.9166666666666666,0.7083333333333334,0.25,0.375,0.25,0.0416666666666666,0.2916666666666667,0.4166666666666667,0.0833333333333333,0.7083333333333334,0.0,12.0,0.4166666666666667,7,False,False,False,False,1,0.0
official_iran,محمدطاها,M,,14673,mahamdatɑhɑ,0.4545454545454545,0.8181818181818182,0.5454545454545454,0.6363636363636364,0.0909090909090909,0.0,0.1818181818181818,0.0,0.7272727272727273,0.5909090909090909,0.1818181818181818,0.4090909090909091,0.1818181818181818,0.0,0.4545454545454545,0.6363636363636364,0.0,0.7272727272727273,0.0,11.0,0.4545454545454545,8,False,False,False,False,1,0.0
official_iran,محمدمهدی,M,,9075,mohammadmahdi,0.3846153846153846,0.8461538461538461,0.6153846153846154,0.5384615384615384,0.0,0.0,0.3076923076923077,0.0,0.8461538461538461,0.6538461538461539,0.1538461538461538,0.4230769230769231,0.3076923076923077,0.0769230769230769,0.2307692307692307,0.4615384615384615,0.0769230769230769,0.6923076923076923,0.0,13.0,0.3846153846153846,8,False,False,False,False,1,0.0
official_iran,محيا,F,,5356,mahjɑ,0.4,1.0,0.4,0.8,0.1,0.0,0.2,0.0,0.8,0.4,0.0,0.5,0.2,0.2,0.4,0.6,0.0,0.7,0.0,5.0,0.4,4,False,False,False,False,0,0.0
official_iran,مرسانا,F,,6032,mersɑnɑ,0.4285714285714285,0.8571428571428571,0.5714285714285714,0.7142857142857143,0.2142857142857142,0.0,0.2857142857142857,0.1428571428571428,0.8571428571428571,0.7857142857142857,0.4285714285714285,0.2857142857142857,0.1428571428571428,0.0714285714285714,0.3571428571428571,0.2857142857142857,0.0,0.7142857142857143,0.0,7.0,0.4285714285714285,6,False,False,False,False,0,0.0
official_iran,مريم,F,,5216,marjam,0.3333333333333333,1.0,0.5,0.6666666666666666,0.0833333333333333,0.0,0.3333333333333333,0.0,1.0,0.6666666666666666,0.1666666666666666,0.4166666666666667,0.3333333333333333,0.25,0.4166666666666667,0.3333333333333333,0.0,0.6666666666666666,0.0,6.0,0.3333333333333333,4,False,False,False,False,0,0.0
official_iran,معصومه,F,,4005,maʔsuːmeː,0.4285714285714285,0.8571428571428571,0.4285714285714285,0.5714285714285714,0.0,0.0,0.2857142857142857,0.1428571428571428,0.7142857142857143,0.6428571428571429,0.1428571428571428,0.4285714285714285,0.4285714285714285,0.1428571428571428,0.1428571428571428,0.4285714285714285,0.1428571428571428,0.7142857142857143,0.2857142857142857,7.0,0.4285714285714285,6,False,False,False,False,0,0.0
official_iran,مهدی,M,,9120,mahdi,0.4,0.8,0.6,0.6,0.0,0.0,0.2,0.0,0.8,0.6,0.2,0.4,0.2,0.2,0.2,0.4,0.0,0.7,0.0,5.0,0.4,4,False,False,False,False,1,0.0
official_iran,مهرسا,F,,5023,meːhrsɑ,0.3333333333333333,0.8333333333333334,0.6666666666666666,0.8333333333333334,0.1666666666666666,0.0,0.1666666666666666,0.1666666666666666,0.6666666666666666,0.6666666666666666,0.3333333333333333,0.3333333333333333,0.1666666666666666,0.0833333333333333,0.25,0.3333333333333333,0.0,0.6666666666666666,0.1666666666666666,6.0,0.3333333333333333,5,False,False,False,False,0,0.0
official_iran,نازنين زهرا,F,,11931,nɑzanin zahrɑ,0.4166666666666667,0.8333333333333334,0.5833333333333334,0.75,0.125,0.0,0.25,0.1666666666666666,0.9166666666666666,0.7083333333333334,0.5,0.25,0.0,0.125,0.375,0.4166666666666667,0.0,0.7083333333333334,0.0,12.0,0.4166666666666667,11,False,False,False,False,0,0.0
official_iran,نرگس,F,,4009,narɡes,0.3333333333333333,0.6666666666666666,0.6666666666666666,0.6666666666666666,0.0833333333333333,0.0,0.1666666666666666,0.1666666666666666,0.8333333333333334,0.6666666666666666,0.5,0.25,0.0,0.25,0.25,0.3333333333333333,0.0,0.6666666666666666,0.0,6.0,0.3333333333333333,4,False,False,False,False,0,0.0
official_iran,هليا,F,,4674,helijɑ,0.5,1.0,0.3333333333333333,1.0,0.0833333333333333,0.1666666666666666,0.0,0.0,0.8333333333333334,0.4166666666666667,0.1666666666666666,0.4166666666666667,0.0,0.3333333333333333,0.1666666666666666,0.3333333333333333,0.0,0.75,0.0,6.0,0.5,4,False,False,False,False,0,0.0
official_iran,ياسين,M,,7470,jɑsin,0.4,0.8,0.4,0.8,0.1,0.0,0.2,0.2,0.8,0.6,0.4,0.3,0.0,0.4,0.2,0.2,0.0,0.7,0.0,5.0,0.4,5,False,False,False,False,1,0.0
official_iran,يسنا,F,,12302,jasnɑ,0.4,0.8,0.4,0.8,0.1,0.0,0.2,0.2,0.8,0.6,0.4,0.3,0.0,0.2,0.4,0.4,0.0,0.7,0.0,5.0,0.4,4,False,False,False,False,0,0.0
official_iran,يكتا,F,,4511,jektɑ,0.4,0.6,0.4,0.6,0.1,0.0,0.0,0.0,0.6,0.4,0.2,0.4,0.0,0.4,0.2,0.4,0.0,0.7,0.0,5.0,0.4,4,False,False,False,False,0,0.0
official_iran,پارسا,M,,6279,pɑrsɑ,0.4,0.6,0.6,0.8,0.3,0.0,0.0,0.2,0.6,0.8,0.4,0.3,0.2,0.1,0.5,0.4,0.0,0.7,0.0,5.0,0.4,5,False,False,False,False,1,0.0
official_ireland,Catherine,F,,7217,kaθɹɪn,0.3333333333333333,0.6666666666666666,0.5,0.6666666666666666,0.0,0.0,0.1666666666666666,0.0,0.6666666666666666,0.6666666666666666,0.5,0.4166666666666667,0.0,0.5,0.1666666666666666,0.3333333333333333,0.1666666666666666,0.5,0.0,6.0,0.3333333333333333,9,False,False,False,False,0,0.0
official_ireland,John,M,,49234,dʒɒn,0.25,0.5,0.75,0.5,0.0,0.0,0.25,0.25,1.0,0.625,0.75,0.375,0.0,0.0,0.25,0.25,0.25,0.625,0.0,4.0,0.25,4,False,False,False,False,1,0.0
official_ireland,Margaret,F,,6140,mɑːɡɹət,0.3333333333333333,0.6666666666666666,0.5,0.5,0.0833333333333333,0.0,0.1666666666666666,0.0,0.8333333333333334,0.6666666666666666,0.3333333333333333,0.3333333333333333,0.1666666666666666,0.3333333333333333,0.1666666666666666,0.5,0.1666666666666666,0.5,0.1666666666666666,6.0,0.3333333333333333,8,False,False,False,False,0,0.0
official_ireland,Mary,F,,30285,meəɹi,0.6,1.0,0.2,0.8,0.0,0.0,0.2,0.0,1.0,0.7,0.2,0.4,0.2,0.4,0.0,0.2,0.2,0.6,0.0,5.0,0.6,4,False,False,False,False,0,0.0
official_ireland,Michael,M,,10009,maɪkəl,0.5,0.8333333333333334,0.5,0.6666666666666666,0.0,0.1666666666666666,0.1666666666666666,0.0,0.8333333333333334,0.5833333333333334,0.1666666666666666,0.4166666666666667,0.1666666666666666,0.3333333333333333,0.1666666666666666,0.5,0.0,0.4166666666666667,0.0,6.0,0.5,7,False,False,False,False,1,0.0
official_ireland,Patrick,M,,10244,patɹɪk,0.3333333333333333,0.5,0.5,0.5,0.0,0.0,0.0,0.0,0.5,0.6666666666666666,0.3333333333333333,0.3333333333333333,0.1666666666666666,0.5,0.1666666666666666,0.3333333333333333,0.1666666666666666,0.5,0.0,6.0,0.3333333333333333,7,False,False,False,False,1,0.0
official_ireland,Paul,M,,1814,pɔːl,0.3333333333333333,0.6666666666666666,0.6666666666666666,0.6666666666666666,0.0,0.3333333333333333,0.0,0.0,0.6666666666666666,0.8333333333333334,0.3333333333333333,0.3333333333333333,0.3333333333333333,0.0,0.0,0.3333333333333333,0.3333333333333333,0.3333333333333333,0.3333333333333333,3.0,0.3333333333333333,4,False,False,False,False,1,0.0
official_ireland,Sarah,F,,2957,seəɹə,0.6,0.8,0.2,1.0,0.0,0.0,0.0,0.2,0.8,0.7,0.4,0.3,0.0,0.2,0.0,0.4,0.2,0.4,0.0,5.0,0.6,5,False,False,False,False,0,0.0
official_italy,Alessandro,M,,83617,alessandro,0.4,0.7,0.6,0.8,0.05,0.1,0.1,0.2,0.8,0.8,0.6,0.2,0.0,0.05,0.25,0.3,0.1,0.7,0.0,10.0,0.4,10,False,False,False,False,1,0.0
official_italy,Alessia,F,,25953,alessia,0.5714285714285714,0.7142857142857143,0.4285714285714285,1.0,0.0,0.1428571428571428,0.0,0.2857142857142857,0.7142857142857143,0.7142857142857143,0.4285714285714285,0.2857142857142857,0.0,0.1428571428571428,0.2857142857142857,0.2857142857142857,0.0,0.7857142857142857,0.0,7.0,0.5714285714285714,7,False,False,False,False,0,0.0
official_italy,Andrea,M,,58777,andrɛa,0.5,0.8333333333333334,0.5,0.6666666666666666,0.0833333333333333,0.0,0.1666666666666666,0.0,1.0,0.75,0.5,0.25,0.0,0.0833333333333333,0.4166666666666667,0.3333333333333333,0.0,0.5833333333333334,0.0,6.0,0.5,6,False,False,False,False,1,0.0
official_italy,Chiara,F,,16882,kjaɾa,0.4,0.8,0.4,0.8,0.1,0.0,0.0,0.0,0.8,0.4,0.2,0.4,0.0,0.5,0.5,0.6,0.0,0.7,0.0,5.0,0.4,6,False,False,False,False,0,0.0
official_italy,Francesco,M,,131747,frantʃesko,0.3,0.5,0.7,0.7,0.05,0.0,0.1,0.3,0.5,0.65,0.5,0.35,0.1,0.15,0.15,0.3,0.1,0.65,0.0,10.0,0.3,9,False,False,False,False,1,0.0
official_italy,Giulia,F,,123447,dʒulia,0.5,0.6666666666666666,0.5,0.8333333333333334,0.0,0.1666666666666666,0.0,0.1666666666666666,1.0,0.5833333333333334,0.5,0.4166666666666667,0.1666666666666666,0.3333333333333333,0.1666666666666666,0.3333333333333333,0.1666666666666666,0.75,0.0,6.0,0.5,6,False,False,False,False,0,0.0
official_italy,Martina,F,,44090,martina,0.4285714285714285,0.8571428571428571,0.5714285714285714,0.5714285714285714,0.0714285714285714,0.0,0.2857142857142857,0.0,0.8571428571428571,0.7857142857142857,0.4285714285714285,0.2857142857142857,0.1428571428571428,0.2142857142857142,0.3571428571428571,0.2857142857142857,0.0,0.7142857142857143,0.0,7.0,0.4285714285714285,7,False,False,False,False,0,0.0
official_italy,Matteo,M,,19461,matːɛo,0.6,0.8,0.4,0.6,0.0,0.0,0.2,0.0,0.8,0.7,0.2,0.4,0.2,0.0,0.2,0.4,0.2,0.6,0.2,5.0,0.6,6,False,False,False,False,1,0.0
official_italy,Sara,F,,8254,saɾa,0.5,0.75,0.5,1.0,0.125,0.0,0.0,0.25,0.75,0.75,0.5,0.25,0.0,0.125,0.625,0.5,0.0,0.75,0.0,4.0,0.5,4,False,False,False,False,0,0.0
official_italy,Sofia,F,,51970,sofia,0.6,0.6,0.4,1.0,0.0,0.0,0.0,0.4,0.6,0.7,0.2,0.4,0.2,0.2,0.2,0.4,0.2,0.8,0.0,5.0,0.6,5,False,False,False,False,0,0.0
official_japan,ひなた,F,,244,çinätä,0.5,0.6666666666666666,0.5,0.6666666666666666,0.0,0.0,0.16666666666666666,0.0,0.6666666666666666,0.5833333333333334,0.3333333333333333,0.3333333333333333,0.0,0.3333333333333333,0.3333333333333333,0.3333333333333333,0.0,0.75,0.0,6.0,0.5,3,False,False,False,False,0,0.0
official_kazakhstan,Азамат,M,,6118,ɑzɑmɑt,0.5,0.6666666666666666,0.5,0.6666666666666666,0.25,0.0,0.1666666666666666,0.1666666666666666,0.8333333333333334,0.75,0.3333333333333333,0.3333333333333333,0.1666666666666666,0.0,0.5,0.5,0.0,0.75,0.0,6.0,0.5,6,False,False,False,False,1,0.0
official_kazakhstan,Айару,F,,17578,ɑjɑɾw,0.4,1.0,0.2,1.0,0.3,0.0,0.0,0.0,1.0,0.4,0.2,0.4,0.2,0.5,0.5,0.6,0.2,0.7,0.0,5.0,0.4,5,False,False,False,False,0,0.0
official_kazakhstan,Айзере,F,,35631,ɑjzeɾe,0.5,0.8333333333333334,0.3333333333333333,1.0,0.1666666666666666,0.0,0.0,0.1666666666666666,1.0,0.5833333333333334,0.3333333333333333,0.3333333333333333,0.0,0.25,0.25,0.1666666666666666,0.0,0.75,0.0,6.0,0.5,6,False,False,False,False,0,0.0
official_kazakhstan,Айлин,F,,21480,ɑjɫəjn,0.3333333333333333,1.0,0.3333333333333333,0.8333333333333334,0.1666666666666666,0.1666666666666666,0.1666666666666666,0.0,1.0,0.5,0.3333333333333333,0.3333333333333333,0.0,0.3333333333333333,0.1666666666666666,0.3333333333333333,0.0,0.5,0.0,6.0,0.3333333333333333,5,False,False,False,False,0,0.0
official_kazakhstan,Айсұлтан,M,,19574,ɑjsʊɫtɑn,0.375,0.75,0.5,0.75,0.1875,0.125,0.125,0.125,0.75,0.6875,0.5,0.25,0.0,0.25,0.25,0.375,0.125,0.5625,0.0,8.0,0.375,8,False,False,False,False,1,0.0
official_kazakhstan,Айша,F,,16149,ɑjʃɑ,0.5,0.75,0.25,1.0,0.25,0.0,0.0,0.25,0.75,0.25,0.25,0.625,0.0,0.25,0.5,0.5,0.0,0.75,0.0,4.0,0.5,4,False,False,False,False,0,0.0
official_kazakhstan,Александр,M,,11542,ɑleksɑndɾ,0.3333333333333333,0.6666666666666666,0.6666666666666666,0.6666666666666666,0.1666666666666666,0.1111111111111111,0.1111111111111111,0.1111111111111111,0.7777777777777778,0.7222222222222222,0.5555555555555556,0.2222222222222222,0.0,0.1666666666666666,0.2777777777777778,0.3333333333333333,0.0,0.6666666666666666,0.0,9.0,0.3333333333333333,9,False,False,False,False,1,0.0
official_kazakhstan,Алихан,M,,42505,ɑɫəjxɑn,0.4285714285714285,0.8571428571428571,0.4285714285714285,0.8571428571428571,0.2142857142857142,0.1428571428571428,0.1428571428571428,0.0,0.8571428571428571,0.5,0.2857142857142857,0.3571428571428571,0.0,0.2857142857142857,0.2857142857142857,0.5714285714285714,0.0,0.5714285714285714,0.0,7.0,0.4285714285714285,6,False,False,False,False,1,0.0
official_kazakhstan,Аружан,F,,10497,ɑɾwʒɑn,0.3333333333333333,0.8333333333333334,0.5,0.8333333333333334,0.25,0.0,0.1666666666666666,0.1666666666666666,1.0,0.5,0.5,0.4166666666666667,0.1666666666666666,0.25,0.4166666666666667,0.5,0.1666666666666666,0.6666666666666666,0.0,6.0,0.3333333333333333,6,False,False,False,False,0,0.0
official_kazakhstan,Асылым,F,,10636,ɑsəɫəm,0.5,0.8333333333333334,0.5,0.8333333333333334,0.1666666666666666,0.1666666666666666,0.1666666666666666,0.1666666666666666,0.8333333333333334,0.75,0.3333333333333333,0.3333333333333333,0.1666666666666666,0.0,0.1666666666666666,0.5,0.0,0.4166666666666667,0.0,6.0,0.5,6,False,False,False,False,0,0.0
official_kazakhstan,Ерасыл,M,,18970,eɾɑsəɫ,0.5,0.8333333333333334,0.5,1.0,0.25,0.1666666666666666,0.0,0.1666666666666666,0.8333333333333334,0.75,0.5,0.25,0.0,0.0833333333333333,0.25,0.3333333333333333,0.0,0.5833333333333334,0.0,6.0,0.5,6,False,False,False,False,1,0.0
official_kazakhstan,Медина,F,,36621,medəjnɑ,0.4285714285714285,0.8571428571428571,0.4285714285714285,0.5714285714285714,0.0714285714285714,0.0,0.2857142857142857,0.0,1.0,0.6428571428571429,0.2857142857142857,0.3571428571428571,0.1428571428571428,0.1428571428571428,0.1428571428571428,0.2857142857142857,0.0,0.5714285714285714,0.0,7.0,0.4285714285714285,6,False,False,False,False,0,0.0
official_kazakhstan,Мұхаммед,M,,3639,mʊxɑmmed,0.375,0.75,0.625,0.5,0.0625,0.0,0.375,0.0,0.875,0.6875,0.125,0.4375,0.375,0.25,0.125,0.375,0.125,0.5625,0.0,8.0,0.375,8,False,False,False,False,1,0.0
official_kazakhstan,Нұрислам,M,,3316,nʊɾəjsɫɑm,0.3333333333333333,0.8888888888888888,0.5555555555555556,0.7777777777777778,0.1666666666666666,0.1111111111111111,0.2222222222222222,0.1111111111111111,0.8888888888888888,0.7222222222222222,0.4444444444444444,0.2777777777777778,0.1111111111111111,0.2777777777777778,0.1666666666666666,0.3333333333333333,0.1111111111111111,0.4444444444444444,0.0,9.0,0.3333333333333333,8,False,False,False,False,1,0.0
official_kazakhstan,Раяна,F,,21134,ɾɑjanɑ,0.5,1.0,0.3333333333333333,0.8333333333333334,0.25,0.0,0.1666666666666666,0.0,1.0,0.5833333333333334,0.3333333333333333,0.3333333333333333,0.0,0.25,0.5833333333333334,0.5,0.0,0.75,0.0,6.0,0.5,5,False,False,False,False,0,0.0
official_kazakhstan_kazakh,АДИНА,F,,1214,ɑdəjnɑ,0.5,0.8333333333333334,0.3333333333333333,0.6666666666666666,0.1666666666666666,0.0,0.1666666666666666,0.0,1.0,0.5833333333333334,0.3333333333333333,0.3333333333333333,0.0,0.1666666666666666,0.3333333333333333,0.5,0.0,0.5833333333333334,0.0,6.0,0.5,5,False,False,False,False,0,0.0
official_kazakhstan_kazakh,АДИЯ,F,,1502,ɑdəjja,0.5,0.8333333333333334,0.1666666666666666,0.8333333333333334,0.0833333333333333,0.0,0.0,0.0,1.0,0.4166666666666667,0.1666666666666666,0.4166666666666667,0.0,0.3333333333333333,0.3333333333333333,0.5,0.0,0.5833333333333334,0.0,6.0,0.5,4,False,False,False,False,0,0.0
official_kazakhstan_kazakh,АИША,F,,985,ɑəjʃɑ,0.6,0.8,0.2,1.0,0.2,0.0,0.0,0.2,0.8,0.3,0.2,0.6,0.0,0.2,0.4,0.6,0.0,0.6,0.0,5.0,0.6,4,False,False,False,False,0,0.0
official_kazakhstan_kazakh,АЙАРУ,F,,1661,ɑjɑɾw,0.4,1.0,0.2,1.0,0.3,0.0,0.0,0.0,1.0,0.4,0.2,0.4,0.2,0.5,0.5,0.6,0.2,0.7,0.0,5.0,0.4,5,False,False,False,False,0,0.0
official_kazakhstan_kazakh,АЙБАР,M,,1202,ɑjbɑɾ,0.4,0.8,0.4,0.8,0.3,0.0,0.0,0.0,1.0,0.6,0.2,0.4,0.2,0.3,0.5,0.4,0.0,0.7,0.0,5.0,0.4,5,False,False,False,False,1,0.0
official_kazakhstan_kazakh,АЙЗЕРЕ,F,,1602,ɑjzeɾe,0.5,0.8333333333333334,0.3333333333333333,1.0,0.1666666666666666,0.0,0.0,0.1666666666666666,1.0,0.5833333333333334,0.3333333333333333,0.3333333333333333,0.0,0.25,0.25,0.1666666666666666,0.0,0.75,0.0,6.0,0.5,6,False,False,False,False,0,0.0
official_kazakhstan_kazakh,АЙКӨРКЕМ,F,,1816,ɑjkɵɾkem,0.375,0.75,0.5,0.625,0.1875,0.0,0.125,0.0,0.75,0.4375,0.125,0.4375,0.25,0.4375,0.1875,0.375,0.125,0.6875,0.0,8.0,0.375,8,False,False,False,False,0,0.0
official_kazakhstan_kazakh,АЙЛАНА,F,,1057,ɑjɫɑnɑ,0.5,1.0,0.3333333333333333,0.8333333333333334,0.3333333333333333,0.1666666666666666,0.1666666666666666,0.0,1.0,0.5833333333333334,0.3333333333333333,0.3333333333333333,0.0,0.1666666666666666,0.5,0.5,0.0,0.75,0.0,6.0,0.5,6,False,False,False,False,0,0.0
official_kazakhstan_kazakh,АЙЛИН,F,,4508,ɑjɫəjn,0.3333333333333333,1.0,0.3333333333333333,0.8333333333333334,0.1666666666666666,0.1666666666666666,0.1666666666666666,0.0,1.0,0.5,0.3333333333333333,0.3333333333333333,0.0,0.3333333333333333,0.1666666666666666,0.3333333333333333,0.0,0.5,0.0,6.0,0.3333333333333333,5,False,False,False,False,0,0.0
official_kazakhstan_kazakh,АЙСҰЛТАН,M,,2667,ɑjsʊɫtɑn,0.375,0.75,0.5,0.75,0.1875,0.125,0.125,0.125,0.75,0.6875,0.5,0.25,0.0,0.25,0.25,0.375,0.125,0.5625,0.0,8.0,0.375,8,False,False,False,False,1,0.0
official_kazakhstan_kazakh,АЙША,F,,3830,ɑjʃɑ,0.5,0.75,0.25,1.0,0.25,0.0,0.0,0.25,0.75,0.25,0.25,0.625,0.0,0.25,0.5,0.5,0.0,0.75,0.0,4.0,0.5,4,False,False,False,False,0,0.0
official_kazakhstan_kazakh,АЙЫМ,F,,2641,ɑjəm,0.5,1.0,0.25,0.75,0.125,0.0,0.25,0.0,1.0,0.5,0.0,0.5,0.25,0.25,0.25,0.5,0.0,0.5,0.0,4.0,0.5,4,False,False,False,False,0,0.0
official_kazakhstan_kazakh,АЛАН,M,,1747,ɑɫɑn,0.5,1.0,0.5,0.75,0.375,0.25,0.25,0.0,1.0,0.75,0.5,0.25,0.0,0.0,0.5,0.5,0.0,0.75,0.0,4.0,0.5,4,False,False,False,False,1,0.0
official_kazakhstan_kazakh,АЛДИЯР,M,,2052,ɑɫdəjjaɾ,0.375,0.875,0.375,0.875,0.1875,0.125,0.0,0.0,1.0,0.5625,0.375,0.3125,0.0,0.3125,0.3125,0.375,0.0,0.5625,0.0,8.0,0.375,6,False,False,False,False,1,0.0
official_kazakhstan_kazakh,АЛИ,M,,1347,ɑɫəj,0.5,1.0,0.25,1.0,0.25,0.25,0.0,0.0,1.0,0.5,0.25,0.375,0.0,0.25,0.25,0.5,0.0,0.5,0.0,4.0,0.5,3,False,False,False,False,1,0.0
official_kazakhstan_kazakh,АЛИНҰР,M,,1389,ɑɫəjnʊɾ,0.4285714285714285,1.0,0.4285714285714285,0.8571428571428571,0.2142857142857142,0.1428571428571428,0.1428571428571428,0.0,1.0,0.6428571428571429,0.4285714285714285,0.2857142857142857,0.0,0.3571428571428571,0.2142857142857142,0.4285714285714285,0.1428571428571428,0.4285714285714285,0.0,7.0,0.4285714285714285,6,False,False,False,False,1,0.0
official_kazakhstan_kazakh,АЛИХАН,M,,2348,ɑɫəjxɑn,0.4285714285714285,0.8571428571428571,0.4285714285714285,0.8571428571428571,0.2142857142857142,0.1428571428571428,0.1428571428571428,0.0,0.8571428571428571,0.5,0.2857142857142857,0.3571428571428571,0.0,0.2857142857142857,0.2857142857142857,0.5714285714285714,0.0,0.5714285714285714,0.0,7.0,0.4285714285714285,6,False,False,False,False,1,0.0
official_kazakhstan_kazakh,АЛЬТАИР,M,,1271,ɑɫʔtɑəjɾ,0.375,0.875,0.375,0.75,0.25,0.125,0.0,0.0,0.75,0.5625,0.375,0.3125,0.0,0.1875,0.3125,0.5,0.0,0.5625,0.0,8.0,0.375,7,False,False,False,False,1,0.0
official_kazakhstan_kazakh,АМИНА,F,,1789,ɑməjnɑ,0.5,1.0,0.3333333333333333,0.6666666666666666,0.1666666666666666,0.0,0.3333333333333333,0.0,1.0,0.5833333333333334,0.1666666666666666,0.4166666666666667,0.1666666666666666,0.1666666666666666,0.3333333333333333,0.5,0.0,0.5833333333333334,0.0,6.0,0.5,5,False,False,False,False,0,0.0
official_kazakhstan_kazakh,АМИР,M,,1613,ɑməjɾ,0.4,1.0,0.4,0.8,0.2,0.0,0.2,0.0,1.0,0.6,0.2,0.4,0.2,0.3,0.3,0.4,0.0,0.5,0.0,5.0,0.4,4,False,False,False,False,1,0.0
official_kazakhstan_kazakh,АРЛАН,M,,978,ɑɾɫɑn,0.4,1.0,0.6,0.8,0.4,0.2,0.2,0.0,1.0,0.8,0.6,0.2,0.0,0.1,0.5,0.4,0.0,0.7,0.0,5.0,0.4,5,False,False,False,False,1,0.0
official_kazakhstan_kazakh,АРСЕН,M,,1228,ɑɾsen,0.4,0.8,0.6,0.8,0.2,0.0,0.2,0.2,0.8,0.8,0.6,0.2,0.0,0.1,0.3,0.2,0.0,0.7,0.0,5.0,0.4,5,False,False,False,False,1,0.0
official_kazakhstan_kazakh,АСЫЛЫМ,F,,4577,ɑsəɫəm,0.5,0.8333333333333334,0.5,0.8333333333333334,0.1666666666666666,0.1666666666666666,0.1666666666666666,0.1666666666666666,0.8333333333333334,0.75,0.3333333333333333,0.3333333333333333,0.1666666666666666,0.0,0.1666666666666666,0.5,0.0,0.4166666666666667,0.0,6.0,0.5,6,False,False,False,False,0,0.0
official_kazakhstan_kazakh,АХМЕТ,M,,957,ɑxmet,0.4,0.6,0.6,0.6,0.1,0.0,0.2,0.0,0.6,0.6,0.2,0.4,0.2,0.2,0.2,0.4,0.0,0.7,0.0,5.0,0.4,5,False,False,False,False,1,0.0
official_kazakhstan_kazakh,АЯЛА,F,,2701,ɑjaɫɑ,0.6,1.0,0.2,1.0,0.3,0.2,0.0,0.0,1.0,0.5,0.2,0.4,0.0,0.2,0.6,0.6,0.0,0.8,0.0,5.0,0.6,4,False,False,False,False,0,0.0
official_kazakhstan_kazakh,АЯНА,F,,1158,ɑjanɑ,0.6,1.0,0.2,0.8,0.2,0.0,0.2,0.0,1.0,0.5,0.2,0.4,0.0,0.2,0.6,0.6,0.0,0.8,0.0,5.0,0.6,4,False,False,False,False,0,0.0
official_kazakhstan_kazakh,ДІНМҰХАММЕД,M,,1516,dɪnmʊxɑmmed,0.3636363636363636,0.7272727272727273,0.6363636363636364,0.4545454545454545,0.0454545454545454,0.0,0.3636363636363636,0.0,0.9090909090909092,0.7272727272727273,0.2727272727272727,0.3636363636363636,0.2727272727272727,0.2727272727272727,0.0909090909090909,0.2727272727272727,0.0909090909090909,0.5,0.0,11.0,0.3636363636363636,11,False,False,False,False,1,0.0
official_kazakhstan_kazakh,ДАМИР,M,,935,dɑməjɾ,0.3333333333333333,0.8333333333333334,0.5,0.6666666666666666,0.1666666666666666,0.0,0.1666666666666666,0.0,1.0,0.6666666666666666,0.3333333333333333,0.3333333333333333,0.1666666666666666,0.25,0.25,0.3333333333333333,0.0,0.5,0.0,6.0,0.3333333333333333,5,False,False,False,False,1,0.0
official_kazakhstan_kazakh,ДАРЫН,M,,1072,dɑɾən,0.4,0.8,0.6,0.6,0.2,0.0,0.2,0.0,1.0,0.8,0.6,0.2,0.0,0.1,0.3,0.4,0.0,0.5,0.0,5.0,0.4,5,False,False,False,False,1,0.0
official_kazakhstan_kazakh,ЖАСМИН,F,,987,ʒɑsməjn,0.2857142857142857,0.7142857142857143,0.5714285714285714,0.7142857142857143,0.0714285714285714,0.0,0.2857142857142857,0.2857142857142857,0.8571428571428571,0.5714285714285714,0.4285714285714285,0.4285714285714285,0.1428571428571428,0.1428571428571428,0.1428571428571428,0.2857142857142857,0.0,0.5,0.0,7.0,0.2857142857142857,6,False,False,False,False,0,0.0
official_kazakhstan_kazakh,ЗАҢҒАР,M,,918,zɑŋʀɑɾ,0.3333333333333333,0.8333333333333334,0.6666666666666666,0.8333333333333334,0.3333333333333333,0.0,0.1666666666666666,0.1666666666666666,1.0,0.5,0.3333333333333333,0.3333333333333333,0.0,0.25,0.4166666666666667,0.6666666666666666,0.0,0.6666666666666666,0.0,6.0,0.3333333333333333,6,False,False,False,False,1,0.0
official_kazakhstan_kazakh,ЗЕРЕ,F,,1628,zeɾe,0.5,0.75,0.5,1.0,0.125,0.0,0.0,0.25,1.0,0.75,0.5,0.25,0.0,0.125,0.125,0.0,0.0,0.75,0.0,4.0,0.5,4,False,False,False,False,0,0.0
official_kazakhstan_kazakh,ИБРАҺИМ,M,,1057,əjbɾɑhəjm,0.3333333333333333,0.8888888888888888,0.4444444444444444,0.7777777777777778,0.1111111111111111,0.0,0.1111111111111111,0.0,0.8888888888888888,0.5,0.1111111111111111,0.4444444444444444,0.2222222222222222,0.2777777777777778,0.1666666666666666,0.4444444444444444,0.0,0.4444444444444444,0.0,9.0,0.3333333333333333,7,False,False,False,False,1,0.0
official_kazakhstan_kazakh,ИСЛАМ,M,,1197,əjsɫɑm,0.3333333333333333,0.8333333333333334,0.5,0.8333333333333334,0.1666666666666666,0.1666666666666666,0.1666666666666666,0.1666666666666666,0.8333333333333334,0.6666666666666666,0.3333333333333333,0.3333333333333333,0.1666666666666666,0.1666666666666666,0.1666666666666666,0.3333333333333333,0.0,0.5,0.0,6.0,0.3333333333333333,5,False,False,False,False,1,0.0
official_kazakhstan_kazakh,КӘУСАР,F,,1581,kæwsɑɾ,0.3333333333333333,0.6666666666666666,0.5,0.8333333333333334,0.1666666666666666,0.0,0.0,0.1666666666666666,0.6666666666666666,0.5,0.3333333333333333,0.3333333333333333,0.1666666666666666,0.4166666666666667,0.4166666666666667,0.5,0.1666666666666666,0.6666666666666666,0.0,6.0,0.3333333333333333,6,False,False,False,False,0,0.0
official_kazakhstan_kazakh,КӨЗАЙЫМ,F,,1032,kɵzɑjəm,0.4285714285714285,0.7142857142857143,0.4285714285714285,0.7142857142857143,0.1428571428571428,0.0,0.1428571428571428,0.1428571428571428,0.8571428571428571,0.5,0.1428571428571428,0.4285714285714285,0.2857142857142857,0.2857142857142857,0.1428571428571428,0.4285714285714285,0.1428571428571428,0.5714285714285714,0.0,7.0,0.4285714285714285,7,False,False,False,False,0,0.0
official_kazakhstan_kazakh,МАНСҰР,M,,1236,mɑnsʊɾ,0.3333333333333333,0.8333333333333334,0.6666666666666666,0.6666666666666666,0.1666666666666666,0.0,0.3333333333333333,0.1666666666666666,0.8333333333333334,0.8333333333333334,0.5,0.25,0.1666666666666666,0.25,0.25,0.3333333333333333,0.1666666666666666,0.5,0.0,6.0,0.3333333333333333,6,False,False,False,False,1,0.0
official_kazakhstan_kazakh,МАРИЯМ,F,,2289,mɑɾəjjam,0.375,1.0,0.375,0.75,0.125,0.0,0.25,0.0,1.0,0.5625,0.125,0.4375,0.25,0.3125,0.3125,0.375,0.0,0.5625,0.0,8.0,0.375,6,False,False,False,False,0,0.0
official_kazakhstan_kazakh,МЕДИНА,F,,4780,medəjnɑ,0.4285714285714285,0.8571428571428571,0.4285714285714285,0.5714285714285714,0.0714285714285714,0.0,0.2857142857142857,0.0,1.0,0.6428571428571429,0.2857142857142857,0.3571428571428571,0.1428571428571428,0.1428571428571428,0.1428571428571428,0.2857142857142857,0.0,0.5714285714285714,0.0,7.0,0.4285714285714285,6,False,False,False,False,0,0.0
official_kazakhstan_kazakh,МИРАС,M,,1181,məjɾɑs,0.3333333333333333,0.8333333333333334,0.5,0.8333333333333334,0.1666666666666666,0.0,0.1666666666666666,0.1666666666666666,0.8333333333333334,0.6666666666666666,0.3333333333333333,0.3333333333333333,0.1666666666666666,0.25,0.25,0.3333333333333333,0.0,0.5,0.0,6.0,0.3333333333333333,5,False,False,False,False,1,0.0
official_kazakhstan_kazakh,МУСЛИМ,M,,1088,mwsɫəjm,0.1428571428571428,0.8571428571428571,0.5714285714285714,0.7142857142857143,0.0714285714285714,0.1428571428571428,0.2857142857142857,0.1428571428571428,0.8571428571428571,0.6428571428571429,0.2857142857142857,0.3571428571428571,0.4285714285714285,0.2857142857142857,0.0,0.2857142857142857,0.1428571428571428,0.4285714285714285,0.0,7.0,0.1428571428571428,6,False,False,False,False,1,0.0
official_kazakhstan_kazakh,МУХАММАД,M,,1076,mwxɑmmɑd,0.25,0.75,0.625,0.5,0.125,0.0,0.375,0.0,0.875,0.625,0.125,0.4375,0.5,0.25,0.25,0.5,0.125,0.625,0.0,8.0,0.25,8,False,False,False,False,1,0.0
official_kazakhstan_kazakh,МҰХАММЕД,M,,3343,mʊxɑmmed,0.375,0.75,0.625,0.5,0.0625,0.0,0.375,0.0,0.875,0.6875,0.125,0.4375,0.375,0.25,0.125,0.375,0.125,0.5625,0.0,8.0,0.375,8,False,False,False,False,1,0.0
official_kazakhstan_kazakh,МӘРИЯМ,F,,953,mæɾəjjam,0.375,1.0,0.375,0.75,0.0625,0.0,0.25,0.0,1.0,0.5625,0.125,0.4375,0.25,0.3125,0.3125,0.25,0.0,0.5625,0.0,8.0,0.375,6,False,False,False,False,0,0.0
official_kazakhstan_kazakh,НҰРИСЛАМ,M,,1693,nʊɾəjsɫɑm,0.3333333333333333,0.8888888888888888,0.5555555555555556,0.7777777777777778,0.1666666666666666,0.1111111111111111,0.2222222222222222,0.1111111111111111,0.8888888888888888,0.7222222222222222,0.4444444444444444,0.2777777777777778,0.1111111111111111,0.2777777777777778,0.1666666666666666,0.3333333333333333,0.1111111111111111,0.4444444444444444,0.0,9.0,0.3333333333333333,8,False,False,False,False,1,0.0
official_kazakhstan_kazakh,НҰРМҰХАММЕД,M,,1023,nʊɾmʊxɑmmed,0.3636363636363636,0.8181818181818182,0.6363636363636364,0.5454545454545454,0.0909090909090909,0.0,0.3636363636363636,0.0,0.9090909090909092,0.7272727272727273,0.2727272727272727,0.3636363636363636,0.2727272727272727,0.3181818181818182,0.1363636363636363,0.3636363636363636,0.1818181818181818,0.5,0.0,11.0,0.3636363636363636,11,False,False,False,False,1,0.0
official_kazakhstan_kazakh,ОМАР,M,,2222,omɑɾ,0.5,1.0,0.5,0.75,0.25,0.0,0.25,0.0,1.0,0.75,0.25,0.375,0.25,0.125,0.375,0.5,0.25,0.75,0.0,4.0,0.5,4,False,False,False,False,1,0.0
official_kazakhstan_kazakh,РАМАЗАН,M,,1160,ɾɑmɑzɑn,0.4285714285714285,0.8571428571428571,0.5714285714285714,0.7142857142857143,0.2857142857142857,0.0,0.2857142857142857,0.1428571428571428,1.0,0.7857142857142857,0.4285714285714285,0.2857142857142857,0.1428571428571428,0.0714285714285714,0.5,0.4285714285714285,0.0,0.7142857142857143,0.0,7.0,0.4285714285714285,7,False,False,False,False,1,0.0
official_kazakhstan_kazakh,РАЯНА,F,,2177,ɾɑjanɑ,0.5,1.0,0.3333333333333333,0.8333333333333334,0.25,0.0,0.1666666666666666,0.0,1.0,0.5833333333333334,0.3333333333333333,0.3333333333333333,0.0,0.25,0.5833333333333334,0.5,0.0,0.75,0.0,6.0,0.5,5,False,False,False,False,0,0.0
official_kazakhstan_kazakh,САНЖАР,M,,980,sɑnʒɑɾ,0.3333333333333333,0.6666666666666666,0.6666666666666666,0.8333333333333334,0.25,0.0,0.1666666666666666,0.3333333333333333,0.8333333333333334,0.6666666666666666,0.6666666666666666,0.3333333333333333,0.0,0.0833333333333333,0.4166666666666667,0.3333333333333333,0.0,0.6666666666666666,0.0,6.0,0.3333333333333333,6,False,False,False,False,1,0.0
official_kazakhstan_kazakh,САФИЯ,F,,2045,sɑfəjja,0.4285714285714285,0.7142857142857143,0.2857142857142857,1.0,0.0714285714285714,0.0,0.0,0.2857142857142857,0.7142857142857143,0.5,0.1428571428571428,0.4285714285714285,0.1428571428571428,0.2857142857142857,0.2857142857142857,0.4285714285714285,0.0,0.5714285714285714,0.0,7.0,0.4285714285714285,5,False,False,False,False,0,0.0
official_kazakhstan_kazakh,СЕЗІМ,F,,954,sezɪm,0.4,0.6,0.6,0.8,0.0,0.0,0.2,0.4,0.8,0.8,0.4,0.3,0.2,0.2,0.0,0.0,0.0,0.5,0.0,5.0,0.4,5,False,False,False,False,0,0.0
official_kazakhstan_kazakh,ТОМИРИС,F,,2987,toməjɾəjs,0.3333333333333333,0.7777777777777778,0.4444444444444444,0.7777777777777778,0.0555555555555555,0.0,0.1111111111111111,0.1111111111111111,0.7777777777777778,0.6111111111111112,0.3333333333333333,0.3333333333333333,0.1111111111111111,0.2777777777777778,0.0555555555555555,0.3333333333333333,0.1111111111111111,0.4444444444444444,0.0,9.0,0.3333333333333333,7,False,False,False,False,0,0.0
official_kazakhstan_kazakh,ФАТИМА,F,,989,fɑtəjmɑ,0.4285714285714285,0.7142857142857143,0.4285714285714285,0.7142857142857143,0.1428571428571428,0.0,0.1428571428571428,0.1428571428571428,0.7142857142857143,0.6428571428571429,0.1428571428571428,0.4285714285714285,0.2857142857142857,0.1428571428571428,0.2857142857142857,0.4285714285714285,0.0,0.5714285714285714,0.0,7.0,0.4285714285714285,6,False,False,False,False,0,0.0
official_kazakhstan_kazakh,ХАДИША,F,,1610,xɑdəjʃɑ,0.4285714285714285,0.5714285714285714,0.4285714285714285,0.8571428571428571,0.1428571428571428,0.0,0.0,0.1428571428571428,0.7142857142857143,0.3571428571428571,0.2857142857142857,0.5,0.0,0.2857142857142857,0.2857142857142857,0.5714285714285714,0.0,0.5714285714285714,0.0,7.0,0.4285714285714285,6,False,False,False,False,0,0.0
official_kazakhstan_kazakh,ХАДИЯ,F,,1189,xɑdəjja,0.4285714285714285,0.7142857142857143,0.2857142857142857,0.8571428571428571,0.0714285714285714,0.0,0.0,0.0,0.8571428571428571,0.3571428571428571,0.1428571428571428,0.4285714285714285,0.0,0.4285714285714285,0.2857142857142857,0.5714285714285714,0.0,0.5714285714285714,0.0,7.0,0.4285714285714285,5,False,False,False,False,0,0.0
official_kazakhstan_kazakh,ХАМЗА,M,,1618,xɑmzɑ,0.4,0.6,0.6,0.8,0.2,0.0,0.2,0.2,0.8,0.6,0.2,0.4,0.2,0.2,0.4,0.6,0.0,0.7,0.0,5.0,0.4,5,False,False,False,False,1,0.0
official_kazakhstan_kazakh,ЯСИНА,F,,1614,jasəjnɑ,0.4285714285714285,0.8571428571428571,0.2857142857142857,0.8571428571428571,0.0714285714285714,0.0,0.1428571428571428,0.1428571428571428,0.8571428571428571,0.5,0.2857142857142857,0.3571428571428571,0.0,0.2857142857142857,0.2857142857142857,0.4285714285714285,0.0,0.5714285714285714,0.0,7.0,0.4285714285714285,5,False,False,False,False,0,0.0
official_kazakhstan_kazakh,ӘМІР,M,,915,æmɪɾ,0.5,1.0,0.5,0.75,0.125,0.0,0.25,0.0,1.0,0.75,0.25,0.375,0.25,0.375,0.375,0.0,0.0,0.5,0.0,4.0,0.5,4,False,False,False,False,1,0.0
official_kazakhstan_kazakh,ӘМИНА,F,,1345,æməjnɑ,0.5,1.0,0.3333333333333333,0.6666666666666666,0.0833333333333333,0.0,0.3333333333333333,0.0,1.0,0.5833333333333334,0.1666666666666666,0.4166666666666667,0.1666666666666666,0.1666666666666666,0.3333333333333333,0.3333333333333333,0.0,0.5833333333333334,0.0,6.0,0.5,5,False,False,False,False,0,0.0
official_kyrgyzstan,Аиша,F,,1244,ɑiSɑ,1.0,1.0,0.0,1.0,0.3333333333333333,0.0,0.0,0.0,1.0,0.5,0.0,0.5,0.0,0.3333333333333333,0.6666666666666666,0.6666666666666666,0.0,1.0,0.0,3.0,1.0,4,False,False,False,False,0,0.0
official_kyrgyzstan,Айлин,F,,1451,ɑjlin,0.4,1.0,0.4,0.8,0.1,0.2,0.2,0.0,1.0,0.6,0.4,0.3,0.0,0.4,0.2,0.2,0.0,0.7,0.0,5.0,0.4,5,False,False,False,False,0,0.0
official_kyrgyzstan,Али,M,,1659,ɑli,0.6666666666666666,1.0,0.3333333333333333,1.0,0.1666666666666666,0.3333333333333333,0.0,0.0,1.0,0.6666666666666666,0.3333333333333333,0.3333333333333333,0.0,0.3333333333333333,0.3333333333333333,0.3333333333333333,0.0,0.8333333333333334,0.0,3.0,0.6666666666666666,3,False,False,False,False,1,0.0
official_kyrgyzstan,Алихан,M,,1012,ɑliXɑn,0.6,1.0,0.4,0.8,0.2,0.2,0.2,0.0,1.0,0.7,0.4,0.3,0.0,0.2,0.4,0.4,0.0,0.8,0.0,5.0,0.6,6,False,False,False,False,1,0.0
official_kyrgyzstan,Алия,F,,1361,ɑlijɑ,0.6,1.0,0.2,1.0,0.2,0.2,0.0,0.0,1.0,0.5,0.2,0.4,0.0,0.4,0.4,0.4,0.0,0.8,0.0,5.0,0.6,4,False,False,False,False,0,0.0
official_kyrgyzstan,Амина,F,,1389,ɑminɑ,0.6,1.0,0.4,0.6,0.2,0.0,0.4,0.0,1.0,0.7,0.2,0.4,0.2,0.2,0.4,0.4,0.0,0.8,0.0,5.0,0.6,5,False,False,False,False,0,0.0
official_kyrgyzstan,Амир,M,,1370,ɑmir,0.5,1.0,0.5,0.75,0.25,0.0,0.25,0.0,1.0,0.75,0.25,0.375,0.25,0.375,0.375,0.25,0.0,0.75,0.0,4.0,0.5,4,False,False,False,False,1,0.0
official_kyrgyzstan,Аруузат,F,,1102,ɑru:zɑt[,0.5,0.6666666666666666,0.5,0.8333333333333334,0.25,0.0,0.0,0.1666666666666666,0.8333333333333334,0.75,0.5,0.25,0.1666666666666666,0.25,0.4166666666666667,0.5,0.1666666666666666,0.75,0.0,6.0,0.5,7,False,False,False,False,0,0.0
official_kyrgyzstan,Билал,M,,1190,bilɑl-,0.4,0.8,0.6,0.8,0.1,0.4,0.0,0.0,1.0,0.8,0.4,0.3,0.2,0.2,0.2,0.2,0.0,0.7,0.0,5.0,0.4,5,False,False,False,False,1,0.0
official_kyrgyzstan,Мухаммад,M,,3667,muXɑmmɑd[,0.4285714285714285,0.8571428571428571,0.5714285714285714,0.4285714285714285,0.1428571428571428,0.0,0.4285714285714285,0.0,1.0,0.7857142857142857,0.1428571428571428,0.4285714285714285,0.5714285714285714,0.1428571428571428,0.2857142857142857,0.4285714285714285,0.1428571428571428,0.7142857142857143,0.0,7.0,0.4285714285714285,8,False,False,False,False,1,0.0
official_kyrgyzstan,Мухаммед,M,,849,muXɑmmed[,0.4285714285714285,0.8571428571428571,0.5714285714285714,0.4285714285714285,0.0714285714285714,0.0,0.4285714285714285,0.0,1.0,0.7857142857142857,0.1428571428571428,0.4285714285714285,0.5714285714285714,0.1428571428571428,0.1428571428571428,0.2857142857142857,0.1428571428571428,0.7142857142857143,0.0,7.0,0.4285714285714285,8,False,False,False,False,1,0.0
official_kyrgyzstan,Нурислам,M,,930,nurislɑm,0.375,0.875,0.625,0.75,0.125,0.125,0.25,0.125,0.875,0.8125,0.5,0.25,0.25,0.3125,0.1875,0.25,0.125,0.6875,0.0,8.0,0.375,8,False,False,False,False,1,0.0
official_kyrgyzstan,Рамазан,M,,1428,rɑmɑzɑn,0.4285714285714285,0.8571428571428571,0.5714285714285714,0.7142857142857143,0.2857142857142857,0.0,0.2857142857142857,0.1428571428571428,1.0,0.7857142857142857,0.4285714285714285,0.2857142857142857,0.1428571428571428,0.0714285714285714,0.5,0.4285714285714285,0.0,0.7142857142857143,0.0,7.0,0.4285714285714285,7,False,False,False,False,1,0.0
official_kyrgyzstan,Раяна,F,,1273,rɑjɑnɑ,0.5,1.0,0.3333333333333333,0.8333333333333334,0.3333333333333333,0.0,0.1666666666666666,0.0,1.0,0.5833333333333334,0.3333333333333333,0.3333333333333333,0.0,0.25,0.5833333333333334,0.5,0.0,0.75,0.0,6.0,0.5,5,False,False,False,False,0,0.0
official_kyrgyzstan,Салиха,F,,2043,sɑliXɑ,0.6,0.8,0.4,1.0,0.2,0.2,0.0,0.2,0.8,0.7,0.4,0.3,0.0,0.2,0.4,0.4,0.0,0.8,0.0,5.0,0.6,6,False,False,False,False,0,0.0
official_kyrgyzstan,Сафия,F,,1400,sɑfijɑ,0.5,0.6666666666666666,0.3333333333333333,1.0,0.1666666666666666,0.0,0.0,0.3333333333333333,0.6666666666666666,0.5833333333333334,0.1666666666666666,0.4166666666666667,0.1666666666666666,0.3333333333333333,0.3333333333333333,0.3333333333333333,0.0,0.75,0.0,6.0,0.5,5,False,False,False,False,0,0.0
official_kyrgyzstan,Умар,M,,2181,umɑr,0.5,1.0,0.5,0.75,0.25,0.0,0.25,0.0,1.0,0.75,0.25,0.375,0.5,0.375,0.375,0.5,0.25,0.75,0.0,4.0,0.5,4,False,False,False,False,1,0.0
official_kyrgyzstan,Усман,M,,1096,usmɑn,0.4,0.8,0.6,0.6,0.1,0.0,0.4,0.2,0.8,0.8,0.4,0.3,0.4,0.2,0.2,0.4,0.2,0.7,0.0,5.0,0.4,5,False,False,False,False,1,0.0
official_kyrgyzstan,Фатима,F,,1489,fɑt[imɑ,0.5,0.6666666666666666,0.5,0.6666666666666666,0.1666666666666666,0.0,0.1666666666666666,0.1666666666666666,0.6666666666666666,0.75,0.1666666666666666,0.4166666666666667,0.3333333333333333,0.1666666666666666,0.3333333333333333,0.3333333333333333,0.0,0.75,0.0,6.0,0.5,6,False,False,False,False,0,0.0
official_kyrgyzstan,Хадича,F,,1181,Xɑd[itSɑ,0.6,0.6,0.4,0.6,0.2,0.0,0.0,0.0,0.8,0.7,0.4,0.3,0.0,0.2,0.4,0.4,0.0,0.8,0.0,5.0,0.6,6,False,False,False,False,0,0.0
official_latvia,Adele,F,,71,adele,0.6,0.8,0.4,0.8,0.0,0.2,0.0,0.0,1.0,0.7,0.4,0.3,0.0,0.0,0.2,0.2,0.0,0.8,0.0,5.0,0.6,5,False,False,False,False,0,0.0
official_latvia,Adelīna,F,,85,adeliːna,0.5714285714285714,0.8571428571428571,0.4285714285714285,0.7142857142857143,0.0,0.1428571428571428,0.1428571428571428,0.0,1.0,0.7142857142857143,0.4285714285714285,0.2857142857142857,0.0,0.1428571428571428,0.2857142857142857,0.2857142857142857,0.0,0.7857142857142857,0.1428571428571428,7.0,0.5714285714285714,7,False,False,False,False,0,0.0
official_latvia,Adrians,M,,106,adrians,0.4285714285714285,0.7142857142857143,0.5714285714285714,0.7142857142857143,0.0714285714285714,0.0,0.1428571428571428,0.1428571428571428,0.8571428571428571,0.7857142857142857,0.5714285714285714,0.2142857142857142,0.0,0.2142857142857142,0.3571428571428571,0.2857142857142857,0.0,0.7142857142857143,0.0,7.0,0.4285714285714285,7,False,False,False,False,1,0.0
official_latvia,Aleksandrs,M,,78,aleksaŋdrs,0.3,0.6,0.7,0.7,0.05,0.1,0.1,0.2,0.7,0.65,0.5,0.25,0.0,0.25,0.25,0.4,0.0,0.65,0.0,10.0,0.3,10,False,False,False,False,1,0.0
official_latvia,Alekss,M,,87,alekss,0.3333333333333333,0.5,0.6666666666666666,0.8333333333333334,0.0,0.1666666666666666,0.0,0.3333333333333333,0.5,0.6666666666666666,0.5,0.25,0.0,0.1666666666666666,0.1666666666666666,0.3333333333333333,0.0,0.6666666666666666,0.0,6.0,0.3333333333333333,6,False,False,False,False,1,0.0
official_latvia,Alise,F,,182,alise,0.6,0.8,0.4,1.0,0.0,0.2,0.0,0.2,0.8,0.7,0.4,0.3,0.0,0.2,0.2,0.2,0.0,0.8,0.0,5.0,0.6,5,False,False,False,False,0,0.0
official_latvia,Amēlija,F,,175,ameːlija,0.5714285714285714,1.0,0.2857142857142857,0.8571428571428571,0.0,0.1428571428571428,0.1428571428571428,0.0,1.0,0.5714285714285714,0.1428571428571428,0.4285714285714285,0.1428571428571428,0.2857142857142857,0.2857142857142857,0.2857142857142857,0.0,0.7857142857142857,0.1428571428571428,7.0,0.5714285714285714,7,False,False,False,False,0,0.0
official_latvia,Anna,F,,121,anna,0.5,1.0,0.5,0.5,0.0,0.0,0.5,0.0,1.0,0.75,0.5,0.25,0.0,0.0,0.5,0.5,0.0,0.75,0.0,4.0,0.5,4,False,False,False,False,0,0.0
official_latvia,Artūrs,M,,80,artuːrs,0.3333333333333333,0.6666666666666666,0.6666666666666666,0.8333333333333334,0.1666666666666666,0.0,0.0,0.1666666666666666,0.6666666666666666,0.8333333333333334,0.6666666666666666,0.1666666666666666,0.1666666666666666,0.3333333333333333,0.3333333333333333,0.3333333333333333,0.1666666666666666,0.6666666666666666,0.1666666666666666,6.0,0.3333333333333333,6,False,False,False,False,1,0.0
official_latvia,Daniels,M,,79,daniels,0.4285714285714285,0.7142857142857143,0.5714285714285714,0.7142857142857143,0.0,0.1428571428571428,0.1428571428571428,0.1428571428571428,0.8571428571428571,0.7857142857142857,0.5714285714285714,0.2142857142857142,0.0,0.1428571428571428,0.1428571428571428,0.1428571428571428,0.0,0.7142857142857143,0.0,7.0,0.4285714285714285,7,False,False,False,False,1,0.0
official_latvia,Dominiks,M,,104,dominiks,0.375,0.625,0.625,0.5,0.0,0.0,0.25,0.125,0.75,0.6875,0.375,0.3125,0.125,0.375,0.0,0.25,0.125,0.6875,0.0,8.0,0.375,8,False,False,False,False,1,0.0
official_latvia,Dārta,F,,97,daːrta,0.4,0.6,0.6,0.6,0.1,0.0,0.0,0.0,0.8,0.8,0.6,0.2,0.0,0.1,0.5,0.4,0.0,0.7,0.2,5.0,0.4,5,False,False,False,False,0,0.0
official_latvia,Edvards,M,,65,ædʋards,0.2857142857142857,0.5714285714285714,0.5714285714285714,0.7142857142857143,0.1428571428571428,0.0,0.0,0.1428571428571428,0.8571428571428571,0.8571428571428571,0.5714285714285714,0.2142857142857142,0.1428571428571428,0.1428571428571428,0.4285714285714285,0.1428571428571428,0.0,0.6428571428571429,0.0,7.0,0.2857142857142857,7,False,False,False,False,1,0.0
official_latvia,Elizabete,F,,89,elizabete,0.5555555555555556,0.6666666666666666,0.4444444444444444,0.7777777777777778,0.0,0.1111111111111111,0.0,0.1111111111111111,0.8888888888888888,0.7222222222222222,0.3333333333333333,0.3333333333333333,0.1111111111111111,0.1111111111111111,0.1111111111111111,0.1111111111111111,0.0,0.7777777777777778,0.0,9.0,0.5555555555555556,9,False,False,False,False,0,0.0
official_latvia,Elza,F,,88,ellza,0.4,0.8,0.6,1.0,0.0,0.4,0.0,0.2,1.0,0.8,0.6,0.2,0.0,0.0,0.2,0.2,0.0,0.7,0.0,5.0,0.4,4,False,False,False,False,0,0.0
official_latvia,Emma,F,,136,æːmːa,0.6666666666666666,1.0,0.3333333333333333,0.6666666666666666,0.0,0.0,0.3333333333333333,0.0,1.0,0.6666666666666666,0.0,0.5,0.3333333333333333,0.0,0.6666666666666666,0.3333333333333333,0.0,0.8333333333333334,0.6666666666666666,3.0,0.6666666666666666,4,False,False,False,False,0,0.0
official_latvia,Emīlija,F,,219,emiːlija,0.5714285714285714,1.0,0.2857142857142857,0.8571428571428571,0.0,0.1428571428571428,0.1428571428571428,0.0,1.0,0.5714285714285714,0.1428571428571428,0.4285714285714285,0.1428571428571428,0.4285714285714285,0.1428571428571428,0.1428571428571428,0.0,0.7857142857142857,0.1428571428571428,7.0,0.5714285714285714,7,False,False,False,False,0,0.0
official_latvia,Emīls,M,,128,emiːls,0.4,0.8,0.6,0.8,0.0,0.2,0.2,0.2,0.8,0.8,0.4,0.3,0.2,0.2,0.0,0.0,0.0,0.7,0.2,5.0,0.4,5,False,False,False,False,1,0.0
official_latvia,Ernests,M,,104,ærnæsts,0.2857142857142857,0.5714285714285714,0.7142857142857143,0.7142857142857143,0.0714285714285714,0.0,0.1428571428571428,0.2857142857142857,0.5714285714285714,0.8571428571428571,0.7142857142857143,0.1428571428571428,0.0,0.0714285714285714,0.3571428571428571,0.0,0.0,0.6428571428571429,0.0,7.0,0.2857142857142857,7,False,False,False,False,1,0.0
official_latvia,Estere,F,,96,æstere,0.5,0.6666666666666666,0.5,0.8333333333333334,0.0833333333333333,0.0,0.0,0.1666666666666666,0.6666666666666666,0.75,0.5,0.25,0.0,0.0833333333333333,0.25,0.0,0.0,0.75,0.0,6.0,0.5,6,False,False,False,False,0,0.0
official_latvia,Eva,F,,64,eʋa,0.6666666666666666,1.0,0.0,1.0,0.1666666666666666,0.0,0.0,0.0,1.0,0.6666666666666666,0.0,0.5,0.3333333333333333,0.1666666666666666,0.5,0.3333333333333333,0.0,0.8333333333333334,0.0,3.0,0.6666666666666666,3,False,False,False,False,0,0.0
official_latvia,Evelīna,F,,68,æʋeliːna,0.5714285714285714,1.0,0.2857142857142857,0.8571428571428571,0.0714285714285714,0.1428571428571428,0.1428571428571428,0.0,1.0,0.7142857142857143,0.2857142857142857,0.3571428571428571,0.1428571428571428,0.2142857142857142,0.3571428571428571,0.1428571428571428,0.0,0.7857142857142857,0.1428571428571428,7.0,0.5714285714285714,7,False,False,False,False,0,0.0
official_latvia,Everts,M,,75,æʋærts,0.3333333333333333,0.6666666666666666,0.5,0.8333333333333334,0.1666666666666666,0.0,0.0,0.1666666666666666,0.6666666666666666,0.8333333333333334,0.5,0.25,0.1666666666666666,0.1666666666666666,0.5,0.0,0.0,0.6666666666666666,0.0,6.0,0.3333333333333333,6,False,False,False,False,1,0.0
official_latvia,Gabriela,F,,86,ɡabriela,0.5,0.75,0.5,0.75,0.0625,0.125,0.0,0.0,1.0,0.625,0.25,0.375,0.125,0.3125,0.3125,0.375,0.0,0.75,0.0,8.0,0.5,8,False,False,False,False,0,0.0
official_latvia,Gabriels,M,,70,ɡabriels,0.375,0.625,0.625,0.75,0.0625,0.125,0.0,0.125,0.875,0.6875,0.375,0.3125,0.125,0.3125,0.1875,0.25,0.0,0.6875,0.0,8.0,0.375,8,False,False,False,False,1,0.0
official_latvia,Grēta,F,,65,ɡræːta,0.4,0.6,0.6,0.6,0.1,0.0,0.0,0.0,0.8,0.6,0.4,0.3,0.0,0.3,0.5,0.4,0.0,0.7,0.2,5.0,0.4,5,False,False,False,False,0,0.0
official_latvia,Gustavs,M,,136,ɡustaʋs,0.2857142857142857,0.4285714285714285,0.5714285714285714,0.7142857142857143,0.0714285714285714,0.0,0.0,0.2857142857142857,0.5714285714285714,0.7142857142857143,0.4285714285714285,0.2857142857142857,0.2857142857142857,0.3571428571428571,0.2142857142857142,0.4285714285714285,0.1428571428571428,0.6428571428571429,0.0,7.0,0.2857142857142857,7,False,False,False,False,1,0.0
official_latvia,Jānis,M,,77,jaːnis,0.4,0.8,0.4,0.8,0.0,0.0,0.2,0.2,0.8,0.6,0.4,0.3,0.0,0.4,0.2,0.2,0.0,0.7,0.2,5.0,0.4,5,False,False,False,False,1,0.0
official_latvia,Jēkabs,M,,115,jeːkabs,0.3333333333333333,0.5,0.5,0.6666666666666666,0.0,0.0,0.0,0.1666666666666666,0.6666666666666666,0.5,0.1666666666666666,0.4166666666666667,0.1666666666666666,0.3333333333333333,0.1666666666666666,0.3333333333333333,0.0,0.6666666666666666,0.1666666666666666,6.0,0.3333333333333333,6,False,False,False,False,1,0.0
official_latvia,Kate,F,,66,kate,0.5,0.5,0.5,0.5,0.0,0.0,0.0,0.0,0.5,0.5,0.25,0.375,0.0,0.25,0.25,0.5,0.0,0.75,0.0,4.0,0.5,4,False,False,False,False,0,0.0
official_latvia,Katrīna,F,,76,katriːna,0.4285714285714285,0.7142857142857143,0.5714285714285714,0.5714285714285714,0.0714285714285714,0.0,0.1428571428571428,0.0,0.7142857142857143,0.6428571428571429,0.4285714285714285,0.2857142857142857,0.0,0.3571428571428571,0.3571428571428571,0.4285714285714285,0.0,0.7142857142857143,0.1428571428571428,7.0,0.4285714285714285,7,False,False,False,False,0,0.0
official_latvia,Keita,F,,88,keita,0.6,0.6,0.4,0.6,0.0,0.0,0.0,0.0,0.6,0.5,0.2,0.4,0.0,0.4,0.2,0.4,0.0,0.8,0.0,5.0,0.6,5,False,False,False,False,0,0.0
official_latvia,Kristers,M,,68,kristærs,0.25,0.5,0.75,0.75,0.125,0.0,0.0,0.25,0.5,0.75,0.625,0.1875,0.0,0.375,0.25,0.125,0.0,0.625,0.0,8.0,0.25,8,False,False,False,False,1,0.0
official_latvia,Kristofers,M,,75,kristofers,0.3,0.5,0.7,0.8,0.1,0.0,0.0,0.3,0.5,0.75,0.5,0.25,0.1,0.3,0.1,0.2,0.1,0.65,0.0,10.0,0.3,10,False,False,False,False,1,0.0
official_latvia,Kārlis,M,,126,kaːrlis,0.3333333333333333,0.6666666666666666,0.6666666666666666,0.8333333333333334,0.0833333333333333,0.1666666666666666,0.0,0.1666666666666666,0.6666666666666666,0.6666666666666666,0.5,0.25,0.0,0.4166666666666667,0.25,0.3333333333333333,0.0,0.6666666666666666,0.1666666666666666,6.0,0.3333333333333333,6,False,False,False,False,1,0.0
official_latvia,Luīze,F,,61,luiːze,0.6,0.8,0.4,1.0,0.0,0.2,0.0,0.2,1.0,0.7,0.4,0.3,0.2,0.4,0.0,0.2,0.2,0.8,0.2,5.0,0.6,5,False,False,False,False,0,0.0
official_latvia,Lūkass,M,,90,luːkass,0.3333333333333333,0.5,0.6666666666666666,0.8333333333333334,0.0,0.1666666666666666,0.0,0.3333333333333333,0.5,0.6666666666666666,0.5,0.25,0.1666666666666666,0.3333333333333333,0.1666666666666666,0.5,0.1666666666666666,0.6666666666666666,0.1666666666666666,6.0,0.3333333333333333,6,False,False,False,False,1,0.0
official_latvia,Maija,F,,67,maijja,0.5,1.0,0.1666666666666666,0.8333333333333334,0.0,0.0,0.1666666666666666,0.0,1.0,0.4166666666666667,0.0,0.5,0.1666666666666666,0.5,0.3333333333333333,0.3333333333333333,0.0,0.75,0.0,6.0,0.5,5,False,False,False,False,0,0.0
official_latvia,Maksims,M,,77,maksims,0.2857142857142857,0.5714285714285714,0.7142857142857143,0.5714285714285714,0.0,0.0,0.2857142857142857,0.2857142857142857,0.5714285714285714,0.7142857142857143,0.2857142857142857,0.3571428571428571,0.2857142857142857,0.2857142857142857,0.1428571428571428,0.2857142857142857,0.0,0.6428571428571429,0.0,7.0,0.2857142857142857,7,False,False,False,False,1,0.0
official_latvia,Marija,F,,74,marija,0.5,1.0,0.3333333333333333,0.8333333333333334,0.0833333333333333,0.0,0.1666666666666666,0.0,1.0,0.5833333333333334,0.1666666666666666,0.4166666666666667,0.1666666666666666,0.4166666666666667,0.4166666666666667,0.3333333333333333,0.0,0.75,0.0,6.0,0.5,6,False,False,False,False,0,0.0
official_latvia,Marks,M,,174,marks,0.2,0.6,0.8,0.6,0.1,0.0,0.2,0.2,0.6,0.7,0.4,0.3,0.2,0.3,0.3,0.4,0.0,0.6,0.0,5.0,0.2,5,False,False,False,False,1,0.0
official_latvia,Markuss,M,,93,markuss,0.2857142857142857,0.5714285714285714,0.7142857142857143,0.7142857142857143,0.0714285714285714,0.0,0.1428571428571428,0.2857142857142857,0.5714285714285714,0.7142857142857143,0.4285714285714285,0.2857142857142857,0.2857142857142857,0.3571428571428571,0.2142857142857142,0.4285714285714285,0.1428571428571428,0.6428571428571429,0.0,7.0,0.2857142857142857,7,False,False,False,False,1,0.0
official_latvia,Marta,F,,159,marta,0.4,0.8,0.6,0.6,0.1,0.0,0.2,0.0,0.8,0.8,0.4,0.3,0.2,0.1,0.5,0.4,0.0,0.7,0.0,5.0,0.4,5,False,False,False,False,0,0.0
official_latvia,Matvejs,M,,68,matʋejs,0.2857142857142857,0.7142857142857143,0.4285714285714285,0.7142857142857143,0.0714285714285714,0.0,0.1428571428571428,0.1428571428571428,0.7142857142857143,0.7142857142857143,0.2857142857142857,0.3571428571428571,0.2857142857142857,0.2142857142857142,0.2142857142857142,0.1428571428571428,0.0,0.6428571428571429,0.0,7.0,0.2857142857142857,7,False,False,False,False,1,0.0
official_latvia,Melisa,F,,75,melisa,0.5,0.8333333333333334,0.5,0.8333333333333334,0.0,0.1666666666666666,0.1666666666666666,0.1666666666666666,0.8333333333333334,0.75,0.3333333333333333,0.3333333333333333,0.1666666666666666,0.1666666666666666,0.1666666666666666,0.1666666666666666,0.0,0.75,0.0,6.0,0.5,6,False,False,False,False,0,0.0
official_latvia,Melānija,F,,95,mælaːnija,0.5,1.0,0.375,0.75,0.0,0.125,0.25,0.0,1.0,0.625,0.25,0.375,0.125,0.25,0.375,0.25,0.0,0.75,0.125,8.0,0.5,8,False,False,False,False,0,0.0
official_latvia,Mia,F,,81,mia,0.6666666666666666,1.0,0.3333333333333333,0.6666666666666666,0.0,0.0,0.3333333333333333,0.0,1.0,0.6666666666666666,0.0,0.5,0.3333333333333333,0.3333333333333333,0.3333333333333333,0.3333333333333333,0.0,0.8333333333333334,0.0,3.0,0.6666666666666666,3,False,False,False,False,0,0.0
official_latvia,Nora,F,,79,noːra,0.5,1.0,0.5,0.75,0.125,0.0,0.25,0.0,1.0,0.75,0.5,0.25,0.0,0.125,0.375,0.5,0.25,0.75,0.25,4.0,0.5,4,False,False,False,False,0,0.0
official_latvia,Odrija,F,,108,uodrija,0.5714285714285714,0.8571428571428571,0.2857142857142857,0.8571428571428571,0.0714285714285714,0.0,0.0,0.0,1.0,0.5714285714285714,0.2857142857142857,0.3571428571428571,0.1428571428571428,0.5,0.2142857142857142,0.4285714285714285,0.2857142857142857,0.7857142857142857,0.0,7.0,0.5714285714285714,6,False,False,False,False,0,0.0
official_latvia,Olivers,M,,136,uoliʋærs,0.5,0.875,0.375,1.0,0.125,0.125,0.0,0.125,0.875,0.75,0.375,0.3125,0.25,0.375,0.25,0.25,0.25,0.75,0.0,8.0,0.5,7,False,False,False,False,1,0.0
official_latvia,Paula,F,,120,paula,0.6,0.8,0.4,0.8,0.0,0.2,0.0,0.0,0.8,0.7,0.2,0.4,0.4,0.2,0.4,0.6,0.2,0.8,0.0,5.0,0.6,5,False,False,False,False,0,0.0
official_latvia,Ralfs,M,,101,ralfs,0.2,0.6,0.8,1.0,0.1,0.2,0.0,0.4,0.6,0.9,0.6,0.2,0.2,0.1,0.3,0.2,0.0,0.6,0.0,5.0,0.2,5,False,False,False,False,1,0.0
official_latvia,Reinis,M,,65,reiːnis,0.5,0.8333333333333334,0.5,0.8333333333333334,0.0833333333333333,0.0,0.1666666666666666,0.1666666666666666,0.8333333333333334,0.75,0.5,0.25,0.0,0.4166666666666667,0.0833333333333333,0.0,0.0,0.75,0.1666666666666666,6.0,0.5,6,False,False,False,False,1,0.0
official_latvia,Ričards,M,,78,ritʃards,0.25,0.5,0.75,0.75,0.125,0.0,0.0,0.25,0.625,0.75,0.75,0.25,0.0,0.25,0.25,0.125,0.0,0.625,0.0,8.0,0.25,7,False,False,False,False,1,0.0
official_latvia,Roberts,M,,160,robærts,0.2857142857142857,0.5714285714285714,0.7142857142857143,0.7142857142857143,0.1428571428571428,0.0,0.0,0.1428571428571428,0.7142857142857143,0.8571428571428571,0.5714285714285714,0.2142857142857142,0.1428571428571428,0.1428571428571428,0.2857142857142857,0.1428571428571428,0.1428571428571428,0.6428571428571429,0.0,7.0,0.2857142857142857,7,False,False,False,False,1,0.0
official_latvia,Sofija,F,,199,sofija,0.5,0.6666666666666666,0.3333333333333333,1.0,0.0,0.0,0.0,0.3333333333333333,0.6666666666666666,0.5833333333333334,0.1666666666666666,0.4166666666666667,0.1666666666666666,0.3333333333333333,0.1666666666666666,0.3333333333333333,0.1666666666666666,0.75,0.0,6.0,0.5,6,False,False,False,False,0,0.0
official_latvia,Sāra,F,,63,saːra,0.5,0.75,0.5,1.0,0.125,0.0,0.0,0.25,0.75,0.75,0.5,0.25,0.0,0.125,0.625,0.5,0.0,0.75,0.25,4.0,0.5,4,False,False,False,False,0,0.0
official_latvia,Teodors,M,,120,teodoːrs,0.4285714285714285,0.5714285714285714,0.5714285714285714,0.7142857142857143,0.0714285714285714,0.0,0.0,0.1428571428571428,0.7142857142857143,0.7857142857142857,0.5714285714285714,0.2142857142857142,0.0,0.0714285714285714,0.0714285714285714,0.2857142857142857,0.2857142857142857,0.7142857142857143,0.1428571428571428,7.0,0.4285714285714285,7,False,False,False,False,1,0.0
official_latvia,Tomass,M,,121,tomass,0.3333333333333333,0.5,0.6666666666666666,0.6666666666666666,0.0,0.0,0.1666666666666666,0.3333333333333333,0.5,0.8333333333333334,0.5,0.25,0.1666666666666666,0.0,0.1666666666666666,0.3333333333333333,0.1666666666666666,0.6666666666666666,0.0,6.0,0.3333333333333333,6,False,False,False,False,1,0.0
official_latvia,Toms,M,,86,tuoms,0.4,0.6,0.6,0.6,0.0,0.0,0.2,0.2,0.6,0.8,0.4,0.3,0.4,0.2,0.0,0.4,0.4,0.7,0.0,5.0,0.4,4,False,False,False,False,1,0.0
official_lithuania,Aldona,F,,32281,al̩doːna,0.6666666666666666,0.8333333333333334,0.5,0.6666666666666666,0.0,0.1666666666666666,0.1666666666666666,0.0,1.0,0.75,0.5,0.25,0.0,0.0,0.3333333333333333,0.5,0.1666666666666666,0.75,0.1666666666666666,6.0,0.6666666666666666,6,False,False,False,False,0,0.0
official_lithuania,Aleksandr,M,,28712,aɭeksandr,0.3333333333333333,0.6666666666666666,0.6666666666666666,0.6666666666666666,0.1111111111111111,0.1111111111111111,0.1111111111111111,0.1111111111111111,0.7777777777777778,0.6111111111111112,0.5555555555555556,0.2222222222222222,0.0,0.2222222222222222,0.3333333333333333,0.3333333333333333,0.0,0.6666666666666666,0.0,9.0,0.3333333333333333,9,False,False,False,False,1,0.0
official_lithuania,Aleksandra,F,,21792,aɭeksandra,0.4,0.7,0.6,0.7,0.1,0.1,0.1,0.1,0.8,0.6,0.5,0.25,0.0,0.2,0.4,0.4,0.0,0.7,0.0,10.0,0.4,10,False,False,False,False,0,0.0
official_lithuania,Aleksandras,M,,23336,aɭeksandras,0.3636363636363636,0.6363636363636364,0.6363636363636364,0.7272727272727273,0.0909090909090909,0.0909090909090909,0.0909090909090909,0.1818181818181818,0.7272727272727273,0.6363636363636364,0.5454545454545454,0.2272727272727272,0.0,0.1818181818181818,0.3636363636363636,0.3636363636363636,0.0,0.6818181818181818,0.0,11.0,0.3636363636363636,11,False,False,False,False,1,0.0
official_lithuania,Alfonsas,M,,21526,al̩foːnsas,0.5,0.625,0.625,0.875,0.0,0.125,0.125,0.375,0.625,0.8125,0.5,0.25,0.125,0.0,0.25,0.375,0.125,0.6875,0.125,8.0,0.5,8,False,False,False,False,1,0.0
official_lithuania,Algirdas,M,,25694,aɭɡɪrdas,0.375,0.625,0.625,0.75,0.125,0.125,0.0,0.125,0.875,0.5625,0.5,0.25,0.0,0.375,0.375,0.375,0.0,0.5625,0.0,8.0,0.375,8,False,False,False,False,1,0.0
official_lithuania,Ana,F,,23826,ana,0.6666666666666666,1.0,0.3333333333333333,0.6666666666666666,0.0,0.0,0.3333333333333333,0.0,1.0,0.6666666666666666,0.3333333333333333,0.3333333333333333,0.0,0.0,0.6666666666666666,0.6666666666666666,0.0,0.8333333333333334,0.0,3.0,0.6666666666666666,3,False,False,False,False,0,0.0
official_lithuania,Andrius,M,,24579,anʲdrʲus,0.3333333333333333,0.6666666666666666,0.6666666666666666,0.6666666666666666,0.0833333333333333,0.0,0.1666666666666666,0.1666666666666666,0.8333333333333334,0.8333333333333334,0.6666666666666666,0.1666666666666666,0.1666666666666666,0.5,0.25,0.3333333333333333,0.1666666666666666,0.6666666666666666,0.0,6.0,0.3333333333333333,7,False,False,False,False,1,0.0
official_lithuania,Antanas,M,,96104,antanas,0.4285714285714285,0.7142857142857143,0.5714285714285714,0.5714285714285714,0.0,0.0,0.2857142857142857,0.1428571428571428,0.7142857142857143,0.7857142857142857,0.5714285714285714,0.2142857142857142,0.0,0.0,0.4285714285714285,0.4285714285714285,0.0,0.7142857142857143,0.0,7.0,0.4285714285714285,7,False,False,False,False,1,0.0
official_lithuania,Antanina,F,,21048,antanʲɪna,0.5,0.875,0.5,0.5,0.0,0.0,0.375,0.0,0.875,0.75,0.5,0.25,0.0,0.25,0.375,0.375,0.0,0.625,0.0,8.0,0.5,8,False,False,False,False,0,0.0
official_lithuania,Artūras,M,,19985,artuːras,0.4285714285714285,0.7142857142857143,0.5714285714285714,0.8571428571428571,0.1428571428571428,0.0,0.0,0.1428571428571428,0.7142857142857143,0.7857142857142857,0.5714285714285714,0.2142857142857142,0.1428571428571428,0.2857142857142857,0.4285714285714285,0.4285714285714285,0.1428571428571428,0.7142857142857143,0.1428571428571428,7.0,0.4285714285714285,7,False,False,False,False,1,0.0
official_lithuania,Arūnas,M,,20338,aruːnas,0.5,0.8333333333333334,0.5,0.8333333333333334,0.0833333333333333,0.0,0.1666666666666666,0.1666666666666666,0.8333333333333334,0.75,0.5,0.25,0.1666666666666666,0.25,0.4166666666666667,0.5,0.1666666666666666,0.75,0.1666666666666666,6.0,0.5,6,False,False,False,False,1,0.0
official_lithuania,Birutė,F,,24061,bʲirutʲee,0.5714285714285714,0.7142857142857143,0.4285714285714285,0.7142857142857143,0.0714285714285714,0.0,0.0,0.0,0.8571428571428571,0.7142857142857143,0.2857142857142857,0.3571428571428571,0.2857142857142857,0.6428571428571429,0.0714285714285714,0.1428571428571428,0.1428571428571428,0.7857142857142857,0.0,7.0,0.5714285714285714,6,False,False,False,False,0,0.0
official_lithuania,Bronislava,F,,20664,broːnʲisl̩ava,0.5,0.7,0.6,0.8,0.05,0.1,0.1,0.2,0.9,0.8,0.4,0.3,0.2,0.25,0.25,0.3,0.1,0.7,0.1,10.0,0.5,10,False,False,False,False,0,0.0
official_lithuania,Bronius,M,,21291,broːnʲʲus,0.3333333333333333,0.6666666666666666,0.6666666666666666,0.6666666666666666,0.0833333333333333,0.0,0.1666666666666666,0.1666666666666666,0.8333333333333334,0.8333333333333334,0.5,0.25,0.3333333333333333,0.4166666666666667,0.0833333333333333,0.3333333333333333,0.3333333333333333,0.6666666666666666,0.1666666666666666,6.0,0.3333333333333333,7,False,False,False,False,1,0.0
official_lithuania,Bronė,F,,20814,broːnʲee,0.5,0.8333333333333334,0.5,0.6666666666666666,0.0833333333333333,0.0,0.1666666666666666,0.0,1.0,0.75,0.3333333333333333,0.3333333333333333,0.1666666666666666,0.25,0.0833333333333333,0.1666666666666666,0.1666666666666666,0.75,0.1666666666666666,6.0,0.5,5,False,False,False,False,0,0.0
official_lithuania,Daiva,F,,22432,daiva,0.6,0.6,0.4,0.8,0.0,0.0,0.0,0.2,1.0,0.7,0.2,0.4,0.2,0.2,0.4,0.4,0.0,0.8,0.0,5.0,0.6,5,False,False,False,False,0,0.0
official_lithuania,Danutė,F,,29121,danutʲee,0.5714285714285714,0.7142857142857143,0.4285714285714285,0.5714285714285714,0.0,0.0,0.1428571428571428,0.0,0.8571428571428571,0.7142857142857143,0.4285714285714285,0.2857142857142857,0.1428571428571428,0.2857142857142857,0.1428571428571428,0.2857142857142857,0.1428571428571428,0.7857142857142857,0.0,7.0,0.5714285714285714,6,False,False,False,False,0,0.0
official_lithuania,Darius,M,,23050,darʲus,0.4,0.6,0.6,0.8,0.1,0.0,0.0,0.2,0.8,0.8,0.6,0.2,0.2,0.4,0.3,0.4,0.2,0.7,0.0,5.0,0.4,6,False,False,False,False,1,0.0
official_lithuania,Elena,F,,63659,eɭena,0.6,1.0,0.4,0.8,0.1,0.2,0.2,0.0,1.0,0.5,0.4,0.3,0.0,0.1,0.3,0.2,0.0,0.8,0.0,5.0,0.6,5,False,False,False,False,0,0.0
official_lithuania,Emilija,F,,33262,emʲiɭɪja,0.5714285714285714,1.0,0.2857142857142857,0.8571428571428571,0.0714285714285714,0.1428571428571428,0.1428571428571428,0.0,1.0,0.4285714285714285,0.1428571428571428,0.4285714285714285,0.1428571428571428,0.6428571428571429,0.2142857142857142,0.1428571428571428,0.0,0.6428571428571429,0.0,7.0,0.5714285714285714,7,False,False,False,False,0,0.0
official_lithuania,Genovaitė,F,,23521,ɡenoːvaɪtʲee,0.6,0.7,0.4,0.7,0.0,0.0,0.1,0.1,0.9,0.6,0.2,0.4,0.1,0.3,0.1,0.3,0.1,0.7,0.1,10.0,0.6,9,False,False,False,False,0,0.0
official_lithuania,Irena,F,,42384,irʲena,0.6,1.0,0.4,0.8,0.1,0.0,0.2,0.0,1.0,0.7,0.4,0.3,0.0,0.4,0.3,0.2,0.0,0.8,0.0,5.0,0.6,5,False,False,False,False,0,0.0
official_lithuania,Ivan,M,,35054,ɪvan,0.5,0.75,0.5,0.75,0.0,0.0,0.25,0.25,1.0,0.75,0.25,0.375,0.25,0.25,0.25,0.25,0.0,0.5,0.0,4.0,0.5,4,False,False,False,False,1,0.0
official_lithuania,Jadvyga,F,,36898,jadvʲiːɡa,0.4285714285714285,0.5714285714285714,0.4285714285714285,0.7142857142857143,0.0,0.0,0.0,0.1428571428571428,1.0,0.5,0.1428571428571428,0.4285714285714285,0.1428571428571428,0.5714285714285714,0.2857142857142857,0.4285714285714285,0.0,0.7142857142857143,0.1428571428571428,7.0,0.4285714285714285,7,False,False,False,False,0,0.0
official_lithuania,Janina,F,,54253,janina,0.5,1.0,0.3333333333333333,0.6666666666666666,0.0,0.0,0.3333333333333333,0.0,1.0,0.5833333333333334,0.3333333333333333,0.3333333333333333,0.0,0.3333333333333333,0.3333333333333333,0.3333333333333333,0.0,0.75,0.0,6.0,0.5,6,False,False,False,False,0,0.0
official_lithuania,Jonas,M,,127263,joːnas,0.4,0.8,0.4,0.8,0.0,0.0,0.2,0.2,0.8,0.6,0.4,0.3,0.0,0.2,0.2,0.4,0.2,0.7,0.2,5.0,0.4,5,False,False,False,False,1,0.0
official_lithuania,Juozas,M,,88868,juozas,0.5,0.6666666666666666,0.3333333333333333,1.0,0.0,0.0,0.0,0.3333333333333333,0.8333333333333334,0.5833333333333334,0.3333333333333333,0.3333333333333333,0.1666666666666666,0.3333333333333333,0.1666666666666666,0.5,0.3333333333333333,0.75,0.0,6.0,0.5,6,False,False,False,False,1,0.0
official_lithuania,Kazimieras,M,,19682,kazimʲieras,0.5,0.7,0.5,0.8,0.05,0.0,0.1,0.2,0.8,0.65,0.3,0.35,0.1,0.45,0.25,0.3,0.0,0.75,0.0,10.0,0.5,10,False,False,False,False,1,0.0
official_lithuania,Kazys,M,,25863,kaziːs,0.4,0.4,0.6,0.8,0.0,0.0,0.0,0.4,0.6,0.6,0.4,0.3,0.0,0.4,0.2,0.4,0.0,0.7,0.2,5.0,0.4,5,False,False,False,False,1,0.0
official_lithuania,Kristina,F,,30262,krʲiʂtʲɪna,0.375,0.625,0.625,0.625,0.0625,0.0,0.125,0.125,0.625,0.5625,0.5,0.25,0.0,0.625,0.1875,0.25,0.0,0.5625,0.0,8.0,0.375,8,False,False,False,False,0,0.0
official_lithuania,Kęstutis,M,,25406,kʲeɑstutʲis,0.4444444444444444,0.4444444444444444,0.5555555555555556,0.6666666666666666,0.0555555555555555,0.0,0.0,0.2222222222222222,0.4444444444444444,0.6666666666666666,0.4444444444444444,0.2777777777777778,0.1111111111111111,0.4444444444444444,0.1111111111111111,0.3333333333333333,0.1111111111111111,0.7222222222222222,0.0,9.0,0.4444444444444444,8,False,False,False,False,1,0.0
official_lithuania,Lina,F,,25423,ɭɪna,0.5,1.0,0.5,0.75,0.125,0.25,0.25,0.0,1.0,0.5,0.5,0.25,0.0,0.375,0.375,0.25,0.0,0.5,0.0,4.0,0.5,4,False,False,False,False,0,0.0
official_lithuania,Lukas,M,,20282,l̩ukas,0.6,0.6,0.6,0.8,0.0,0.2,0.0,0.2,0.6,0.6,0.4,0.3,0.2,0.4,0.2,0.6,0.2,0.7,0.0,5.0,0.6,5,False,False,False,False,1,0.0
official_lithuania,Mantas,M,,20505,mantas,0.3333333333333333,0.6666666666666666,0.6666666666666666,0.5,0.0,0.0,0.3333333333333333,0.1666666666666666,0.6666666666666666,0.8333333333333334,0.5,0.25,0.1666666666666666,0.0,0.3333333333333333,0.3333333333333333,0.0,0.6666666666666666,0.0,6.0,0.3333333333333333,6,False,False,False,False,1,0.0
official_lithuania,Marija,F,,67263,marʲɪja,0.5,1.0,0.3333333333333333,0.8333333333333334,0.0833333333333333,0.0,0.1666666666666666,0.0,1.0,0.5833333333333334,0.1666666666666666,0.4166666666666667,0.1666666666666666,0.5,0.4166666666666667,0.3333333333333333,0.0,0.5833333333333334,0.0,6.0,0.5,6,False,False,False,False,0,0.0
official_lithuania,Marijona,F,,32692,marʲijoːna,0.5,1.0,0.375,0.75,0.0625,0.0,0.25,0.0,1.0,0.625,0.25,0.375,0.125,0.375,0.3125,0.375,0.125,0.75,0.125,8.0,0.5,8,False,False,False,False,0,0.0
official_lithuania,Mindaugas,M,,25972,mʲindauɡas,0.4444444444444444,0.6666666666666666,0.5555555555555556,0.5555555555555556,0.0,0.0,0.2222222222222222,0.1111111111111111,0.8888888888888888,0.6666666666666666,0.3333333333333333,0.3333333333333333,0.2222222222222222,0.4444444444444444,0.2222222222222222,0.4444444444444444,0.1111111111111111,0.7222222222222222,0.0,9.0,0.4444444444444444,9,False,False,False,False,1,0.0
official_lithuania,Nijolė,F,,21206,nʲijoːɭee,0.5714285714285714,1.0,0.2857142857142857,0.8571428571428571,0.0714285714285714,0.1428571428571428,0.1428571428571428,0.0,1.0,0.4285714285714285,0.2857142857142857,0.3571428571428571,0.0,0.5,0.0714285714285714,0.1428571428571428,0.1428571428571428,0.7857142857142857,0.1428571428571428,7.0,0.5714285714285714,6,False,False,False,False,0,0.0
official_lithuania,Olga,F,,26862,oːl̩ɡa,0.75,0.75,0.5,0.75,0.0,0.25,0.0,0.0,1.0,0.5,0.25,0.375,0.0,0.25,0.25,0.75,0.25,0.75,0.25,4.0,0.75,4,False,False,False,False,0,0.0
official_lithuania,Ona,F,,102245,oːna,0.6666666666666666,1.0,0.3333333333333333,0.6666666666666666,0.0,0.0,0.3333333333333333,0.0,1.0,0.6666666666666666,0.3333333333333333,0.3333333333333333,0.0,0.0,0.3333333333333333,0.6666666666666666,0.3333333333333333,0.8333333333333334,0.3333333333333333,3.0,0.6666666666666666,3,False,False,False,False,0,0.0
official_lithuania,Petras,M,,56320,pʲetras,0.3333333333333333,0.5,0.6666666666666666,0.6666666666666666,0.0833333333333333,0.0,0.0,0.1666666666666666,0.5,0.8333333333333334,0.5,0.25,0.1666666666666666,0.25,0.25,0.1666666666666666,0.0,0.6666666666666666,0.0,6.0,0.3333333333333333,6,False,False,False,False,1,0.0
official_lithuania,Povilas,M,,22253,poːvʲɪl̩as,0.5714285714285714,0.5714285714285714,0.5714285714285714,0.8571428571428571,0.0,0.1428571428571428,0.0,0.2857142857142857,0.7142857142857143,0.7857142857142857,0.2857142857142857,0.3571428571428571,0.2857142857142857,0.2857142857142857,0.1428571428571428,0.2857142857142857,0.1428571428571428,0.5714285714285714,0.1428571428571428,7.0,0.5714285714285714,7,False,False,False,False,1,0.0
official_lithuania,Pranas,M,,32975,pranas,0.3333333333333333,0.6666666666666666,0.6666666666666666,0.6666666666666666,0.0833333333333333,0.0,0.1666666666666666,0.1666666666666666,0.6666666666666666,0.8333333333333334,0.5,0.25,0.1666666666666666,0.0833333333333333,0.4166666666666667,0.3333333333333333,0.0,0.6666666666666666,0.0,6.0,0.3333333333333333,6,False,False,False,False,1,0.0
official_lithuania,Rasa,F,,22697,rasa,0.5,0.75,0.5,1.0,0.125,0.0,0.0,0.25,0.75,0.75,0.5,0.25,0.0,0.125,0.625,0.5,0.0,0.75,0.0,4.0,0.5,4,False,False,False,False,0,0.0
official_lithuania,Regina,F,,30592,rʲeɡɪna,0.5,0.8333333333333334,0.5,0.6666666666666666,0.0833333333333333,0.0,0.1666666666666666,0.0,1.0,0.5833333333333334,0.3333333333333333,0.3333333333333333,0.0,0.5,0.25,0.3333333333333333,0.0,0.5833333333333334,0.0,6.0,0.5,6,False,False,False,False,0,0.0
official_lithuania,Saulius,M,,20502,sauɭʲus,0.5,0.6666666666666666,0.5,1.0,0.0833333333333333,0.1666666666666666,0.0,0.3333333333333333,0.6666666666666666,0.5833333333333334,0.5,0.25,0.3333333333333333,0.5,0.25,0.5,0.3333333333333333,0.75,0.0,6.0,0.5,7,False,False,False,False,1,0.0
official_lithuania,Stanislava,F,,31038,stanʲisl̩ava,0.5,0.6,0.6,0.8,0.0,0.1,0.1,0.3,0.7,0.8,0.5,0.25,0.1,0.2,0.3,0.3,0.0,0.7,0.0,10.0,0.5,10,False,False,False,False,0,0.0
official_lithuania,Stanislovas,M,,23852,stanʲisl̩oːvas,0.4545454545454545,0.5454545454545454,0.6363636363636364,0.8181818181818182,0.0,0.0909090909090909,0.0909090909090909,0.3636363636363636,0.6363636363636364,0.8181818181818182,0.5454545454545454,0.2272727272727272,0.0909090909090909,0.1818181818181818,0.1818181818181818,0.2727272727272727,0.0909090909090909,0.6818181818181818,0.0909090909090909,11.0,0.4545454545454545,11,False,False,False,False,1,0.0
official_lithuania,Stasys,M,,43742,staʂiːs,0.3333333333333333,0.3333333333333333,0.6666666666666666,0.8333333333333334,0.0,0.0,0.0,0.5,0.3333333333333333,0.6666666666666666,0.6666666666666666,0.1666666666666666,0.0,0.1666666666666666,0.1666666666666666,0.1666666666666666,0.0,0.6666666666666666,0.1666666666666666,6.0,0.3333333333333333,6,False,False,False,False,1,0.0
official_lithuania,Stasė,F,,29314,staʂee,0.5,0.5,0.5,0.8333333333333334,0.0,0.0,0.0,0.3333333333333333,0.5,0.5833333333333334,0.5,0.25,0.0,0.0,0.1666666666666666,0.1666666666666666,0.0,0.75,0.0,6.0,0.5,5,False,False,False,False,0,0.0
official_lithuania,Tomas,M,,32195,toːmas,0.4,0.6,0.6,0.6,0.0,0.0,0.2,0.2,0.6,0.8,0.4,0.3,0.2,0.0,0.2,0.4,0.2,0.7,0.2,5.0,0.4,5,False,False,False,False,1,0.0
official_lithuania,Valentina,F,,23439,vaɭenʲtʲɪna,0.4444444444444444,0.7777777777777778,0.5555555555555556,0.6666666666666666,0.0555555555555555,0.1111111111111111,0.2222222222222222,0.1111111111111111,0.8888888888888888,0.6666666666666666,0.4444444444444444,0.2777777777777778,0.1111111111111111,0.3888888888888889,0.2777777777777778,0.2222222222222222,0.0,0.6111111111111112,0.0,9.0,0.4444444444444444,9,False,False,False,False,0,0.0
official_lithuania,Veronika,F,,29983,vʲeroːnʲɪka,0.5,0.75,0.5,0.75,0.0625,0.0,0.125,0.125,0.875,0.625,0.25,0.375,0.125,0.5625,0.1875,0.375,0.125,0.625,0.125,8.0,0.5,8,False,False,False,False,0,0.0
official_lithuania,Viktoras,M,,19977,vʲiktoːras,0.375,0.5,0.625,0.75,0.0625,0.0,0.0,0.25,0.625,0.6875,0.375,0.3125,0.125,0.4375,0.1875,0.375,0.125,0.6875,0.125,8.0,0.375,8,False,False,False,False,1,0.0
official_lithuania,Viktorija,F,,25804,vʲiktoːrʲɪja,0.4444444444444444,0.6666666666666666,0.4444444444444444,0.7777777777777778,0.0555555555555555,0.0,0.0,0.1111111111111111,0.7777777777777778,0.5555555555555556,0.2222222222222222,0.3888888888888889,0.1111111111111111,0.6666666666666666,0.1666666666666666,0.3333333333333333,0.1111111111111111,0.6111111111111112,0.1111111111111111,9.0,0.4444444444444444,9,False,False,False,False,0,0.0
official_lithuania,Vladas,M,,25883,vl̩adas,0.5,0.5,0.6666666666666666,0.8333333333333334,0.0,0.1666666666666666,0.0,0.3333333333333333,0.8333333333333334,0.8333333333333334,0.5,0.25,0.1666666666666666,0.0,0.3333333333333333,0.3333333333333333,0.0,0.6666666666666666,0.0,6.0,0.5,6,False,False,False,False,1,0.0
official_lithuania,Vladimir,M,,26583,vl̩adʲɪmʲir,0.5,0.75,0.625,0.75,0.0625,0.125,0.125,0.125,1.0,0.8125,0.375,0.3125,0.25,0.5625,0.1875,0.125,0.0,0.5625,0.0,8.0,0.5,8,False,False,False,False,1,0.0
official_lithuania,Vytautas,M,,64083,vʲiːtautas,0.5,0.5,0.5,0.75,0.0,0.0,0.0,0.25,0.625,0.75,0.375,0.3125,0.25,0.375,0.25,0.375,0.125,0.75,0.125,8.0,0.5,8,False,False,False,False,1,0.0
official_lithuania,Zofija,F,,23391,zoːfɪja,0.5,0.6666666666666666,0.3333333333333333,1.0,0.0,0.0,0.0,0.3333333333333333,0.8333333333333334,0.5833333333333334,0.1666666666666666,0.4166666666666667,0.1666666666666666,0.3333333333333333,0.1666666666666666,0.3333333333333333,0.1666666666666666,0.5833333333333334,0.1666666666666666,6.0,0.5,6,False,False,False,False,0,0.0
official_mexico_city,Angel,M,,67940,aŋxel,0.4,0.8,0.6,0.8,0.0,0.2,0.2,0.0,0.8,0.4,0.2,0.4,0.0,0.4,0.2,0.6,0.0,0.7,0.0,5.0,0.4,5,False,False,False,False,1,0.0
official_mexico_city,Diego,M,,4510,djeɣo,0.4,0.6,0.4,0.8,0.0,0.0,0.0,0.0,1.0,0.4,0.2,0.4,0.0,0.4,0.0,0.4,0.2,0.7,0.0,5.0,0.4,5,False,False,False,False,1,0.0
official_mexico_city,Fernanda,F,,40455,feɾnanda,0.375,0.75,0.625,0.625,0.0625,0.0,0.25,0.125,0.875,0.8125,0.5,0.25,0.125,0.0625,0.3125,0.25,0.0,0.6875,0.0,8.0,0.375,8,False,False,False,False,0,0.0
official_mexico_city,Guadalupe,F,,10500,ɡwaðalupe,0.4444444444444444,0.6666666666666666,0.4444444444444444,0.7777777777777778,0.0,0.1111111111111111,0.0,0.0,0.8888888888888888,0.5555555555555556,0.2222222222222222,0.5,0.3333333333333333,0.3333333333333333,0.2222222222222222,0.5555555555555556,0.2222222222222222,0.7222222222222222,0.0,9.0,0.4444444444444444,9,False,False,False,False,0,0.0
official_mexico_city,Jesus,M,,9067,xesus,0.4,0.4,0.6,1.0,0.0,0.0,0.0,0.4,0.4,0.6,0.4,0.3,0.2,0.4,0.0,0.4,0.2,0.7,0.0,5.0,0.4,5,False,False,False,False,1,0.0
official_mexico_city,Jose,M,,26895,xose,0.5,0.5,0.5,1.0,0.0,0.0,0.0,0.25,0.5,0.5,0.25,0.375,0.0,0.25,0.0,0.5,0.25,0.75,0.0,4.0,0.5,4,False,False,False,False,1,0.0
official_mexico_city,Luis,M,,25983,luis,0.5,0.75,0.5,1.0,0.0,0.25,0.0,0.25,0.75,0.75,0.5,0.25,0.25,0.5,0.0,0.25,0.25,0.75,0.0,4.0,0.5,4,False,False,False,False,1,0.0
official_mexico_city,Maria,F,,45054,maɾja,0.4,1.0,0.4,0.8,0.1,0.0,0.2,0.0,1.0,0.6,0.2,0.4,0.2,0.3,0.5,0.4,0.0,0.7,0.0,5.0,0.4,5,False,False,False,False,0,0.0
official_mexico_city,Santiago,M,,25663,santjaɣo,0.375,0.625,0.5,0.75,0.0,0.0,0.125,0.125,0.75,0.5625,0.375,0.3125,0.0,0.25,0.25,0.5,0.125,0.6875,0.0,8.0,0.375,8,False,False,False,False,1,0.0
official_mexico_city,Sofia,F,,20137,sofja,0.4,0.6,0.4,1.0,0.0,0.0,0.0,0.4,0.6,0.6,0.2,0.4,0.2,0.2,0.2,0.4,0.2,0.7,0.0,5.0,0.4,5,False,False,False,False,0,0.0
official_mexico_city,Valeria,F,,7088,baleɾja,0.4285714285714285,0.8571428571428571,0.4285714285714285,0.8571428571428571,0.0714285714285714,0.1428571428571428,0.0,0.0,1.0,0.6428571428571429,0.2857142857142857,0.3571428571428571,0.1428571428571428,0.2142857142857142,0.3571428571428571,0.2857142857142857,0.0,0.7142857142857143,0.0,7.0,0.4285714285714285,7,False,False,False,False,0,0.0
official_netherlands,Adam,M,,1301,aːdɑm,0.5,0.75,0.5,0.5,0.125,0.0,0.25,0.0,1.0,0.75,0.25,0.375,0.25,0.0,0.5,0.5,0.0,0.75,0.25,4.0,0.5,4,False,False,False,False,1,0.0
official_netherlands,Anna,F,,2595,ɑnaː,0.6666666666666666,1.0,0.3333333333333333,0.6666666666666666,0.1666666666666666,0.0,0.3333333333333333,0.0,1.0,0.6666666666666666,0.3333333333333333,0.3333333333333333,0.0,0.0,0.6666666666666666,0.6666666666666666,0.0,0.8333333333333334,0.3333333333333333,3.0,0.6666666666666666,4,False,False,False,False,0,0.0
official_netherlands,Benjamin,M,,1327,bəɲaːmɪn,0.4285714285714285,0.8571428571428571,0.5714285714285714,0.4285714285714285,0.0,0.0,0.4285714285714285,0.0,1.0,0.6428571428571429,0.1428571428571428,0.4285714285714285,0.2857142857142857,0.2857142857142857,0.1428571428571428,0.2857142857142857,0.0,0.4285714285714285,0.1428571428571428,7.0,0.4285714285714285,8,False,False,False,False,1,0.0
official_netherlands,Bram,M,,2347,brɑm,0.25,0.75,0.75,0.5,0.25,0.0,0.25,0.0,1.0,0.875,0.25,0.375,0.5,0.125,0.375,0.25,0.0,0.625,0.0,4.0,0.25,4,False,False,False,False,1,0.0
official_netherlands,Daan,M,,2869,daːn,0.3333333333333333,0.6666666666666666,0.6666666666666666,0.3333333333333333,0.0,0.0,0.3333333333333333,0.0,1.0,0.8333333333333334,0.6666666666666666,0.1666666666666666,0.0,0.0,0.3333333333333333,0.3333333333333333,0.0,0.6666666666666666,0.3333333333333333,3.0,0.3333333333333333,4,False,False,False,False,1,0.0
official_netherlands,Elin,F,,1143,eːlɪn,0.5,1.0,0.5,0.75,0.0,0.25,0.25,0.0,1.0,0.75,0.5,0.25,0.0,0.25,0.0,0.0,0.0,0.5,0.25,4.0,0.5,4,False,False,False,False,0,0.0
official_netherlands,Emma,F,,2441,ɛmaː,0.6666666666666666,1.0,0.3333333333333333,0.6666666666666666,0.0,0.0,0.3333333333333333,0.0,1.0,0.6666666666666666,0.0,0.5,0.3333333333333333,0.0,0.3333333333333333,0.3333333333333333,0.0,0.5,0.3333333333333333,3.0,0.6666666666666666,4,False,False,False,False,0,0.0
official_netherlands,Eva,F,,1936,eːvaː,0.6666666666666666,0.6666666666666666,0.3333333333333333,1.0,0.0,0.0,0.0,0.3333333333333333,1.0,0.6666666666666666,0.0,0.5,0.3333333333333333,0.0,0.3333333333333333,0.3333333333333333,0.0,0.8333333333333334,0.6666666666666666,3.0,0.6666666666666666,3,False,False,False,False,0,0.0
official_netherlands,Evi,F,,1801,eːvi,0.6666666666666666,0.6666666666666666,0.3333333333333333,1.0,0.0,0.0,0.0,0.3333333333333333,1.0,0.6666666666666666,0.0,0.5,0.3333333333333333,0.3333333333333333,0.0,0.0,0.0,0.8333333333333334,0.3333333333333333,3.0,0.6666666666666666,3,False,False,False,False,0,0.0
official_netherlands,Fenna,F,,1515,fɛnaː,0.5,0.75,0.5,0.75,0.0,0.0,0.25,0.25,0.75,0.75,0.25,0.375,0.25,0.0,0.25,0.25,0.0,0.5,0.25,4.0,0.5,5,False,False,False,False,0,0.0
official_netherlands,Finn,M,,2651,fɪn,0.3333333333333333,0.6666666666666666,0.6666666666666666,0.6666666666666666,0.0,0.0,0.3333333333333333,0.3333333333333333,0.6666666666666666,0.8333333333333334,0.3333333333333333,0.3333333333333333,0.3333333333333333,0.3333333333333333,0.0,0.0,0.0,0.3333333333333333,0.0,3.0,0.3333333333333333,4,False,False,False,False,1,0.0
official_netherlands,Fleur,F,,1659,fløːr,0.25,0.75,0.75,1.0,0.125,0.25,0.0,0.25,0.75,0.875,0.5,0.25,0.25,0.125,0.125,0.0,0.25,0.625,0.25,4.0,0.25,5,False,False,False,False,0,0.0
official_netherlands,Gijs,M,,1322,ɣɛɪs,0.5,0.5,0.5,1.0,0.0,0.0,0.0,0.25,0.75,0.5,0.25,0.375,0.0,0.5,0.0,0.25,0.0,0.25,0.0,4.0,0.5,4,False,False,False,False,1,0.0
official_netherlands,Isa,F,,1670,izaː,0.6666666666666666,0.6666666666666666,0.3333333333333333,1.0,0.0,0.0,0.0,0.3333333333333333,1.0,0.6666666666666666,0.3333333333333333,0.3333333333333333,0.0,0.3333333333333333,0.3333333333333333,0.3333333333333333,0.0,0.8333333333333334,0.3333333333333333,3.0,0.6666666666666666,3,False,False,False,False,0,0.0
official_netherlands,Jan,M,,1551,jɑn,0.3333333333333333,1.0,0.3333333333333333,0.6666666666666666,0.1666666666666666,0.0,0.3333333333333333,0.0,1.0,0.5,0.3333333333333333,0.3333333333333333,0.0,0.3333333333333333,0.3333333333333333,0.3333333333333333,0.0,0.6666666666666666,0.0,3.0,0.3333333333333333,3,False,False,False,False,1,0.0
official_netherlands,Jayden,M,,1517,jaːjdən,0.3333333333333333,0.8333333333333334,0.3333333333333333,0.6666666666666666,0.0,0.0,0.1666666666666666,0.0,1.0,0.5,0.3333333333333333,0.3333333333333333,0.0,0.3333333333333333,0.1666666666666666,0.3333333333333333,0.0,0.5,0.1666666666666666,6.0,0.3333333333333333,6,False,False,False,False,1,0.0
official_netherlands,Jesse,M,,2292,jɛsə,0.5,0.75,0.25,1.0,0.0,0.0,0.0,0.25,0.75,0.5,0.25,0.375,0.0,0.25,0.0,0.25,0.0,0.25,0.0,4.0,0.5,5,False,False,False,False,1,0.0
official_netherlands,Julia,F,,2244,jyliaː,0.6,1.0,0.2,1.0,0.0,0.2,0.0,0.0,1.0,0.5,0.2,0.4,0.2,0.6,0.2,0.2,0.2,0.8,0.2,5.0,0.6,5,False,False,False,False,0,0.0
official_netherlands,Julian,M,,1540,jyliɑn,0.5,1.0,0.3333333333333333,0.8333333333333334,0.0833333333333333,0.1666666666666666,0.1666666666666666,0.0,1.0,0.5833333333333334,0.3333333333333333,0.3333333333333333,0.1666666666666666,0.5,0.1666666666666666,0.1666666666666666,0.1666666666666666,0.75,0.0,6.0,0.5,6,False,False,False,False,1,0.0
official_netherlands,Lars,M,,1798,lɑrs,0.25,0.75,0.75,1.0,0.25,0.25,0.0,0.25,0.75,0.875,0.75,0.125,0.0,0.125,0.375,0.25,0.0,0.625,0.0,4.0,0.25,4,False,False,False,False,1,0.0
official_netherlands,Levi,M,,2255,leːvi,0.5,0.75,0.5,1.0,0.0,0.25,0.0,0.25,1.0,0.75,0.25,0.375,0.25,0.25,0.0,0.0,0.0,0.75,0.25,4.0,0.5,4,False,False,False,False,1,0.0
official_netherlands,Liam,M,,1936,liɑm,0.5,1.0,0.5,0.75,0.125,0.25,0.25,0.0,1.0,0.75,0.25,0.375,0.25,0.25,0.25,0.25,0.0,0.75,0.0,4.0,0.5,4,False,False,False,False,1,0.0
official_netherlands,Lieke,F,,1477,likə,0.5,0.75,0.5,0.75,0.0,0.25,0.0,0.0,0.75,0.5,0.25,0.375,0.0,0.5,0.0,0.5,0.0,0.5,0.0,4.0,0.5,5,False,False,False,False,0,0.0
official_netherlands,Lisa,F,,2003,lizaː,0.5,0.75,0.5,1.0,0.0,0.25,0.0,0.25,1.0,0.75,0.5,0.25,0.0,0.25,0.25,0.25,0.0,0.75,0.25,4.0,0.5,4,False,False,False,False,0,0.0
official_netherlands,Liv,F,,1411,lɪf,0.3333333333333333,0.6666666666666666,0.6666666666666666,1.0,0.0,0.3333333333333333,0.0,0.3333333333333333,0.6666666666666666,0.8333333333333334,0.3333333333333333,0.3333333333333333,0.3333333333333333,0.3333333333333333,0.0,0.0,0.0,0.3333333333333333,0.0,3.0,0.3333333333333333,3,False,False,False,False,0,0.0
official_netherlands,Lotte,F,,1955,lɔtə,0.5,0.75,0.5,0.75,0.0,0.25,0.0,0.0,0.75,0.75,0.5,0.25,0.0,0.0,0.0,0.5,0.25,0.25,0.0,4.0,0.5,5,False,False,False,False,0,0.0
official_netherlands,Luca,M,,1314,lykaː,0.5,0.75,0.5,0.75,0.0,0.25,0.0,0.0,0.75,0.5,0.25,0.375,0.25,0.5,0.25,0.5,0.25,0.75,0.25,4.0,0.5,4,False,False,False,False,1,0.0
official_netherlands,Lucas,M,,2422,lykɑs,0.4,0.6,0.6,0.8,0.1,0.2,0.0,0.2,0.6,0.6,0.4,0.3,0.2,0.4,0.2,0.4,0.2,0.7,0.0,5.0,0.4,5,False,False,False,False,1,0.0
official_netherlands,Luuk,M,,2196,lyk,0.3333333333333333,0.6666666666666666,0.6666666666666666,0.6666666666666666,0.0,0.3333333333333333,0.0,0.0,0.6666666666666666,0.5,0.3333333333333333,0.3333333333333333,0.3333333333333333,0.6666666666666666,0.0,0.3333333333333333,0.3333333333333333,0.6666666666666666,0.0,3.0,0.3333333333333333,4,False,False,False,False,1,0.0
official_netherlands,Lynn,F,,1617,lɪn,0.3333333333333333,1.0,0.6666666666666666,0.6666666666666666,0.0,0.3333333333333333,0.3333333333333333,0.0,1.0,0.8333333333333334,0.6666666666666666,0.1666666666666666,0.0,0.3333333333333333,0.0,0.0,0.0,0.3333333333333333,0.0,3.0,0.3333333333333333,4,False,False,False,False,0,0.0
official_netherlands,Maud,F,,1373,mʌʊt,0.5,0.75,0.5,0.5,0.0,0.0,0.25,0.0,0.75,0.75,0.25,0.375,0.25,0.25,0.0,0.5,0.25,0.5,0.0,4.0,0.5,4,False,False,False,False,0,0.0
official_netherlands,Max,M,,1970,mɑks,0.25,0.5,0.75,0.5,0.125,0.0,0.25,0.25,0.5,0.625,0.25,0.375,0.25,0.25,0.25,0.5,0.0,0.625,0.0,4.0,0.25,3,False,False,False,False,1,0.0
official_netherlands,Mees,M,,1732,meːs,0.3333333333333333,0.6666666666666666,0.6666666666666666,0.6666666666666666,0.0,0.0,0.3333333333333333,0.3333333333333333,0.6666666666666666,0.8333333333333334,0.3333333333333333,0.3333333333333333,0.3333333333333333,0.0,0.0,0.0,0.0,0.6666666666666666,0.3333333333333333,3.0,0.3333333333333333,4,False,False,False,False,1,0.0
official_netherlands,Mila,F,,1909,milaː,0.5,1.0,0.5,0.75,0.0,0.25,0.25,0.0,1.0,0.75,0.25,0.375,0.25,0.25,0.25,0.25,0.0,0.75,0.25,4.0,0.5,4,False,False,False,False,0,0.0
official_netherlands,Milan,M,,2293,milɑn,0.4,1.0,0.6,0.6,0.1,0.2,0.4,0.0,1.0,0.8,0.4,0.3,0.2,0.2,0.2,0.2,0.0,0.7,0.0,5.0,0.4,5,False,False,False,False,1,0.0
official_netherlands,Nina,F,,1235,ninaː,0.5,1.0,0.5,0.5,0.0,0.0,0.5,0.0,1.0,0.75,0.5,0.25,0.0,0.25,0.25,0.25,0.0,0.75,0.25,4.0,0.5,4,False,False,False,False,0,0.0
official_netherlands,Noa,F,,1625,noːaː,0.6666666666666666,1.0,0.3333333333333333,0.6666666666666666,0.0,0.0,0.3333333333333333,0.0,1.0,0.6666666666666666,0.3333333333333333,0.3333333333333333,0.0,0.0,0.3333333333333333,0.6666666666666666,0.3333333333333333,0.8333333333333334,0.6666666666666666,3.0,0.6666666666666666,3,False,False,False,False,0,0.0
official_netherlands,Noah,M,,2312,noːɑh,0.5,1.0,0.5,0.75,0.125,0.0,0.25,0.0,0.75,0.5,0.25,0.375,0.0,0.0,0.25,0.75,0.25,0.75,0.25,4.0,0.5,4,False,False,False,False,1,0.0
official_netherlands,Noor,F,,1474,noːr,0.3333333333333333,1.0,0.6666666666666666,0.6666666666666666,0.1666666666666666,0.0,0.3333333333333333,0.0,1.0,0.8333333333333334,0.6666666666666666,0.1666666666666666,0.0,0.1666666666666666,0.1666666666666666,0.3333333333333333,0.3333333333333333,0.6666666666666666,0.3333333333333333,3.0,0.3333333333333333,4,False,False,False,False,0,0.0
official_netherlands,Nora,F,,1241,noːraː,0.5,1.0,0.5,0.75,0.125,0.0,0.25,0.0,1.0,0.75,0.5,0.25,0.0,0.125,0.375,0.5,0.25,0.75,0.5,4.0,0.5,4,False,False,False,False,0,0.0
official_netherlands,Noud,M,,1306,nʌʊt,0.5,0.75,0.5,0.5,0.0,0.0,0.25,0.0,0.75,0.75,0.5,0.25,0.0,0.25,0.0,0.5,0.25,0.5,0.0,4.0,0.5,4,False,False,False,False,1,0.0
official_netherlands,Olivia,F,,1140,oːliviaː,0.6666666666666666,0.8333333333333334,0.3333333333333333,1.0,0.0,0.1666666666666666,0.0,0.1666666666666666,1.0,0.6666666666666666,0.1666666666666666,0.4166666666666667,0.1666666666666666,0.3333333333333333,0.1666666666666666,0.3333333333333333,0.1666666666666666,0.8333333333333334,0.3333333333333333,6.0,0.6666666666666666,6,False,False,False,False,0,0.0
official_netherlands,Roos,F,,1444,roːs,0.3333333333333333,0.6666666666666666,0.6666666666666666,1.0,0.1666666666666666,0.0,0.0,0.3333333333333333,0.6666666666666666,0.8333333333333334,0.6666666666666666,0.1666666666666666,0.0,0.1666666666666666,0.1666666666666666,0.3333333333333333,0.3333333333333333,0.6666666666666666,0.3333333333333333,3.0,0.3333333333333333,4,False,False,False,False,0,0.0
official_netherlands,Ruben,M,,1640,rybən,0.4,0.8,0.6,0.6,0.1,0.0,0.2,0.0,1.0,0.8,0.4,0.3,0.4,0.3,0.1,0.2,0.2,0.5,0.0,5.0,0.4,5,False,False,False,False,1,0.0
official_netherlands,Saar,F,,1796,saːr,0.3333333333333333,0.6666666666666666,0.6666666666666666,1.0,0.1666666666666666,0.0,0.0,0.3333333333333333,0.6666666666666666,0.8333333333333334,0.6666666666666666,0.1666666666666666,0.0,0.1666666666666666,0.5,0.3333333333333333,0.0,0.6666666666666666,0.3333333333333333,3.0,0.3333333333333333,4,False,False,False,False,0,0.0
official_netherlands,Sam,M,,1856,sɑm,0.3333333333333333,0.6666666666666666,0.6666666666666666,0.6666666666666666,0.1666666666666666,0.0,0.3333333333333333,0.3333333333333333,0.6666666666666666,0.8333333333333334,0.3333333333333333,0.3333333333333333,0.3333333333333333,0.0,0.3333333333333333,0.3333333333333333,0.0,0.6666666666666666,0.0,3.0,0.3333333333333333,3,False,False,False,False,1,0.0
official_netherlands,Sanne,F,,1372,sɑnə,0.5,0.75,0.5,0.75,0.125,0.0,0.25,0.25,0.75,0.75,0.5,0.25,0.0,0.0,0.25,0.5,0.0,0.5,0.0,4.0,0.5,5,False,False,False,False,0,0.0
official_netherlands,Sara,F,,1752,saːraː,0.5,0.75,0.5,1.0,0.125,0.0,0.0,0.25,0.75,0.75,0.5,0.25,0.0,0.125,0.625,0.5,0.0,0.75,0.5,4.0,0.5,4,False,False,False,False,0,0.0
official_netherlands,Sarah,F,,1487,saːrɑh,0.4,0.8,0.6,1.0,0.2,0.0,0.0,0.2,0.6,0.6,0.4,0.3,0.0,0.1,0.5,0.6,0.0,0.7,0.2,5.0,0.4,5,False,False,False,False,0,0.0
official_netherlands,Sem,M,,2854,sɛm,0.3333333333333333,0.6666666666666666,0.6666666666666666,0.6666666666666666,0.0,0.0,0.3333333333333333,0.3333333333333333,0.6666666666666666,0.8333333333333334,0.3333333333333333,0.3333333333333333,0.3333333333333333,0.0,0.0,0.0,0.0,0.3333333333333333,0.0,3.0,0.3333333333333333,3,False,False,False,False,1,0.0
official_netherlands,Siem,M,,1303,sim,0.3333333333333333,0.6666666666666666,0.6666666666666666,0.6666666666666666,0.0,0.0,0.3333333333333333,0.3333333333333333,0.6666666666666666,0.8333333333333334,0.3333333333333333,0.3333333333333333,0.3333333333333333,0.3333333333333333,0.0,0.0,0.0,0.6666666666666666,0.0,3.0,0.3333333333333333,4,False,False,False,False,1,0.0
official_netherlands,Sophie,F,,2568,sɔphi,0.4,0.6,0.6,0.8,0.0,0.0,0.0,0.2,0.4,0.6,0.2,0.4,0.2,0.2,0.0,0.4,0.2,0.5,0.0,5.0,0.4,6,False,False,False,False,0,0.0
official_netherlands,Stijn,M,,1619,stɛɪn,0.4,0.6,0.6,0.6,0.0,0.0,0.2,0.2,0.6,0.8,0.6,0.2,0.0,0.2,0.0,0.0,0.0,0.3,0.0,5.0,0.4,5,False,False,False,False,1,0.0
official_netherlands,Sven,M,,1317,sfɛn,0.25,0.5,0.75,0.75,0.0,0.0,0.25,0.5,0.5,0.875,0.5,0.25,0.25,0.0,0.0,0.0,0.0,0.375,0.0,4.0,0.25,4,False,False,False,False,1,0.0
official_netherlands,Tess,F,,2357,tɛss,0.25,0.25,0.75,0.75,0.0,0.0,0.0,0.5,0.25,0.875,0.75,0.125,0.0,0.0,0.0,0.0,0.0,0.375,0.0,4.0,0.25,4,False,False,False,False,0,0.0
official_netherlands,Thijs,M,,1823,tɛɪs,0.5,0.5,0.5,0.75,0.0,0.0,0.0,0.25,0.5,0.75,0.5,0.25,0.0,0.25,0.0,0.0,0.0,0.25,0.0,4.0,0.5,5,False,False,False,False,1,0.0
official_netherlands,Thomas,M,,1943,toːmɑs,0.4,0.6,0.6,0.6,0.1,0.0,0.2,0.2,0.6,0.8,0.4,0.3,0.2,0.0,0.2,0.4,0.2,0.7,0.2,5.0,0.4,6,False,False,False,False,1,0.0
official_netherlands,Tim,M,,1987,tɪm,0.3333333333333333,0.6666666666666666,0.6666666666666666,0.3333333333333333,0.0,0.0,0.3333333333333333,0.0,0.6666666666666666,0.8333333333333334,0.3333333333333333,0.3333333333333333,0.3333333333333333,0.3333333333333333,0.0,0.0,0.0,0.3333333333333333,0.0,3.0,0.3333333333333333,3,False,False,False,False,1,0.0
official_netherlands,Yara,F,,1278,jaːraː,0.5,1.0,0.25,1.0,0.125,0.0,0.0,0.0,1.0,0.5,0.25,0.375,0.0,0.375,0.625,0.5,0.0,0.75,0.5,4.0,0.5,4,False,False,False,False,0,0.0
official_netherlands,Zoë,F,,1725,zoːə,0.6666666666666666,0.6666666666666666,0.3333333333333333,1.0,0.0,0.0,0.0,0.3333333333333333,1.0,0.6666666666666666,0.3333333333333333,0.3333333333333333,0.0,0.0,0.0,0.6666666666666666,0.3333333333333333,0.5,0.3333333333333333,3.0,0.6666666666666666,3,False,False,False,False,0,0.0
official_new_caledonia_noumea,Alexandre,M,,24,aləksɑ̃dʀ,0.375,0.625,0.625,0.75,0.125,0.125,0.125,0.125,0.75,0.5625,0.375,0.3125,0.0,0.125,0.25,0.625,0.0,0.5625,0.0,8.0,0.375,9,False,False,False,False,1,0.0
official_new_caledonia_noumea,Audrey,F,,46,odʀəj,0.4,0.8,0.4,0.8,0.1,0.0,0.0,0.0,1.0,0.4,0.2,0.4,0.0,0.2,0.0,0.6,0.2,0.5,0.0,5.0,0.4,6,False,False,False,False,0,0.0
official_new_caledonia_noumea,Cedric,M,,26,sɛdʀik,0.3333333333333333,0.5,0.6666666666666666,0.6666666666666666,0.0833333333333333,0.0,0.0,0.1666666666666666,0.6666666666666666,0.5,0.3333333333333333,0.3333333333333333,0.0,0.3333333333333333,0.0,0.3333333333333333,0.0,0.5,0.0,6.0,0.3333333333333333,6,False,False,False,False,1,0.0
official_new_caledonia_noumea,Christophe,M,,112,ʃʀistɔf,0.2857142857142857,0.4285714285714285,0.7142857142857143,0.8571428571428571,0.0714285714285714,0.0,0.0,0.4285714285714285,0.4285714285714285,0.5714285714285714,0.4285714285714285,0.4285714285714285,0.1428571428571428,0.1428571428571428,0.0,0.2857142857142857,0.1428571428571428,0.5,0.0,7.0,0.2857142857142857,10,False,False,False,False,1,0.0
official_new_caledonia_noumea,David,M,,51,davi,0.5,0.5,0.5,0.75,0.0,0.0,0.0,0.25,1.0,0.75,0.25,0.375,0.25,0.25,0.25,0.25,0.0,0.75,0.0,4.0,0.5,5,False,False,False,False,1,0.0
official_new_caledonia_noumea,Dylan,M,,30,dilɑ̃,0.5,0.75,0.5,0.75,0.125,0.25,0.25,0.0,1.0,0.75,0.5,0.25,0.0,0.25,0.25,0.25,0.0,0.75,0.0,4.0,0.5,5,False,False,False,False,1,0.0
official_new_caledonia_noumea,Elodie,F,,22,əlɔdi,0.6,0.8,0.4,0.8,0.0,0.2,0.0,0.0,1.0,0.7,0.4,0.3,0.0,0.2,0.0,0.4,0.2,0.4,0.0,5.0,0.6,6,False,False,False,False,0,0.0
official_new_caledonia_noumea,Ethan,M,,104,ətɑ̃,0.6666666666666666,0.6666666666666666,0.3333333333333333,0.6666666666666666,0.1666666666666666,0.0,0.3333333333333333,0.0,0.6666666666666666,0.6666666666666666,0.3333333333333333,0.3333333333333333,0.0,0.0,0.3333333333333333,0.6666666666666666,0.0,0.5,0.0,3.0,0.6666666666666666,5,False,False,False,False,1,0.0
official_new_caledonia_noumea,Isabelle,F,,22,izabɛl,0.5,0.6666666666666666,0.5,0.8333333333333334,0.0,0.1666666666666666,0.0,0.1666666666666666,1.0,0.75,0.3333333333333333,0.3333333333333333,0.1666666666666666,0.1666666666666666,0.1666666666666666,0.1666666666666666,0.0,0.5833333333333334,0.0,6.0,0.5,8,False,False,False,False,0,0.0
official_new_caledonia_noumea,Jonathan,M,,84,ʒɔnatɑ̃,0.5,0.6666666666666666,0.5,0.6666666666666666,0.0833333333333333,0.0,0.3333333333333333,0.1666666666666666,0.8333333333333334,0.5833333333333334,0.5,0.4166666666666667,0.0,0.0,0.3333333333333333,0.5,0.1666666666666666,0.5833333333333334,0.0,6.0,0.5,8,False,False,False,False,1,0.0
official_new_caledonia_noumea,Jordan,M,,26,ʒɔʀdɑ̃,0.4,0.6,0.6,0.8,0.2,0.0,0.2,0.2,1.0,0.4,0.4,0.5,0.0,0.0,0.2,0.6,0.2,0.5,0.0,5.0,0.4,6,False,False,False,False,1,0.0
official_new_caledonia_noumea,Kevin,M,,30,kəvɛ̃,0.5,0.5,0.5,0.75,0.0,0.0,0.25,0.25,0.75,0.5,0.0,0.5,0.25,0.25,0.0,0.5,0.0,0.25,0.0,4.0,0.5,5,False,False,False,False,1,0.0
official_new_caledonia_noumea,Laurent,M,,58,loʀɑ̃,0.5,1.0,0.5,1.0,0.25,0.25,0.25,0.0,1.0,0.5,0.25,0.375,0.0,0.0,0.25,0.75,0.25,0.75,0.0,4.0,0.5,7,False,False,False,False,1,0.0
official_new_caledonia_noumea,Marie,F,,44,maʀi,0.5,1.0,0.5,0.75,0.125,0.0,0.25,0.0,1.0,0.5,0.0,0.5,0.25,0.25,0.25,0.5,0.0,0.75,0.0,4.0,0.5,5,False,False,False,False,0,0.0
official_new_caledonia_noumea,Michel,M,,24,miʃəl,0.4,0.8,0.6,0.8,0.0,0.2,0.2,0.2,0.8,0.6,0.4,0.5,0.2,0.2,0.0,0.2,0.0,0.5,0.0,5.0,0.4,6,False,False,False,False,1,0.0
official_new_caledonia_noumea,Nathalie,F,,188,natali,0.5,0.8333333333333334,0.5,0.6666666666666666,0.0,0.1666666666666666,0.1666666666666666,0.0,0.8333333333333334,0.75,0.5,0.25,0.0,0.1666666666666666,0.3333333333333333,0.3333333333333333,0.0,0.75,0.0,6.0,0.5,8,False,False,False,False,0,0.0
official_new_caledonia_noumea,Nicolas,M,,84,nikɔla,0.5,0.8333333333333334,0.5,0.6666666666666666,0.0,0.1666666666666666,0.1666666666666666,0.0,0.8333333333333334,0.5833333333333334,0.3333333333333333,0.3333333333333333,0.0,0.3333333333333333,0.1666666666666666,0.5,0.1666666666666666,0.5833333333333334,0.0,6.0,0.5,7,False,False,False,False,1,0.0
official_new_caledonia_noumea,Oceane,F,,23,ɔzəan,0.6,0.8,0.4,0.8,0.0,0.0,0.2,0.2,1.0,0.7,0.4,0.3,0.0,0.0,0.2,0.6,0.2,0.4,0.0,5.0,0.6,6,False,False,False,False,0,0.0
official_new_caledonia_noumea,Patrick,M,,74,patʀikk,0.2857142857142857,0.4285714285714285,0.7142857142857143,0.4285714285714285,0.0714285714285714,0.0,0.0,0.0,0.4285714285714285,0.4285714285714285,0.1428571428571428,0.4285714285714285,0.1428571428571428,0.4285714285714285,0.1428571428571428,0.5714285714285714,0.0,0.6428571428571429,0.0,7.0,0.2857142857142857,7,False,False,False,False,1,0.0
official_new_caledonia_noumea,Philippe,M,,25,filip,0.4,0.6,0.6,0.8,0.0,0.2,0.0,0.2,0.6,0.8,0.2,0.4,0.4,0.4,0.0,0.0,0.0,0.7,0.0,5.0,0.4,8,False,False,False,False,1,0.0
official_new_caledonia_noumea,Sabrina,F,,114,sabʀina,0.4285714285714285,0.7142857142857143,0.5714285714285714,0.7142857142857143,0.0714285714285714,0.0,0.1428571428571428,0.1428571428571428,0.8571428571428571,0.6428571428571429,0.2857142857142857,0.3571428571428571,0.1428571428571428,0.1428571428571428,0.2857142857142857,0.4285714285714285,0.0,0.7142857142857143,0.0,7.0,0.4285714285714285,7,False,False,False,False,0,0.0
official_new_caledonia_noumea,Sandra,F,,75,sɑ̃dʀa,0.4,0.6,0.6,0.8,0.2,0.0,0.2,0.2,0.8,0.6,0.4,0.3,0.0,0.0,0.4,0.6,0.0,0.7,0.0,5.0,0.4,6,False,False,False,False,0,0.0
official_new_caledonia_noumea,Sarah,F,,26,saʀa,0.5,0.75,0.5,1.0,0.125,0.0,0.0,0.25,0.75,0.5,0.25,0.375,0.0,0.0,0.5,0.75,0.0,0.75,0.0,4.0,0.5,5,False,False,False,False,0,0.0
official_new_caledonia_noumea,Stephanie,F,,51,stəfani,0.4285714285714285,0.5714285714285714,0.5714285714285714,0.7142857142857143,0.0,0.0,0.1428571428571428,0.2857142857142857,0.5714285714285714,0.7857142857142857,0.4285714285714285,0.2857142857142857,0.1428571428571428,0.1428571428571428,0.1428571428571428,0.2857142857142857,0.0,0.5714285714285714,0.0,7.0,0.4285714285714285,9,False,False,False,False,0,0.0
official_new_caledonia_noumea,Thi,F,,308,ti,0.5,0.5,0.5,0.5,0.0,0.0,0.0,0.0,0.5,0.75,0.5,0.25,0.0,0.5,0.0,0.0,0.0,0.75,0.0,2.0,0.5,3,False,False,False,False,0,0.0
official_new_caledonia_noumea,Thierry,M,,28,tjɛʀʀi,0.3333333333333333,0.8333333333333334,0.5,0.8333333333333334,0.1666666666666666,0.0,0.0,0.0,0.8333333333333334,0.3333333333333333,0.1666666666666666,0.4166666666666667,0.0,0.3333333333333333,0.0,0.3333333333333333,0.0,0.5,0.0,6.0,0.3333333333333333,7,False,False,False,False,1,0.0
official_new_caledonia_noumea,Thomas,M,,28,tɔma,0.5,0.75,0.5,0.5,0.0,0.0,0.25,0.0,0.75,0.75,0.25,0.375,0.25,0.0,0.25,0.5,0.25,0.5,0.0,4.0,0.5,6,False,False,False,False,1,0.0
official_newzealand,Amelia,F,,184,ɐmiːliə,0.6666666666666666,1.0,0.3333333333333333,0.8333333333333334,0.0,0.1666666666666666,0.1666666666666666,0.0,1.0,0.6666666666666666,0.1666666666666666,0.4166666666666667,0.1666666666666666,0.3333333333333333,0.0,0.1666666666666666,0.0,0.6666666666666666,0.1666666666666666,6.0,0.6666666666666666,6,False,False,False,False,0,0.0
official_newzealand,Archie,M,,111,ɑːtʃi,0.5,0.5,0.5,0.75,0.125,0.0,0.0,0.25,0.5,0.5,0.5,0.5,0.0,0.25,0.25,0.25,0.0,0.75,0.25,4.0,0.5,6,False,False,False,False,1,0.0
official_newzealand,Aria,F,,125,eəɹiə,0.8,1.0,0.0,1.0,0.0,0.0,0.0,0.0,1.0,0.6,0.2,0.4,0.0,0.4,0.0,0.4,0.2,0.5,0.0,5.0,0.8,4,False,False,False,False,0,0.0
official_newzealand,Arlo,M,,156,ɑːləʊ,0.75,1.0,0.25,1.0,0.125,0.25,0.0,0.0,1.0,0.625,0.25,0.375,0.0,0.25,0.25,0.75,0.25,0.375,0.25,4.0,0.75,4,False,False,False,False,1,0.0
official_newzealand,Arthur,M,,158,ɑːθə,0.6666666666666666,0.6666666666666666,0.3333333333333333,1.0,0.1666666666666666,0.0,0.0,0.0,0.6666666666666666,0.6666666666666666,0.3333333333333333,0.6666666666666666,0.0,0.0,0.3333333333333333,0.6666666666666666,0.0,0.5,0.3333333333333333,3.0,0.6666666666666666,6,False,False,False,False,1,0.0
official_newzealand,Ava,F,,143,ɑːvə,0.6666666666666666,0.6666666666666666,0.3333333333333333,1.0,0.1666666666666666,0.0,0.0,0.3333333333333333,1.0,0.6666666666666666,0.0,0.5,0.3333333333333333,0.0,0.3333333333333333,0.6666666666666666,0.0,0.5,0.3333333333333333,3.0,0.6666666666666666,3,False,False,False,False,0,0.0
official_newzealand,Beau,M,,119,bəʊ,0.6666666666666666,0.6666666666666666,0.3333333333333333,0.6666666666666666,0.0,0.0,0.0,0.0,1.0,0.6666666666666666,0.0,0.5,0.3333333333333333,0.3333333333333333,0.0,0.6666666666666666,0.3333333333333333,0.1666666666666666,0.0,3.0,0.6666666666666666,4,False,False,False,False,1,0.0
official_newzealand,Carter,M,,106,kɑːtə,0.5,0.5,0.5,0.5,0.125,0.0,0.0,0.0,0.5,0.5,0.25,0.375,0.0,0.25,0.25,0.75,0.0,0.5,0.25,4.0,0.5,6,False,False,False,False,1,0.0
official_newzealand,Charlie,M,,163,tʃɑːli,0.4,0.6,0.6,0.8,0.1,0.2,0.0,0.2,0.6,0.6,0.6,0.4,0.0,0.2,0.2,0.2,0.0,0.7,0.2,5.0,0.4,7,False,False,False,False,1,0.0
official_newzealand,Charlotte,F,,209,ʃɑːlət,0.4,0.6,0.6,0.8,0.1,0.2,0.0,0.2,0.6,0.6,0.6,0.4,0.0,0.0,0.2,0.4,0.0,0.5,0.2,5.0,0.4,9,False,False,False,False,0,0.0
official_newzealand,Chloe,F,,101,kləʊi,0.6,0.8,0.4,0.8,0.0,0.2,0.0,0.0,0.8,0.5,0.2,0.4,0.0,0.6,0.0,0.6,0.2,0.4,0.0,5.0,0.6,5,False,False,False,False,0,0.0
official_newzealand,Cooper,M,,122,kuːpə,0.5,0.5,0.5,0.5,0.0,0.0,0.0,0.0,0.5,0.5,0.0,0.5,0.5,0.5,0.0,0.75,0.25,0.5,0.25,4.0,0.5,6,False,False,False,False,1,0.0
official_newzealand,Daisy,F,,96,deɪzi,0.6,0.6,0.4,0.8,0.0,0.0,0.0,0.2,1.0,0.7,0.4,0.3,0.0,0.4,0.0,0.0,0.0,0.6,0.0,5.0,0.6,5,False,False,False,False,0,0.0
official_newzealand,Elijah,M,,153,ɪlaɪdʒə,0.5714285714285714,0.7142857142857143,0.4285714285714285,0.8571428571428571,0.0,0.1428571428571428,0.0,0.1428571428571428,1.0,0.5714285714285714,0.4285714285714285,0.4285714285714285,0.0,0.2857142857142857,0.1428571428571428,0.2857142857142857,0.0,0.3571428571428571,0.0,7.0,0.5714285714285714,6,False,False,False,False,1,0.0
official_newzealand,Ella,F,,143,ɛlə,0.6666666666666666,1.0,0.3333333333333333,1.0,0.0,0.3333333333333333,0.0,0.0,1.0,0.6666666666666666,0.3333333333333333,0.3333333333333333,0.0,0.0,0.0,0.3333333333333333,0.0,0.1666666666666666,0.0,3.0,0.6666666666666666,4,False,False,False,False,0,0.0
official_newzealand,Ethan,M,,114,iːθən,0.5,0.75,0.5,0.75,0.0,0.0,0.25,0.0,0.75,0.75,0.5,0.5,0.0,0.25,0.0,0.25,0.0,0.5,0.25,4.0,0.5,5,False,False,False,False,1,0.0
official_newzealand,Evelyn,F,,135,iːvlɪn,0.4,0.8,0.6,0.8,0.0,0.2,0.2,0.2,1.0,0.8,0.4,0.3,0.2,0.4,0.0,0.0,0.0,0.5,0.2,5.0,0.4,6,False,False,False,False,0,0.0
official_newzealand,Ezra,M,,113,ɛzɹə,0.5,0.75,0.25,1.0,0.0,0.0,0.0,0.25,1.0,0.75,0.5,0.25,0.0,0.25,0.0,0.25,0.25,0.25,0.0,4.0,0.5,4,False,False,False,False,1,0.0
official_newzealand,Florence,F,,110,flɒɹəns,0.2857142857142857,0.7142857142857143,0.5714285714285714,0.8571428571428571,0.0,0.1428571428571428,0.1428571428571428,0.2857142857142857,0.7142857142857143,0.8571428571428571,0.5714285714285714,0.2142857142857142,0.1428571428571428,0.1428571428571428,0.1428571428571428,0.2857142857142857,0.2857142857142857,0.5,0.0,7.0,0.2857142857142857,8,False,False,False,False,0,0.0
official_newzealand,George,M,,177,dʒɔːdʒ,0.2,0.2,0.8,0.6,0.0,0.0,0.0,0.4,1.0,0.5,0.8,0.5,0.0,0.0,0.0,0.2,0.2,0.4,0.2,5.0,0.2,6,False,False,False,False,1,0.0
official_newzealand,Grace,F,,121,ɡɹeɪs,0.4,0.6,0.4,0.8,0.0,0.0,0.0,0.2,0.8,0.6,0.4,0.3,0.0,0.6,0.0,0.2,0.2,0.5,0.0,5.0,0.4,5,False,False,False,False,0,0.0
official_newzealand,Harper,F,,150,hɑːpə,0.5,0.75,0.5,0.75,0.125,0.0,0.0,0.0,0.5,0.5,0.0,0.5,0.25,0.0,0.25,0.75,0.0,0.5,0.25,4.0,0.5,6,False,False,False,False,0,0.0
official_newzealand,Hazel,F,,141,heɪzəl,0.5,0.8333333333333334,0.5,1.0,0.0,0.1666666666666666,0.0,0.1666666666666666,0.8333333333333334,0.5833333333333334,0.3333333333333333,0.3333333333333333,0.0,0.1666666666666666,0.0,0.3333333333333333,0.0,0.4166666666666667,0.0,6.0,0.5,5,False,False,False,False,0,0.0
official_newzealand,Henry,M,,172,hɛnɹi,0.4,1.0,0.4,0.8,0.0,0.0,0.2,0.0,0.8,0.6,0.4,0.3,0.0,0.4,0.0,0.2,0.2,0.5,0.0,5.0,0.4,5,False,False,False,False,1,0.0
official_newzealand,Hudson,M,,162,hʌdsən,0.3333333333333333,0.6666666666666666,0.6666666666666666,0.6666666666666666,0.0,0.0,0.1666666666666666,0.1666666666666666,0.6666666666666666,0.6666666666666666,0.5,0.25,0.0,0.0,0.0,0.5,0.0,0.5,0.0,6.0,0.3333333333333333,6,False,False,False,False,1,0.0
official_newzealand,Hugo,M,,115,hjuːɡəʊ,0.5,0.8333333333333334,0.3333333333333333,0.8333333333333334,0.0,0.0,0.0,0.0,0.8333333333333334,0.25,0.0,0.5,0.1666666666666666,0.6666666666666666,0.0,0.8333333333333334,0.3333333333333333,0.4166666666666667,0.1666666666666666,6.0,0.5,4,False,False,False,False,1,0.0
official_newzealand,Isabella,F,,130,ɪseɪbɛlə,0.625,0.75,0.375,0.875,0.0,0.125,0.0,0.125,0.875,0.6875,0.25,0.375,0.125,0.25,0.0,0.125,0.0,0.3125,0.0,8.0,0.625,8,False,False,False,False,0,0.0
official_newzealand,Isla,F,,179,aɪlə,0.75,1.0,0.25,1.0,0.0,0.25,0.0,0.0,1.0,0.625,0.25,0.375,0.0,0.25,0.25,0.5,0.0,0.375,0.0,4.0,0.75,4,False,False,False,False,0,0.0
official_newzealand,Ivy,F,,105,aɪvi,0.75,0.75,0.25,1.0,0.0,0.0,0.0,0.25,1.0,0.625,0.0,0.5,0.25,0.5,0.25,0.25,0.0,0.625,0.0,4.0,0.75,3,False,False,False,False,0,0.0
official_newzealand,Jack,M,,194,dʒak,0.25,0.25,0.75,0.5,0.0,0.0,0.0,0.25,0.75,0.375,0.5,0.5,0.0,0.25,0.25,0.5,0.0,0.625,0.0,4.0,0.25,4,False,False,False,False,1,0.0
official_newzealand,James,M,,146,dʒeɪmz,0.3333333333333333,0.5,0.6666666666666666,0.6666666666666666,0.0,0.0,0.1666666666666666,0.3333333333333333,1.0,0.6666666666666666,0.5,0.4166666666666667,0.1666666666666666,0.1666666666666666,0.0,0.0,0.0,0.5,0.0,6.0,0.3333333333333333,5,False,False,False,False,1,0.0
official_newzealand,Leo,M,,189,liːəʊ,0.75,1.0,0.25,1.0,0.0,0.25,0.0,0.0,1.0,0.625,0.25,0.375,0.0,0.5,0.0,0.5,0.25,0.375,0.25,4.0,0.75,3,False,False,False,False,1,0.0
official_newzealand,Levi,M,,111,lɛvi,0.5,0.75,0.5,1.0,0.0,0.25,0.0,0.25,1.0,0.75,0.25,0.375,0.25,0.25,0.0,0.0,0.0,0.5,0.0,4.0,0.5,4,False,False,False,False,1,0.0
official_newzealand,Liam,M,,143,liːəm,0.5,1.0,0.5,0.75,0.0,0.25,0.25,0.0,1.0,0.75,0.25,0.375,0.25,0.25,0.0,0.25,0.0,0.5,0.25,4.0,0.5,4,False,False,False,False,1,0.0
official_newzealand,Lily,F,,144,lɪli,0.5,1.0,0.5,1.0,0.0,0.5,0.0,0.0,1.0,0.75,0.5,0.25,0.0,0.5,0.0,0.0,0.0,0.5,0.0,4.0,0.5,4,False,False,False,False,0,0.0
official_newzealand,Luca,M,,207,luːkə,0.5,0.75,0.5,0.75,0.0,0.25,0.0,0.0,0.75,0.5,0.25,0.375,0.25,0.5,0.0,0.75,0.25,0.5,0.25,4.0,0.5,4,False,False,False,False,1,0.0
official_newzealand,Lucas,M,,146,luːkəz,0.4,0.6,0.6,0.8,0.0,0.2,0.0,0.2,0.8,0.6,0.4,0.3,0.2,0.4,0.0,0.6,0.2,0.5,0.2,5.0,0.4,5,False,False,False,False,1,0.0
official_newzealand,Lucy,F,,108,luːsi,0.5,0.75,0.5,1.0,0.0,0.25,0.0,0.25,0.75,0.75,0.5,0.25,0.25,0.5,0.0,0.25,0.25,0.75,0.25,4.0,0.5,4,False,False,False,False,0,0.0
official_newzealand,Luna,F,,92,luːnə,0.5,1.0,0.5,0.75,0.0,0.25,0.25,0.0,1.0,0.75,0.5,0.25,0.25,0.25,0.0,0.5,0.25,0.5,0.25,4.0,0.5,4,False,False,False,False,0,0.0
official_newzealand,Maeve,F,,98,meɪv,0.5,0.75,0.5,0.75,0.0,0.0,0.25,0.25,1.0,0.75,0.0,0.5,0.5,0.25,0.0,0.0,0.0,0.5,0.0,4.0,0.5,5,False,False,False,False,0,0.0
official_newzealand,Mason,M,,113,meɪsən,0.5,0.8333333333333334,0.5,0.6666666666666666,0.0,0.0,0.3333333333333333,0.1666666666666666,0.8333333333333334,0.75,0.3333333333333333,0.3333333333333333,0.1666666666666666,0.1666666666666666,0.0,0.1666666666666666,0.0,0.4166666666666667,0.0,6.0,0.5,5,False,False,False,False,1,0.0
official_newzealand,Matilda,F,,95,mɐtɪldə,0.4285714285714285,0.7142857142857143,0.5714285714285714,0.5714285714285714,0.0,0.1428571428571428,0.1428571428571428,0.0,0.8571428571428571,0.7857142857142857,0.4285714285714285,0.2857142857142857,0.1428571428571428,0.1428571428571428,0.0,0.1428571428571428,0.0,0.4285714285714285,0.0,7.0,0.4285714285714285,7,False,False,False,False,0,0.0
official_newzealand,Max,M,,110,maks,0.25,0.5,0.75,0.5,0.0,0.0,0.25,0.25,0.5,0.625,0.25,0.375,0.25,0.25,0.25,0.5,0.0,0.625,0.0,4.0,0.25,3,False,False,False,False,1,0.0
official_newzealand,Mia,F,,135,miə,0.6666666666666666,1.0,0.3333333333333333,0.6666666666666666,0.0,0.0,0.3333333333333333,0.0,1.0,0.6666666666666666,0.0,0.5,0.3333333333333333,0.3333333333333333,0.0,0.3333333333333333,0.0,0.5,0.0,3.0,0.6666666666666666,3,False,False,False,False,0,0.0
official_newzealand,Mila,F,,138,miːlə,0.5,1.0,0.5,0.75,0.0,0.25,0.25,0.0,1.0,0.75,0.25,0.375,0.25,0.25,0.0,0.25,0.0,0.5,0.25,4.0,0.5,4,False,False,False,False,0,0.0
official_newzealand,Millie,F,,119,mɪlɪ,0.5,1.0,0.5,0.75,0.0,0.25,0.25,0.0,1.0,0.75,0.25,0.375,0.25,0.5,0.0,0.0,0.0,0.25,0.0,4.0,0.5,6,False,False,False,False,0,0.0
official_newzealand,Noah,M,,267,nəʊʌ,0.75,1.0,0.25,0.75,0.0,0.0,0.25,0.0,1.0,0.625,0.25,0.375,0.0,0.25,0.0,0.75,0.25,0.375,0.0,4.0,0.75,4,False,False,False,False,1,0.0
official_newzealand,Oliver,M,,247,ɒlɪvə,0.6,0.8,0.4,1.0,0.0,0.2,0.0,0.2,1.0,0.7,0.2,0.4,0.2,0.2,0.2,0.4,0.2,0.4,0.0,5.0,0.6,6,False,False,False,False,1,0.0
official_newzealand,Olivia,F,,155,ɒlɪviə,0.6666666666666666,0.8333333333333334,0.3333333333333333,1.0,0.0,0.1666666666666666,0.0,0.1666666666666666,1.0,0.6666666666666666,0.1666666666666666,0.4166666666666667,0.1666666666666666,0.3333333333333333,0.1666666666666666,0.3333333333333333,0.1666666666666666,0.5,0.0,6.0,0.6666666666666666,6,False,False,False,False,0,0.0
official_newzealand,Oscar,M,,131,ɒskə,0.5,0.5,0.5,0.75,0.0,0.0,0.0,0.25,0.5,0.5,0.25,0.375,0.0,0.25,0.25,0.75,0.25,0.5,0.0,4.0,0.5,5,False,False,False,False,1,0.0
official_newzealand,Ruby,F,,122,ɹuːbi,0.5,0.75,0.25,0.75,0.0,0.0,0.0,0.0,1.0,0.75,0.25,0.375,0.5,0.75,0.0,0.25,0.5,0.75,0.25,4.0,0.5,4,False,False,False,False,0,0.0
official_newzealand,Sadie,F,,93,seɪdi,0.6,0.6,0.4,0.8,0.0,0.0,0.0,0.2,0.8,0.7,0.4,0.3,0.0,0.4,0.0,0.0,0.0,0.6,0.0,5.0,0.6,5,False,False,False,False,0,0.0
official_newzealand,Sophia,F,,93,səʊfiə,0.6666666666666666,0.6666666666666666,0.3333333333333333,1.0,0.0,0.0,0.0,0.3333333333333333,0.6666666666666666,0.6666666666666666,0.1666666666666666,0.4166666666666667,0.1666666666666666,0.3333333333333333,0.0,0.5,0.1666666666666666,0.3333333333333333,0.0,6.0,0.6666666666666666,6,False,False,False,False,0,0.0
official_newzealand,Sophie,F,,135,səʊfi,0.6,0.6,0.4,1.0,0.0,0.0,0.0,0.4,0.6,0.7,0.2,0.4,0.2,0.4,0.0,0.4,0.2,0.4,0.0,5.0,0.6,6,False,False,False,False,0,0.0
official_newzealand,Theo,M,,135,θiːəʊ,0.75,0.75,0.25,1.0,0.0,0.0,0.0,0.0,0.75,0.625,0.25,0.625,0.0,0.5,0.0,0.5,0.25,0.375,0.25,4.0,0.75,4,False,False,False,False,1,0.0
official_newzealand,Theodore,M,,186,θiːədɔː,0.6,0.6,0.4,0.8,0.0,0.0,0.0,0.0,0.8,0.7,0.4,0.5,0.0,0.2,0.0,0.4,0.2,0.4,0.4,5.0,0.6,8,False,False,False,False,1,0.0
official_newzealand,Thomas,M,,142,tɒməs,0.4,0.6,0.6,0.6,0.0,0.0,0.2,0.2,0.6,0.8,0.4,0.3,0.2,0.0,0.2,0.4,0.2,0.5,0.0,5.0,0.4,6,False,False,False,False,1,0.0
official_newzealand,William,M,,147,wɪliəm,0.5,1.0,0.3333333333333333,0.8333333333333334,0.0,0.1666666666666666,0.1666666666666666,0.0,1.0,0.5833333333333334,0.1666666666666666,0.4166666666666667,0.3333333333333333,0.5,0.0,0.3333333333333333,0.1666666666666666,0.4166666666666667,0.0,6.0,0.5,7,False,False,False,False,1,0.0
official_newzealand,Willow,F,,145,wɪləʊ,0.6,1.0,0.2,1.0,0.0,0.2,0.0,0.0,1.0,0.5,0.2,0.4,0.2,0.6,0.0,0.6,0.4,0.2,0.0,5.0,0.6,6,False,False,False,False,0,0.0
official_newzealand,Zoe,F,,100,zəʊi,0.75,0.75,0.25,1.0,0.0,0.0,0.0,0.25,1.0,0.625,0.25,0.375,0.0,0.5,0.0,0.5,0.25,0.375,0.0,4.0,0.75,3,False,False,False,False,0,0.0
official_newzealand_maori,Anahera,F,,201,anahera,0.5714285714285714,1.0,0.4285714285714285,0.8571428571428571,0.0714285714285714,0.0,0.1428571428571428,0.0,0.8571428571428571,0.5714285714285714,0.2857142857142857,0.3571428571428571,0.0,0.0714285714285714,0.5,0.5714285714285714,0.0,0.7857142857142857,0.0,7.0,0.5714285714285714,7,False,False,False,False,0,0.0
official_newzealand_maori,Ari,M,,62,ari,0.6666666666666666,1.0,0.3333333333333333,1.0,0.1666666666666666,0.0,0.0,0.0,1.0,0.6666666666666666,0.3333333333333333,0.3333333333333333,0.0,0.5,0.5,0.3333333333333333,0.0,0.8333333333333334,0.0,3.0,0.6666666666666666,3,False,False,False,False,1,0.0
official_newzealand_maori,Aria,F,,847,aria,0.75,1.0,0.25,1.0,0.125,0.0,0.0,0.0,1.0,0.625,0.25,0.375,0.0,0.375,0.625,0.5,0.0,0.875,0.0,4.0,0.75,4,False,False,False,False,0,0.0
official_newzealand_maori,Ariki,M,,369,ariki,0.6,0.8,0.4,0.8,0.1,0.0,0.0,0.0,0.8,0.5,0.2,0.4,0.0,0.7,0.3,0.4,0.0,0.8,0.0,5.0,0.6,5,False,False,False,False,1,0.0
official_newzealand_maori,Aroha,F,,507,arɔha,0.6,1.0,0.4,1.0,0.1,0.0,0.0,0.0,0.8,0.5,0.2,0.4,0.0,0.1,0.5,0.8,0.2,0.6,0.0,5.0,0.6,5,False,False,False,False,0,0.0
official_newzealand_maori,Atarangi,F,,81,ataraŋi,0.5714285714285714,0.8571428571428571,0.4285714285714285,0.7142857142857143,0.0714285714285714,0.0,0.1428571428571428,0.0,0.8571428571428571,0.5714285714285714,0.2857142857142857,0.3571428571428571,0.0,0.3571428571428571,0.5,0.5714285714285714,0.0,0.7857142857142857,0.0,7.0,0.5714285714285714,8,False,False,False,False,0,0.0
official_newzealand_maori,Aurora,F,,86,"au""rɔra",0.6666666666666666,1.0,0.3333333333333333,1.0,0.1666666666666666,0.0,0.0,0.0,1.0,0.6666666666666666,0.3333333333333333,0.3333333333333333,0.1666666666666666,0.3333333333333333,0.5,0.6666666666666666,0.3333333333333333,0.6666666666666666,0.0,6.0,0.6666666666666666,6,False,False,False,False,0,0.0
official_newzealand_maori,Kahurangi,M,,109,"kahu""raŋi",0.5,0.875,0.5,0.75,0.0625,0.0,0.125,0.0,0.75,0.375,0.125,0.4375,0.125,0.5625,0.3125,0.75,0.125,0.75,0.0,8.0,0.5,9,False,False,False,False,1,0.0
official_newzealand_maori,Kai,M,,62,kaɪ,0.6666666666666666,0.6666666666666666,0.3333333333333333,0.6666666666666666,0.0,0.0,0.0,0.0,0.6666666666666666,0.3333333333333333,0.0,0.5,0.0,0.6666666666666666,0.3333333333333333,0.6666666666666666,0.0,0.5,0.0,3.0,0.6666666666666666,3,False,False,False,False,1,0.0
official_newzealand_maori,Kaia,F,,84,kaɪa,0.75,0.75,0.25,0.75,0.0,0.0,0.0,0.0,0.75,0.375,0.0,0.5,0.0,0.5,0.5,0.75,0.0,0.625,0.0,4.0,0.75,4,False,False,False,False,0,0.0
official_newzealand_maori,Kiwa,M,,55,kiwa,0.5,0.75,0.25,0.75,0.0,0.0,0.0,0.0,0.75,0.25,0.0,0.5,0.25,0.75,0.25,0.75,0.25,0.75,0.0,4.0,0.5,4,False,False,False,False,1,0.0
official_newzealand_maori,Koa,M,,192,kɔa,0.6666666666666666,0.6666666666666666,0.3333333333333333,0.6666666666666666,0.0,0.0,0.0,0.0,0.6666666666666666,0.3333333333333333,0.0,0.5,0.0,0.3333333333333333,0.3333333333333333,1.0,0.3333333333333333,0.5,0.0,3.0,0.6666666666666666,3,False,False,False,False,1,0.0
official_newzealand_maori,Maia,F,,778,maɪa,0.75,1.0,0.25,0.75,0.0,0.0,0.25,0.0,1.0,0.625,0.0,0.5,0.25,0.25,0.5,0.5,0.0,0.625,0.0,4.0,0.75,4,False,False,False,False,0,0.0
official_newzealand_maori,Manaaki,M,,118,manaaki,0.5714285714285714,0.8571428571428571,0.4285714285714285,0.5714285714285714,0.0,0.0,0.2857142857142857,0.0,0.8571428571428571,0.5714285714285714,0.1428571428571428,0.4285714285714285,0.1428571428571428,0.2857142857142857,0.4285714285714285,0.5714285714285714,0.0,0.7857142857142857,0.0,7.0,0.5714285714285714,7,False,False,False,False,1,0.0
official_newzealand_maori,Manaia,F,,83,manaɪa,0.6666666666666666,1.0,0.3333333333333333,0.6666666666666666,0.0,0.0,0.3333333333333333,0.0,1.0,0.6666666666666666,0.1666666666666666,0.4166666666666667,0.1666666666666666,0.1666666666666666,0.5,0.5,0.0,0.6666666666666666,0.0,6.0,0.6666666666666666,6,False,False,False,False,0,0.0
official_newzealand_maori,Manaia,M,,131,manaɪa,0.6666666666666666,1.0,0.3333333333333333,0.6666666666666666,0.0,0.0,0.3333333333333333,0.0,1.0,0.6666666666666666,0.1666666666666666,0.4166666666666667,0.1666666666666666,0.1666666666666666,0.5,0.5,0.0,0.6666666666666666,0.0,6.0,0.6666666666666666,6,False,False,False,False,1,0.0
official_newzealand_maori,Mia,F,,877,mia,0.6666666666666666,1.0,0.3333333333333333,0.6666666666666666,0.0,0.0,0.3333333333333333,0.0,1.0,0.6666666666666666,0.0,0.5,0.3333333333333333,0.3333333333333333,0.3333333333333333,0.3333333333333333,0.0,0.8333333333333334,0.0,3.0,0.6666666666666666,3,False,False,False,False,0,0.0
official_newzealand_maori,Mikaere,M,,213,mikaɪre,0.5714285714285714,0.8571428571428571,0.4285714285714285,0.7142857142857143,0.0714285714285714,0.0,0.1428571428571428,0.0,0.8571428571428571,0.5714285714285714,0.1428571428571428,0.4285714285714285,0.1428571428571428,0.5,0.2142857142857142,0.2857142857142857,0.0,0.6428571428571429,0.0,7.0,0.5714285714285714,7,False,False,False,False,1,0.0
official_newzealand_maori,Moana,F,,174,mɔana,0.6,1.0,0.4,0.6,0.0,0.0,0.4,0.0,1.0,0.7,0.2,0.4,0.2,0.0,0.4,0.6,0.2,0.6,0.0,5.0,0.6,5,False,False,False,False,0,0.0
official_newzealand_maori,Nikau,M,,375,"nikau""",0.6,0.8,0.4,0.6,0.0,0.0,0.2,0.0,0.8,0.5,0.2,0.4,0.2,0.6,0.2,0.6,0.2,0.8,0.0,5.0,0.6,5,False,False,False,False,1,0.0
official_newzealand_maori,Rangi,M,,70,raŋi,0.5,1.0,0.5,0.75,0.125,0.0,0.25,0.0,1.0,0.5,0.25,0.375,0.0,0.625,0.375,0.5,0.0,0.75,0.0,4.0,0.5,5,False,False,False,False,1,0.0
official_newzealand_maori,Rawiri,M,,143,rawiri,0.5,1.0,0.3333333333333333,1.0,0.1666666666666666,0.0,0.0,0.0,1.0,0.5833333333333334,0.3333333333333333,0.3333333333333333,0.1666666666666666,0.6666666666666666,0.3333333333333333,0.3333333333333333,0.1666666666666666,0.75,0.0,6.0,0.5,6,False,False,False,False,1,0.0
official_newzealand_maori,Rāwiri,M,,80,raːwiri,0.5,1.0,0.3333333333333333,1.0,0.1666666666666666,0.0,0.0,0.0,1.0,0.5833333333333334,0.3333333333333333,0.3333333333333333,0.1666666666666666,0.6666666666666666,0.3333333333333333,0.3333333333333333,0.1666666666666666,0.75,0.1666666666666666,6.0,0.5,6,False,False,False,False,1,0.0
official_newzealand_maori,Wiremu,M,,271,"wiremu""",0.5,1.0,0.3333333333333333,0.8333333333333334,0.0833333333333333,0.0,0.1666666666666666,0.0,1.0,0.5833333333333334,0.1666666666666666,0.4166666666666667,0.5,0.5833333333333334,0.0833333333333333,0.3333333333333333,0.3333333333333333,0.75,0.0,6.0,0.5,6,False,False,False,False,1,0.0
official_north_macedonia,Ana,F,,118,anæ,0.6666666666666666,1.0,0.3333333333333333,0.6666666666666666,0.0,0.0,0.3333333333333333,0.0,1.0,0.6666666666666666,0.3333333333333333,0.3333333333333333,0.0,0.0,0.6666666666666666,0.3333333333333333,0.0,0.8333333333333334,0.0,3.0,0.6666666666666666,3,False,False,False,False,0,0.0
official_north_macedonia,Bisera,F,,85,biseræ,0.5,0.6666666666666666,0.5,0.8333333333333334,0.0833333333333333,0.0,0.0,0.1666666666666666,0.8333333333333334,0.75,0.3333333333333333,0.3333333333333333,0.1666666666666666,0.25,0.25,0.0,0.0,0.75,0.0,6.0,0.5,6,False,False,False,False,0,0.0
official_north_macedonia,Damjan,M,,157,damjæn,0.3333333333333333,0.8333333333333334,0.5,0.5,0.0,0.0,0.3333333333333333,0.0,1.0,0.6666666666666666,0.3333333333333333,0.3333333333333333,0.1666666666666666,0.1666666666666666,0.3333333333333333,0.1666666666666666,0.0,0.6666666666666666,0.0,6.0,0.3333333333333333,6,False,False,False,False,1,0.0
official_north_macedonia,David,M,,129,davɪd,0.4,0.4,0.6,0.6,0.0,0.0,0.0,0.2,1.0,0.8,0.4,0.3,0.2,0.2,0.2,0.2,0.0,0.5,0.0,5.0,0.4,5,False,False,False,False,1,0.0
official_north_macedonia,Dua,F,,123,duæ,0.6666666666666666,0.6666666666666666,0.3333333333333333,0.6666666666666666,0.0,0.0,0.0,0.0,1.0,0.6666666666666666,0.3333333333333333,0.3333333333333333,0.3333333333333333,0.3333333333333333,0.3333333333333333,0.3333333333333333,0.3333333333333333,0.8333333333333334,0.0,3.0,0.6666666666666666,3,False,False,False,False,0,0.0
official_north_macedonia,Hana,F,,145,hanæ,0.5,1.0,0.5,0.75,0.0,0.0,0.25,0.0,0.75,0.5,0.25,0.375,0.0,0.0,0.5,0.5,0.0,0.75,0.0,4.0,0.5,4,False,False,False,False,0,0.0
official_north_macedonia,Jakov,M,,133,jakof,0.4,0.6,0.4,0.8,0.0,0.0,0.0,0.2,0.6,0.4,0.0,0.5,0.2,0.4,0.2,0.6,0.2,0.7,0.0,5.0,0.4,5,False,False,False,False,1,0.0
official_north_macedonia,Jana,F,,142,janæ,0.5,1.0,0.25,0.75,0.0,0.0,0.25,0.0,1.0,0.5,0.25,0.375,0.0,0.25,0.5,0.25,0.0,0.75,0.0,4.0,0.5,4,False,False,False,False,0,0.0
official_north_macedonia,Jovan,M,,116,jovæn,0.4,0.8,0.4,0.8,0.0,0.0,0.2,0.2,1.0,0.6,0.2,0.4,0.2,0.2,0.2,0.2,0.2,0.7,0.0,5.0,0.4,5,False,False,False,False,1,0.0
official_north_macedonia,Jovana,F,,101,jovænæ,0.5,0.8333333333333334,0.3333333333333333,0.8333333333333334,0.0,0.0,0.1666666666666666,0.1666666666666666,1.0,0.5833333333333334,0.1666666666666666,0.4166666666666667,0.1666666666666666,0.1666666666666666,0.3333333333333333,0.1666666666666666,0.1666666666666666,0.75,0.0,6.0,0.5,6,False,False,False,False,0,0.0
official_north_macedonia,Luka,M,,181,lukæ,0.5,0.75,0.5,0.75,0.0,0.25,0.0,0.0,0.75,0.5,0.25,0.375,0.25,0.5,0.25,0.5,0.25,0.75,0.0,4.0,0.5,4,False,False,False,False,1,0.0
official_north_macedonia,Marko,M,,141,marko,0.4,0.8,0.6,0.6,0.1,0.0,0.2,0.0,0.8,0.6,0.2,0.4,0.2,0.3,0.3,0.6,0.2,0.7,0.0,5.0,0.4,5,False,False,False,False,1,0.0
official_north_macedonia,Matej,M,,147,matej,0.4,0.8,0.4,0.6,0.0,0.0,0.2,0.0,0.8,0.6,0.2,0.4,0.2,0.2,0.2,0.2,0.0,0.7,0.0,5.0,0.4,5,False,False,False,False,1,0.0
official_north_macedonia,Mateo,M,,108,mateo,0.6,0.8,0.4,0.6,0.0,0.0,0.2,0.0,0.8,0.7,0.2,0.4,0.2,0.0,0.2,0.4,0.2,0.8,0.0,5.0,0.6,5,False,False,False,False,1,0.0
official_north_macedonia,Mia,F,,97,miæ,0.6666666666666666,1.0,0.3333333333333333,0.6666666666666666,0.0,0.0,0.3333333333333333,0.0,1.0,0.6666666666666666,0.0,0.5,0.3333333333333333,0.3333333333333333,0.3333333333333333,0.0,0.0,0.8333333333333334,0.0,3.0,0.6666666666666666,3,False,False,False,False,0,0.0
official_north_macedonia,Mihail,M,,138,mihæɪl,0.5,1.0,0.5,0.8333333333333334,0.0,0.1666666666666666,0.1666666666666666,0.0,0.8333333333333334,0.5833333333333334,0.1666666666666666,0.4166666666666667,0.1666666666666666,0.3333333333333333,0.1666666666666666,0.1666666666666666,0.0,0.5833333333333334,0.0,6.0,0.5,6,False,False,False,False,1,0.0
official_north_macedonia,Mila,F,,97,milæ,0.5,1.0,0.5,0.75,0.0,0.25,0.25,0.0,1.0,0.75,0.25,0.375,0.25,0.25,0.25,0.0,0.0,0.75,0.0,4.0,0.5,4,False,False,False,False,0,0.0
official_north_macedonia,Petar,M,,110,petær,0.4,0.6,0.6,0.6,0.1,0.0,0.0,0.0,0.6,0.8,0.4,0.3,0.2,0.1,0.3,0.0,0.0,0.7,0.0,5.0,0.4,5,False,False,False,False,1,0.0
official_north_macedonia,Sara,F,,88,saræ,0.5,0.75,0.5,1.0,0.125,0.0,0.0,0.25,0.75,0.75,0.5,0.25,0.0,0.125,0.625,0.25,0.0,0.75,0.0,4.0,0.5,4,False,False,False,False,0,0.0
official_north_macedonia,Sofija,F,,141,sofɪjæ,0.5,0.6666666666666666,0.3333333333333333,1.0,0.0,0.0,0.0,0.3333333333333333,0.6666666666666666,0.5833333333333334,0.1666666666666666,0.4166666666666667,0.1666666666666666,0.3333333333333333,0.1666666666666666,0.1666666666666666,0.1666666666666666,0.5833333333333334,0.0,6.0,0.5,6,False,False,False,False,0,0.0
official_northern_ireland,Adam,M,,321,adəm,0.5,0.75,0.5,0.5,0.0,0.0,0.25,0.0,1.0,0.75,0.25,0.375,0.25,0.0,0.25,0.5,0.0,0.5,0.0,4.0,0.5,4,False,False,False,False,1,0.0
official_northern_ireland,Amy,F,,245,eɪmi,0.75,1.0,0.25,0.75,0.0,0.0,0.25,0.0,1.0,0.625,0.0,0.5,0.25,0.5,0.0,0.0,0.0,0.625,0.0,4.0,0.75,3,False,False,False,False,0,0.0
official_northern_ireland,Caitlin,F,,250,keɪtlɪn,0.4285714285714285,0.7142857142857143,0.5714285714285714,0.5714285714285714,0.0,0.1428571428571428,0.1428571428571428,0.0,0.7142857142857143,0.6428571428571429,0.4285714285714285,0.2857142857142857,0.0,0.4285714285714285,0.0,0.1428571428571428,0.0,0.4285714285714285,0.0,7.0,0.4285714285714285,7,False,False,False,False,0,0.0
official_northern_ireland,Chloe,F,,2021,kləʊi,0.6,0.8,0.4,0.8,0.0,0.2,0.0,0.0,0.8,0.5,0.2,0.4,0.0,0.6,0.0,0.6,0.2,0.4,0.0,5.0,0.6,5,False,False,False,False,0,0.0
official_northern_ireland,Conor,M,,312,kɒnə,0.5,0.75,0.5,0.5,0.0,0.0,0.25,0.0,0.75,0.5,0.25,0.375,0.0,0.25,0.25,0.75,0.25,0.5,0.0,4.0,0.5,5,False,False,False,False,1,0.0
official_northern_ireland,Emily,F,,261,ɛmɪli,0.6,1.0,0.4,0.8,0.0,0.2,0.2,0.0,1.0,0.7,0.2,0.4,0.2,0.4,0.0,0.0,0.0,0.4,0.0,5.0,0.6,5,False,False,False,False,0,0.0
official_northern_ireland,Emma,F,,1361,ɛmə,0.6666666666666666,1.0,0.3333333333333333,0.6666666666666666,0.0,0.0,0.3333333333333333,0.0,1.0,0.6666666666666666,0.0,0.5,0.3333333333333333,0.0,0.0,0.3333333333333333,0.0,0.1666666666666666,0.0,3.0,0.6666666666666666,4,False,False,False,False,0,0.0
official_northern_ireland,Jack,M,,4741,dʒak,0.25,0.25,0.75,0.5,0.0,0.0,0.0,0.25,0.75,0.375,0.5,0.5,0.0,0.25,0.25,0.5,0.0,0.625,0.0,4.0,0.25,4,False,False,False,False,1,0.0
official_northern_ireland,James,M,,1030,dʒeɪmz,0.3333333333333333,0.5,0.6666666666666666,0.6666666666666666,0.0,0.0,0.1666666666666666,0.3333333333333333,1.0,0.6666666666666666,0.5,0.4166666666666667,0.1666666666666666,0.1666666666666666,0.0,0.0,0.0,0.5,0.0,6.0,0.3333333333333333,5,False,False,False,False,1,0.0
official_northern_ireland,Katie,F,,1710,keɪti,0.6,0.6,0.4,0.6,0.0,0.0,0.0,0.0,0.6,0.5,0.2,0.4,0.0,0.6,0.0,0.2,0.0,0.6,0.0,5.0,0.6,5,False,False,False,False,0,0.0
official_northern_ireland,Lauren,F,,255,lɔːɹən,0.4,1.0,0.4,0.8,0.0,0.2,0.2,0.0,1.0,0.8,0.6,0.2,0.0,0.2,0.0,0.4,0.4,0.3,0.2,5.0,0.4,6,False,False,False,False,0,0.0
official_northern_ireland,Matthew,M,,2615,maθjuː,0.4,0.8,0.4,0.8,0.0,0.0,0.2,0.0,0.8,0.6,0.2,0.6,0.4,0.4,0.2,0.4,0.2,0.7,0.2,5.0,0.4,7,False,False,False,False,1,0.0
official_northern_ireland,Megan,F,,251,mɛɡən,0.4,0.8,0.6,0.4,0.0,0.0,0.4,0.0,1.0,0.6,0.2,0.4,0.2,0.2,0.0,0.4,0.0,0.3,0.0,5.0,0.4,5,False,False,False,False,0,0.0
official_northern_ireland,Rebecca,F,,819,ɹɪbɛkə,0.5,0.6666666666666666,0.3333333333333333,0.6666666666666666,0.0,0.0,0.0,0.0,0.8333333333333334,0.5833333333333334,0.1666666666666666,0.4166666666666667,0.1666666666666666,0.5,0.0,0.3333333333333333,0.1666666666666666,0.25,0.0,6.0,0.5,7,False,False,False,False,0,0.0
official_northern_ireland,Ryan,M,,1400,ɹaɪən,0.6,1.0,0.2,0.8,0.0,0.0,0.2,0.0,1.0,0.7,0.4,0.3,0.0,0.4,0.2,0.4,0.2,0.4,0.0,5.0,0.6,4,False,False,False,False,1,0.0
official_northern_ireland,Shannon,F,,313,ʃanən,0.4,0.8,0.6,0.6,0.0,0.0,0.4,0.2,0.8,0.6,0.6,0.4,0.0,0.0,0.2,0.4,0.0,0.5,0.0,5.0,0.4,7,False,False,False,False,0,0.0
official_northern_ireland,Sophie,F,,1030,səʊfi,0.6,0.6,0.4,1.0,0.0,0.0,0.0,0.4,0.6,0.7,0.2,0.4,0.2,0.4,0.0,0.4,0.2,0.4,0.0,5.0,0.6,6,False,False,False,False,0,0.0
official_norway,Ada,F,,1310,adɑ,0.6666666666666666,0.6666666666666666,0.3333333333333333,0.6666666666666666,0.1666666666666666,0.0,0.0,0.0,1.0,0.6666666666666666,0.3333333333333333,0.3333333333333333,0.0,0.0,0.6666666666666666,0.6666666666666666,0.0,0.8333333333333334,0.0,3.0,0.6666666666666666,3,False,False,False,False,0,0.0
official_norway,Adam,M,,983,adam,0.5,0.75,0.5,0.5,0.0,0.0,0.25,0.0,1.0,0.75,0.25,0.375,0.25,0.0,0.5,0.5,0.0,0.75,0.0,4.0,0.5,4,False,False,False,False,1,0.0
official_norway,Aksel,M,,1299,ɑksəl,0.4,0.6,0.6,0.8,0.1,0.2,0.0,0.2,0.6,0.6,0.4,0.3,0.0,0.2,0.2,0.6,0.0,0.5,0.0,5.0,0.4,5,False,False,False,False,1,0.0
official_norway,Alfred,M,,927,ɑlfrəd,0.3333333333333333,0.6666666666666666,0.6666666666666666,0.8333333333333334,0.1666666666666666,0.1666666666666666,0.0,0.1666666666666666,0.8333333333333334,0.8333333333333334,0.5,0.25,0.1666666666666666,0.0833333333333333,0.25,0.3333333333333333,0.0,0.5,0.0,6.0,0.3333333333333333,6,False,False,False,False,1,0.0
official_norway,Alma,F,,1202,ɑlmɑ,0.5,1.0,0.5,0.75,0.25,0.25,0.25,0.0,1.0,0.75,0.25,0.375,0.25,0.0,0.5,0.5,0.0,0.75,0.0,4.0,0.5,4,False,False,False,False,0,0.0
official_norway,Amalie,F,,1230,amaliːa,0.6666666666666666,1.0,0.3333333333333333,0.8333333333333334,0.0,0.1666666666666666,0.1666666666666666,0.0,1.0,0.6666666666666666,0.1666666666666666,0.4166666666666667,0.1666666666666666,0.1666666666666666,0.5,0.5,0.0,0.8333333333333334,0.1666666666666666,6.0,0.6666666666666666,6,False,False,False,False,0,0.0
official_norway,Anna,F,,1122,ɑnnɑ,0.5,1.0,0.5,0.5,0.25,0.0,0.5,0.0,1.0,0.75,0.5,0.25,0.0,0.0,0.5,0.5,0.0,0.75,0.0,4.0,0.5,4,False,False,False,False,0,0.0
official_norway,Astrid,F,,975,ɑstriːd,0.3333333333333333,0.5,0.6666666666666666,0.6666666666666666,0.1666666666666666,0.0,0.0,0.1666666666666666,0.6666666666666666,0.8333333333333334,0.6666666666666666,0.1666666666666666,0.0,0.25,0.25,0.1666666666666666,0.0,0.6666666666666666,0.1666666666666666,6.0,0.3333333333333333,6,False,False,False,False,0,0.0
official_norway,Aurora,F,,954,aʊruːrɑ,0.6666666666666666,1.0,0.3333333333333333,1.0,0.25,0.0,0.0,0.0,1.0,0.6666666666666666,0.3333333333333333,0.3333333333333333,0.1666666666666666,0.5,0.5,0.6666666666666666,0.3333333333333333,0.6666666666666666,0.1666666666666666,6.0,0.6666666666666666,6,False,False,False,False,0,0.0
official_norway,Benjamin,M,,1033,bənjamiːn,0.375,0.875,0.5,0.5,0.0,0.0,0.375,0.0,1.0,0.6875,0.25,0.375,0.25,0.25,0.125,0.25,0.0,0.5625,0.125,8.0,0.375,8,False,False,False,False,1,0.0
official_norway,Elias,M,,1411,eːliːas,0.6,0.8,0.4,1.0,0.0,0.2,0.0,0.2,0.8,0.7,0.4,0.3,0.0,0.2,0.2,0.2,0.0,0.8,0.4,5.0,0.6,5,False,False,False,False,1,0.0
official_norway,Ella,F,,1593,ɛllɑ,0.5,1.0,0.5,1.0,0.125,0.5,0.0,0.0,1.0,0.75,0.5,0.25,0.0,0.0,0.25,0.25,0.0,0.5,0.0,4.0,0.5,4,False,False,False,False,0,0.0
official_norway,Ellinor,F,,860,ɛlliːnuːr,0.4285714285714285,1.0,0.5714285714285714,0.8571428571428571,0.0714285714285714,0.2857142857142857,0.1428571428571428,0.0,1.0,0.7857142857142857,0.5714285714285714,0.2142857142857142,0.1428571428571428,0.3571428571428571,0.0714285714285714,0.1428571428571428,0.1428571428571428,0.5714285714285714,0.2857142857142857,7.0,0.4285714285714285,7,False,False,False,False,0,0.0
official_norway,Emil,M,,1857,eːmiːl,0.5,1.0,0.5,0.75,0.0,0.25,0.25,0.0,1.0,0.75,0.25,0.375,0.25,0.25,0.0,0.0,0.0,0.75,0.5,4.0,0.5,4,False,False,False,False,1,0.0
official_norway,Emilie,F,,1366,eːmiːliːa,0.6666666666666666,1.0,0.3333333333333333,0.8333333333333334,0.0,0.1666666666666666,0.1666666666666666,0.0,1.0,0.6666666666666666,0.1666666666666666,0.4166666666666667,0.1666666666666666,0.3333333333333333,0.1666666666666666,0.1666666666666666,0.0,0.8333333333333334,0.5,6.0,0.6666666666666666,6,False,False,False,False,0,0.0
official_norway,Emma,F,,1922,ɛmmɑ,0.5,1.0,0.5,0.5,0.125,0.0,0.5,0.0,1.0,0.75,0.0,0.5,0.5,0.0,0.25,0.25,0.0,0.5,0.0,4.0,0.5,4,False,False,False,False,0,0.0
official_norway,Eva,F,,978,eːvɑ,0.6666666666666666,0.6666666666666666,0.3333333333333333,1.0,0.1666666666666666,0.0,0.0,0.3333333333333333,1.0,0.6666666666666666,0.0,0.5,0.3333333333333333,0.0,0.3333333333333333,0.3333333333333333,0.0,0.8333333333333334,0.3333333333333333,3.0,0.6666666666666666,3,False,False,False,False,0,0.0
official_norway,Filip,M,,1093,fiːliːp,0.4,0.6,0.6,0.8,0.0,0.2,0.0,0.2,0.6,0.8,0.2,0.4,0.4,0.4,0.0,0.0,0.0,0.7,0.4,5.0,0.4,5,False,False,False,False,1,0.0
official_norway,Frida,F,,1345,friːdɑ,0.4,0.6,0.6,0.8,0.2,0.0,0.0,0.2,0.8,0.8,0.4,0.3,0.2,0.3,0.3,0.2,0.0,0.7,0.2,5.0,0.4,5,False,False,False,False,0,0.0
official_norway,Hedda,F,,1169,hɛdːɑ,0.5,0.75,0.5,0.75,0.125,0.0,0.0,0.0,0.75,0.5,0.25,0.375,0.0,0.0,0.25,0.5,0.0,0.5,0.25,4.0,0.5,5,False,False,False,False,0,0.0
official_norway,Henrik,M,,1480,hɛnriːk,0.3333333333333333,0.8333333333333334,0.6666666666666666,0.6666666666666666,0.0833333333333333,0.0,0.1666666666666666,0.0,0.6666666666666666,0.5,0.3333333333333333,0.3333333333333333,0.0,0.4166666666666667,0.0833333333333333,0.3333333333333333,0.0,0.5,0.1666666666666666,6.0,0.3333333333333333,6,False,False,False,False,1,0.0
official_norway,Herman,M,,879,harman,0.3333333333333333,1.0,0.6666666666666666,0.6666666666666666,0.0833333333333333,0.0,0.3333333333333333,0.0,0.8333333333333334,0.6666666666666666,0.3333333333333333,0.3333333333333333,0.1666666666666666,0.0833333333333333,0.4166666666666667,0.5,0.0,0.6666666666666666,0.0,6.0,0.3333333333333333,6,False,False,False,False,1,0.0
official_norway,Håkon,M,,911,hoːkuːn,0.4,0.8,0.6,0.6,0.0,0.0,0.2,0.0,0.6,0.4,0.2,0.4,0.2,0.4,0.0,0.8,0.4,0.7,0.4,5.0,0.4,5,False,False,False,False,1,0.0
official_norway,Iben,F,,972,iːbən,0.5,0.75,0.5,0.5,0.0,0.0,0.25,0.0,1.0,0.75,0.25,0.375,0.25,0.25,0.0,0.25,0.0,0.5,0.25,4.0,0.5,4,False,False,False,False,0,0.0
official_norway,Ida,F,,946,iːdɑ,0.6666666666666666,0.6666666666666666,0.3333333333333333,0.6666666666666666,0.1666666666666666,0.0,0.0,0.0,1.0,0.6666666666666666,0.3333333333333333,0.3333333333333333,0.0,0.3333333333333333,0.3333333333333333,0.3333333333333333,0.0,0.8333333333333334,0.3333333333333333,3.0,0.6666666666666666,3,False,False,False,False,0,0.0
official_norway,Ingrid,F,,1312,ɪŋriːd,0.4,0.8,0.6,0.6,0.1,0.0,0.2,0.0,1.0,0.6,0.4,0.3,0.0,0.7,0.1,0.2,0.0,0.5,0.2,5.0,0.4,6,False,False,False,False,0,0.0
official_norway,Isak,M,,1396,iːsak,0.5,0.5,0.5,0.75,0.0,0.0,0.0,0.25,0.5,0.5,0.25,0.375,0.0,0.5,0.25,0.5,0.0,0.75,0.25,4.0,0.5,4,False,False,False,False,1,0.0
official_norway,Jakob,M,,1292,jakuːb,0.4,0.6,0.4,0.6,0.0,0.0,0.0,0.0,0.8,0.4,0.0,0.5,0.4,0.6,0.2,0.6,0.2,0.7,0.2,5.0,0.4,5,False,False,False,False,1,0.0
official_norway,Jenny,F,,939,jɛnnyː,0.4,1.0,0.4,0.6,0.0,0.0,0.4,0.0,1.0,0.6,0.4,0.3,0.2,0.4,0.0,0.0,0.2,0.5,0.2,5.0,0.4,5,False,False,False,False,0,0.0
official_norway,Johannes,M,,1287,juːhɑnnəs,0.375,0.875,0.5,0.75,0.0625,0.0,0.25,0.125,0.75,0.5625,0.375,0.3125,0.125,0.25,0.125,0.5,0.125,0.5625,0.125,8.0,0.375,8,False,False,False,False,1,0.0
official_norway,Jonas,M,,1054,juːnas,0.4,0.8,0.4,0.8,0.0,0.0,0.2,0.2,0.8,0.6,0.4,0.3,0.2,0.4,0.2,0.4,0.2,0.7,0.2,5.0,0.4,5,False,False,False,False,1,0.0
official_norway,Kasper,M,,889,kɑspər,0.3333333333333333,0.5,0.6666666666666666,0.6666666666666666,0.1666666666666666,0.0,0.0,0.1666666666666666,0.5,0.6666666666666666,0.3333333333333333,0.3333333333333333,0.1666666666666666,0.25,0.25,0.5,0.0,0.5,0.0,6.0,0.3333333333333333,6,False,False,False,False,1,0.0
official_norway,Leah,F,,1015,leːah,0.5,1.0,0.5,1.0,0.0,0.25,0.0,0.0,0.75,0.5,0.25,0.375,0.0,0.0,0.25,0.5,0.0,0.75,0.25,4.0,0.5,4,False,False,False,False,0,0.0
official_norway,Liam,M,,1416,liːam,0.5,1.0,0.5,0.75,0.0,0.25,0.25,0.0,1.0,0.75,0.25,0.375,0.25,0.25,0.25,0.25,0.0,0.75,0.25,4.0,0.5,4,False,False,False,False,1,0.0
official_norway,Lucas,M,,982,lʉːkas,0.4,0.6,0.6,0.8,0.1,0.2,0.0,0.2,0.6,0.6,0.4,0.3,0.2,0.4,0.2,0.6,0.2,0.7,0.2,5.0,0.4,5,False,False,False,False,1,0.0
official_norway,Lukas,M,,885,lʉːkas,0.4,0.6,0.6,0.8,0.1,0.2,0.0,0.2,0.6,0.6,0.4,0.3,0.2,0.4,0.2,0.6,0.2,0.7,0.2,5.0,0.4,5,False,False,False,False,1,0.0
official_norway,Magnus,M,,1354,mɑŋnʉːs,0.3333333333333333,0.8333333333333334,0.6666666666666666,0.5,0.1666666666666666,0.0,0.5,0.1666666666666666,0.8333333333333334,0.6666666666666666,0.3333333333333333,0.3333333333333333,0.3333333333333333,0.3333333333333333,0.1666666666666666,0.5,0.1666666666666666,0.6666666666666666,0.1666666666666666,6.0,0.3333333333333333,6,False,False,False,False,1,0.0
official_norway,Maja,F,,885,majɑ,0.5,1.0,0.25,0.75,0.125,0.0,0.25,0.0,1.0,0.5,0.0,0.5,0.25,0.25,0.5,0.5,0.0,0.75,0.0,4.0,0.5,4,False,False,False,False,0,0.0
official_norway,Matheo,M,,1092,mɑtheːuː,0.5,0.8333333333333334,0.5,0.6666666666666666,0.0833333333333333,0.0,0.1666666666666666,0.0,0.6666666666666666,0.5833333333333334,0.1666666666666666,0.4166666666666667,0.3333333333333333,0.1666666666666666,0.1666666666666666,0.5,0.1666666666666666,0.75,0.3333333333333333,6.0,0.5,6,False,False,False,False,1,0.0
official_norway,Mathias,M,,1111,mɑthiːas,0.4285714285714285,0.7142857142857143,0.5714285714285714,0.7142857142857143,0.0714285714285714,0.0,0.1428571428571428,0.1428571428571428,0.5714285714285714,0.6428571428571429,0.2857142857142857,0.3571428571428571,0.1428571428571428,0.1428571428571428,0.2857142857142857,0.4285714285714285,0.0,0.7142857142857143,0.1428571428571428,7.0,0.4285714285714285,7,False,False,False,False,1,0.0
official_norway,Mia,F,,1088,miːɑ,0.6666666666666666,1.0,0.3333333333333333,0.6666666666666666,0.1666666666666666,0.0,0.3333333333333333,0.0,1.0,0.6666666666666666,0.0,0.5,0.3333333333333333,0.3333333333333333,0.3333333333333333,0.3333333333333333,0.0,0.8333333333333334,0.3333333333333333,3.0,0.6666666666666666,3,False,False,False,False,0,0.0
official_norway,Noah,M,,1764,nuːah,0.5,1.0,0.5,0.75,0.0,0.0,0.25,0.0,0.75,0.5,0.25,0.375,0.25,0.25,0.25,0.75,0.25,0.75,0.25,4.0,0.5,4,False,False,False,False,1,0.0
official_norway,Nora,F,,1868,nuːrɑ,0.5,1.0,0.5,0.75,0.25,0.0,0.25,0.0,1.0,0.75,0.5,0.25,0.25,0.375,0.375,0.5,0.25,0.75,0.25,4.0,0.5,4,False,False,False,False,0,0.0
official_norway,Olav,M,,1189,uːlav,0.5,0.75,0.5,1.0,0.0,0.25,0.0,0.25,1.0,0.75,0.25,0.375,0.5,0.25,0.25,0.5,0.25,0.75,0.25,4.0,0.5,4,False,False,False,False,1,0.0
official_norway,Oliver,M,,1865,uːliːvər,0.5,0.8333333333333334,0.5,1.0,0.0833333333333333,0.1666666666666666,0.0,0.1666666666666666,1.0,0.75,0.3333333333333333,0.3333333333333333,0.3333333333333333,0.4166666666666667,0.0833333333333333,0.3333333333333333,0.1666666666666666,0.5833333333333334,0.3333333333333333,6.0,0.5,6,False,False,False,False,1,0.0
official_norway,Olivia,F,,1610,uːliːviːɑ,0.6666666666666666,0.8333333333333334,0.3333333333333333,1.0,0.0833333333333333,0.1666666666666666,0.0,0.1666666666666666,1.0,0.6666666666666666,0.1666666666666666,0.4166666666666667,0.3333333333333333,0.5,0.1666666666666666,0.3333333333333333,0.1666666666666666,0.8333333333333334,0.5,6.0,0.6666666666666666,6,False,False,False,False,0,0.0
official_norway,Oskar,M,,1059,ɔskar,0.4,0.6,0.6,0.8,0.1,0.0,0.0,0.2,0.6,0.6,0.4,0.3,0.0,0.3,0.3,0.6,0.2,0.5,0.0,5.0,0.4,5,False,False,False,False,1,0.0
official_norway,Sander,M,,1153,sɑnnər,0.3333333333333333,0.8333333333333334,0.6666666666666666,0.6666666666666666,0.1666666666666666,0.0,0.3333333333333333,0.1666666666666666,0.8333333333333334,0.8333333333333334,0.6666666666666666,0.1666666666666666,0.0,0.0833333333333333,0.25,0.3333333333333333,0.0,0.5,0.0,6.0,0.3333333333333333,6,False,False,False,False,1,0.0
official_norway,Sara,F,,972,sarɑ,0.5,0.75,0.5,1.0,0.25,0.0,0.0,0.25,0.75,0.75,0.5,0.25,0.0,0.125,0.625,0.5,0.0,0.75,0.0,4.0,0.5,4,False,False,False,False,0,0.0
official_norway,Selma,F,,1114,sɛlmɑ,0.4,0.8,0.6,0.8,0.1,0.2,0.2,0.2,0.8,0.8,0.4,0.3,0.2,0.0,0.2,0.2,0.0,0.5,0.0,5.0,0.4,5,False,False,False,False,0,0.0
official_norway,Sofia,F,,1089,suːfiːɑ,0.6,0.6,0.4,1.0,0.1,0.0,0.0,0.4,0.6,0.7,0.2,0.4,0.4,0.4,0.2,0.4,0.2,0.8,0.4,5.0,0.6,5,False,False,False,False,0,0.0
official_norway,Sofie,F,,1395,suːfiːa,0.6,0.6,0.4,1.0,0.0,0.0,0.0,0.4,0.6,0.7,0.2,0.4,0.4,0.4,0.2,0.4,0.2,0.8,0.4,5.0,0.6,5,False,False,False,False,0,0.0
official_norway,Thea,F,,912,theːɑ,0.5,0.75,0.5,0.75,0.125,0.0,0.0,0.0,0.5,0.5,0.25,0.375,0.0,0.0,0.25,0.5,0.0,0.75,0.25,4.0,0.5,4,False,False,False,False,0,0.0
official_norway,Theodor,M,,1191,theːuːduːr,0.4285714285714285,0.7142857142857143,0.5714285714285714,0.7142857142857143,0.0714285714285714,0.0,0.0,0.0,0.7142857142857143,0.6428571428571429,0.4285714285714285,0.2857142857142857,0.2857142857142857,0.3571428571428571,0.0714285714285714,0.4285714285714285,0.2857142857142857,0.7142857142857143,0.4285714285714285,7.0,0.4285714285714285,7,False,False,False,False,1,0.0
official_norway,Tiril,F,,1132,tiːriːl,0.4,0.8,0.6,0.8,0.1,0.2,0.0,0.0,0.8,0.8,0.6,0.2,0.0,0.5,0.1,0.0,0.0,0.7,0.4,5.0,0.4,5,False,False,False,False,0,0.0
official_norway,Tobias,M,,1260,tuːbiːas,0.5,0.5,0.5,0.6666666666666666,0.0,0.0,0.0,0.1666666666666666,0.6666666666666666,0.75,0.3333333333333333,0.3333333333333333,0.3333333333333333,0.3333333333333333,0.1666666666666666,0.3333333333333333,0.1666666666666666,0.75,0.3333333333333333,6.0,0.5,6,False,False,False,False,1,0.0
official_norway,Tuva,F,,826,tʉːvɑ,0.5,0.5,0.5,0.75,0.25,0.0,0.0,0.25,0.75,0.75,0.25,0.375,0.5,0.25,0.25,0.5,0.25,0.75,0.25,4.0,0.5,4,False,False,False,False,0,0.0
official_norway,Ulrik,M,,971,ʉlriːk,0.4,0.8,0.6,0.8,0.2,0.2,0.0,0.0,0.8,0.6,0.4,0.3,0.2,0.7,0.1,0.4,0.2,0.7,0.2,5.0,0.4,5,False,False,False,False,1,0.0
official_norway,Vilde,F,,995,vɪlla,0.4,0.8,0.6,1.0,0.0,0.4,0.0,0.2,1.0,0.8,0.4,0.3,0.2,0.2,0.2,0.2,0.0,0.5,0.0,5.0,0.4,5,False,False,False,False,0,0.0
official_norway,William,M,,1612,vɪlliːam,0.4285714285714285,0.8571428571428571,0.5714285714285714,0.8571428571428571,0.0,0.2857142857142857,0.1428571428571428,0.1428571428571428,1.0,0.7857142857142857,0.2857142857142857,0.3571428571428571,0.2857142857142857,0.2857142857142857,0.1428571428571428,0.1428571428571428,0.0,0.5714285714285714,0.1428571428571428,7.0,0.4285714285714285,7,False,False,False,False,1,0.0
official_paraguay,Antonio,M,,134141,antonjo,0.4285714285714285,0.8571428571428571,0.4285714285714285,0.5714285714285714,0.0,0.0,0.2857142857142857,0.0,0.8571428571428571,0.6428571428571429,0.4285714285714285,0.2857142857142857,0.0,0.1428571428571428,0.1428571428571428,0.4285714285714285,0.2857142857142857,0.7142857142857143,0.0,7.0,0.4285714285714285,7,False,False,False,False,1,0.0
official_paraguay,Beatriz,F,,108536,beatɾiθ,0.4285714285714285,0.5714285714285714,0.5714285714285714,0.7142857142857143,0.0714285714285714,0.0,0.0,0.0,0.7142857142857143,0.7857142857142857,0.4285714285714285,0.4285714285714285,0.1428571428571428,0.2142857142857142,0.2142857142857142,0.1428571428571428,0.0,0.7142857142857143,0.0,7.0,0.4285714285714285,7,False,False,False,False,0,0.0
official_paraguay,Carlos,M,,132636,kaɾlos,0.3333333333333333,0.6666666666666666,0.6666666666666666,0.8333333333333334,0.0833333333333333,0.1666666666666666,0.0,0.1666666666666666,0.6666666666666666,0.6666666666666666,0.5,0.25,0.0,0.25,0.25,0.5,0.1666666666666666,0.6666666666666666,0.0,6.0,0.3333333333333333,6,False,False,False,False,1,0.0
official_paraguay,Carolina,F,,63240,kaɾolina,0.5,0.875,0.5,0.75,0.0625,0.125,0.125,0.0,0.875,0.625,0.375,0.3125,0.0,0.3125,0.3125,0.5,0.125,0.75,0.0,8.0,0.5,8,False,False,False,False,0,0.0
official_paraguay,Cesar,M,,86154,θesaɾ,0.4,0.6,0.6,1.0,0.1,0.0,0.0,0.2,0.6,0.8,0.6,0.4,0.0,0.1,0.3,0.2,0.0,0.7,0.0,5.0,0.4,5,False,False,False,False,1,0.0
official_paraguay,Concepcion,F,,65423,konθepθjon,0.3,0.6,0.6,0.6,0.0,0.0,0.2,0.0,0.6,0.65,0.4,0.5,0.1,0.2,0.0,0.3,0.2,0.65,0.0,10.0,0.3,10,False,False,False,False,0,0.0
official_paraguay,Daniel,M,,128727,danjel,0.3333333333333333,0.8333333333333334,0.5,0.6666666666666666,0.0,0.1666666666666666,0.1666666666666666,0.0,1.0,0.6666666666666666,0.5,0.25,0.0,0.1666666666666666,0.1666666666666666,0.1666666666666666,0.0,0.6666666666666666,0.0,6.0,0.3333333333333333,6,False,False,False,False,1,0.0
official_paraguay,David,M,,100288,daβid,0.4,0.4,0.6,0.6,0.0,0.0,0.0,0.0,1.0,0.8,0.4,0.3,0.2,0.2,0.2,0.2,0.0,0.7,0.0,5.0,0.4,5,False,False,False,False,1,0.0
official_paraguay,Elizabeth,F,,117958,eliθaβet,0.5,0.625,0.5,0.875,0.0,0.125,0.0,0.0,0.75,0.75,0.375,0.4375,0.125,0.125,0.125,0.125,0.0,0.75,0.0,8.0,0.5,9,False,False,False,False,0,0.0
official_paraguay,Javier,M,,100679,xaβjeɾ,0.3333333333333333,0.6666666666666666,0.5,1.0,0.0833333333333333,0.0,0.0,0.0,0.8333333333333334,0.5,0.1666666666666666,0.4166666666666667,0.1666666666666666,0.4166666666666667,0.25,0.3333333333333333,0.0,0.6666666666666666,0.0,6.0,0.3333333333333333,6,False,False,False,False,1,0.0
official_paraguay,Jose,M,,159821,xose,0.5,0.5,0.5,1.0,0.0,0.0,0.0,0.25,0.5,0.5,0.25,0.375,0.0,0.25,0.0,0.5,0.25,0.75,0.0,4.0,0.5,4,False,False,False,False,1,0.0
official_paraguay,Juan,M,,186998,xwan,0.25,0.75,0.5,0.75,0.0,0.0,0.25,0.0,0.75,0.375,0.25,0.375,0.25,0.5,0.25,0.75,0.25,0.625,0.0,4.0,0.25,4,False,False,False,False,1,0.0
official_paraguay,Liz,F,,76644,liθ,0.3333333333333333,0.6666666666666666,0.6666666666666666,1.0,0.0,0.3333333333333333,0.0,0.0,0.6666666666666666,0.8333333333333334,0.6666666666666666,0.5,0.0,0.3333333333333333,0.0,0.0,0.0,0.6666666666666666,0.0,3.0,0.3333333333333333,3,False,False,False,False,0,0.0
official_paraguay,Luis,M,,117840,luis,0.5,0.75,0.5,1.0,0.0,0.25,0.0,0.25,0.75,0.75,0.5,0.25,0.25,0.5,0.0,0.25,0.25,0.75,0.0,4.0,0.5,4,False,False,False,False,1,0.0
official_paraguay,Mabel,F,,56315,maβel,0.4,0.8,0.6,0.8,0.0,0.2,0.2,0.0,1.0,0.8,0.2,0.4,0.4,0.0,0.2,0.2,0.0,0.7,0.0,5.0,0.4,5,False,False,False,False,0,0.0
official_paraguay,Maria,F,,461394,maɾja,0.4,1.0,0.4,0.8,0.1,0.0,0.2,0.0,1.0,0.6,0.2,0.4,0.2,0.3,0.5,0.4,0.0,0.7,0.0,5.0,0.4,5,False,False,False,False,0,0.0
official_paraguay,Noemi,F,,55027,noemi,0.6,1.0,0.4,0.6,0.0,0.0,0.4,0.0,1.0,0.7,0.2,0.4,0.2,0.2,0.0,0.2,0.2,0.8,0.0,5.0,0.6,5,False,False,False,False,0,0.0
official_paraguay,Ramon,M,,221109,ramon,0.4,1.0,0.6,0.6,0.1,0.0,0.4,0.0,1.0,0.8,0.4,0.3,0.2,0.1,0.3,0.4,0.2,0.7,0.0,5.0,0.4,5,False,False,False,False,1,0.0
official_paraguay,Ramona,F,,82348,ramona,0.5,1.0,0.5,0.6666666666666666,0.0833333333333333,0.0,0.3333333333333333,0.0,1.0,0.75,0.3333333333333333,0.3333333333333333,0.1666666666666666,0.0833333333333333,0.4166666666666667,0.5,0.1666666666666666,0.75,0.0,6.0,0.5,6,False,False,False,False,0,0.0
official_paraguay,Raquel,F,,55309,rakel,0.4,0.8,0.6,0.8,0.1,0.2,0.0,0.0,0.8,0.6,0.4,0.3,0.0,0.3,0.3,0.4,0.0,0.7,0.0,5.0,0.4,6,False,False,False,False,0,0.0
official_philippines,Althea,F,,3262,ɔːlθiə,0.6,0.8,0.4,1.0,0.0,0.2,0.0,0.0,0.8,0.7,0.4,0.5,0.0,0.2,0.0,0.4,0.2,0.4,0.2,5.0,0.6,6,False,False,False,False,0,0.0
official_philippines,Angel,F,,2433,eɪndʒəl,0.4285714285714285,0.7142857142857143,0.5714285714285714,0.7142857142857143,0.0,0.1428571428571428,0.1428571428571428,0.1428571428571428,1.0,0.6428571428571429,0.5714285714285714,0.3571428571428571,0.0,0.1428571428571428,0.0,0.1428571428571428,0.0,0.4285714285714285,0.0,7.0,0.4285714285714285,5,False,False,False,False,0,0.0
official_philippines,Ayesha,F,,1872,aɪɛʃə,0.8,0.8,0.2,1.0,0.0,0.0,0.0,0.2,0.8,0.4,0.2,0.6,0.0,0.2,0.2,0.4,0.0,0.3,0.0,5.0,0.8,6,False,False,False,False,0,0.0
official_philippines,Chloe,F,,1961,kləʊi,0.6,0.8,0.4,0.8,0.0,0.2,0.0,0.0,0.8,0.5,0.2,0.4,0.0,0.6,0.0,0.6,0.2,0.4,0.0,5.0,0.6,5,False,False,False,False,0,0.0
official_philippines,Ethan,M,,2750,iːθən,0.5,0.75,0.5,0.75,0.0,0.0,0.25,0.0,0.75,0.75,0.5,0.5,0.0,0.25,0.0,0.25,0.0,0.5,0.25,4.0,0.5,5,False,False,False,False,1,0.0
official_philippines,Ezekiel,M,,3178,ɪziːkiːəl,0.5714285714285714,0.7142857142857143,0.4285714285714285,0.8571428571428571,0.0,0.1428571428571428,0.0,0.1428571428571428,0.8571428571428571,0.5714285714285714,0.2857142857142857,0.3571428571428571,0.0,0.5714285714285714,0.0,0.2857142857142857,0.0,0.5,0.2857142857142857,7.0,0.5714285714285714,7,False,False,False,False,1,0.0
official_philippines,Gabriel,M,,3201,ɡabɹiːəl,0.4285714285714285,0.7142857142857143,0.4285714285714285,0.7142857142857143,0.0,0.1428571428571428,0.0,0.0,1.0,0.6428571428571429,0.2857142857142857,0.3571428571428571,0.1428571428571428,0.4285714285714285,0.1428571428571428,0.4285714285714285,0.1428571428571428,0.5714285714285714,0.1428571428571428,7.0,0.4285714285714285,7,False,False,False,False,1,0.0
official_philippines,Jacob,M,,3054,dʒeɪkəb,0.4285714285714285,0.4285714285714285,0.5714285714285714,0.5714285714285714,0.0,0.0,0.0,0.1428571428571428,0.8571428571428571,0.5,0.2857142857142857,0.5,0.1428571428571428,0.2857142857142857,0.0,0.2857142857142857,0.0,0.4285714285714285,0.0,7.0,0.4285714285714285,5,False,False,False,False,1,0.0
official_philippines,Jasmine,F,,853,dʒazmɪn,0.2857142857142857,0.5714285714285714,0.7142857142857143,0.5714285714285714,0.0,0.0,0.2857142857142857,0.2857142857142857,1.0,0.7142857142857143,0.5714285714285714,0.3571428571428571,0.1428571428571428,0.1428571428571428,0.1428571428571428,0.1428571428571428,0.0,0.5,0.0,7.0,0.2857142857142857,7,False,False,False,False,0,0.0
official_philippines,Jayden,M,,3039,dʒeɪdən,0.4285714285714285,0.5714285714285714,0.5714285714285714,0.5714285714285714,0.0,0.0,0.1428571428571428,0.1428571428571428,1.0,0.6428571428571429,0.5714285714285714,0.3571428571428571,0.0,0.1428571428571428,0.0,0.1428571428571428,0.0,0.4285714285714285,0.0,7.0,0.4285714285714285,6,False,False,False,False,1,0.0
official_philippines,Liam,M,,2815,liːəm,0.5,1.0,0.5,0.75,0.0,0.25,0.25,0.0,1.0,0.75,0.25,0.375,0.25,0.25,0.0,0.25,0.0,0.5,0.25,4.0,0.5,4,False,False,False,False,1,0.0
official_philippines,Matthew,M,,2707,maθjuː,0.4,0.8,0.4,0.8,0.0,0.0,0.2,0.0,0.8,0.6,0.2,0.6,0.4,0.4,0.2,0.4,0.2,0.7,0.2,5.0,0.4,7,False,False,False,False,1,0.0
official_philippines,Nathalie,F,,1899,natəli,0.5,0.8333333333333334,0.5,0.6666666666666666,0.0,0.1666666666666666,0.1666666666666666,0.0,0.8333333333333334,0.75,0.5,0.25,0.0,0.1666666666666666,0.1666666666666666,0.3333333333333333,0.0,0.5833333333333334,0.0,6.0,0.5,8,False,False,False,False,0,0.0
official_philippines,Nathan,M,,2623,neɪθən,0.5,0.8333333333333334,0.5,0.6666666666666666,0.0,0.0,0.3333333333333333,0.0,0.8333333333333334,0.75,0.5,0.4166666666666667,0.0,0.1666666666666666,0.0,0.1666666666666666,0.0,0.4166666666666667,0.0,6.0,0.5,6,False,False,False,False,1,0.0
official_philippines,Nathaniel,M,,3714,nɐθanjəl,0.375,0.875,0.5,0.75,0.0,0.125,0.25,0.0,0.875,0.6875,0.5,0.375,0.0,0.125,0.125,0.25,0.0,0.5625,0.0,8.0,0.375,9,False,False,False,False,1,0.0
official_philippines,Noah,M,,1235,nəʊʌ,0.75,1.0,0.25,0.75,0.0,0.0,0.25,0.0,1.0,0.625,0.25,0.375,0.0,0.25,0.0,0.75,0.25,0.375,0.0,4.0,0.75,4,False,False,False,False,1,0.0
official_philippines,Princess,F,,1850,pɹɪnsɛs,0.2857142857142857,0.5714285714285714,0.5714285714285714,0.7142857142857143,0.0,0.0,0.1428571428571428,0.2857142857142857,0.5714285714285714,0.8571428571428571,0.5714285714285714,0.2142857142857142,0.1428571428571428,0.2857142857142857,0.0,0.0,0.1428571428571428,0.3571428571428571,0.0,7.0,0.2857142857142857,8,False,False,False,False,0,0.0
official_philippines,Samantha,F,,2109,sɐmanθə,0.4285714285714285,0.7142857142857143,0.5714285714285714,0.7142857142857143,0.0,0.0,0.2857142857142857,0.1428571428571428,0.7142857142857143,0.7857142857142857,0.4285714285714285,0.4285714285714285,0.1428571428571428,0.0,0.1428571428571428,0.2857142857142857,0.0,0.5714285714285714,0.0,7.0,0.4285714285714285,8,False,False,False,False,0,0.0
official_philippines,Sofia,F,,2026,səʊfiə,0.6666666666666666,0.6666666666666666,0.3333333333333333,1.0,0.0,0.0,0.0,0.3333333333333333,0.6666666666666666,0.6666666666666666,0.1666666666666666,0.4166666666666667,0.1666666666666666,0.3333333333333333,0.0,0.5,0.1666666666666666,0.3333333333333333,0.0,6.0,0.6666666666666666,5,False,False,False,False,0,0.0
official_philippines,Zia,F,,1912,ziə,0.6666666666666666,0.6666666666666666,0.3333333333333333,1.0,0.0,0.0,0.0,0.3333333333333333,1.0,0.6666666666666666,0.3333333333333333,0.3333333333333333,0.0,0.3333333333333333,0.0,0.3333333333333333,0.0,0.5,0.0,3.0,0.6666666666666666,3,False,False,False,False,0,0.0
official_philippines,Zion,M,,1205,zaɪən,0.6,0.8,0.4,0.8,0.0,0.0,0.2,0.2,1.0,0.7,0.4,0.3,0.0,0.2,0.2,0.4,0.0,0.4,0.0,5.0,0.6,4,False,False,False,False,1,0.0
official_philippines,Zoey,F,,1126,zəʊi,0.75,0.75,0.25,1.0,0.0,0.0,0.0,0.25,1.0,0.625,0.25,0.375,0.0,0.5,0.0,0.5,0.25,0.375,0.0,4.0,0.75,4,False,False,False,False,0,0.0
official_poland,ADAM,M,,11191,adam,0.5,0.75,0.5,0.5,0.0,0.0,0.25,0.0,1.0,0.75,0.25,0.375,0.25,0.0,0.5,0.5,0.0,0.75,0.0,4.0,0.5,4,False,False,False,False,1,0.0
official_poland,ALEKSANDER,M,,21683,alɛksandɛr,0.4,0.7,0.6,0.7,0.05,0.1,0.1,0.1,0.8,0.7,0.5,0.25,0.0,0.15,0.25,0.3,0.0,0.5,0.0,10.0,0.4,10,False,False,False,False,1,0.0
official_poland,ALEKSANDRA,F,,7078,alɛksandra,0.4,0.7,0.6,0.7,0.05,0.1,0.1,0.1,0.8,0.7,0.5,0.25,0.0,0.15,0.35,0.4,0.0,0.6,0.0,10.0,0.4,10,False,False,False,False,0,0.0
official_poland,ALICJA,F,,13773,alitsja,0.4285714285714285,0.7142857142857143,0.4285714285714285,0.8571428571428571,0.0,0.1428571428571428,0.0,0.1428571428571428,0.7142857142857143,0.6428571428571429,0.4285714285714285,0.2857142857142857,0.0,0.2857142857142857,0.2857142857142857,0.2857142857142857,0.0,0.7142857142857143,0.0,7.0,0.4285714285714285,6,False,False,False,False,0,0.0
official_poland,AMELIA,F,,10975,amɛlja,0.5,1.0,0.3333333333333333,0.8333333333333334,0.0,0.1666666666666666,0.1666666666666666,0.0,1.0,0.5833333333333334,0.1666666666666666,0.4166666666666667,0.1666666666666666,0.1666666666666666,0.3333333333333333,0.3333333333333333,0.0,0.5833333333333334,0.0,6.0,0.5,6,False,False,False,False,0,0.0
official_poland,ANNA,F,,6003,anna,0.5,1.0,0.5,0.5,0.0,0.0,0.5,0.0,1.0,0.75,0.5,0.25,0.0,0.0,0.5,0.5,0.0,0.75,0.0,4.0,0.5,4,False,False,False,False,0,0.0
official_poland,ANTONI,M,,22990,antɔɲi,0.5,0.8333333333333334,0.5,0.5,0.0,0.0,0.3333333333333333,0.0,0.8333333333333334,0.5833333333333334,0.3333333333333333,0.3333333333333333,0.0,0.3333333333333333,0.1666666666666666,0.3333333333333333,0.1666666666666666,0.5833333333333334,0.0,6.0,0.5,6,False,False,False,False,1,0.0
official_poland,ANTONINA,F,,11218,antɔɲina,0.5,0.875,0.5,0.5,0.0,0.0,0.375,0.0,0.875,0.625,0.375,0.3125,0.0,0.25,0.25,0.375,0.125,0.625,0.0,8.0,0.5,8,False,False,False,False,0,0.0
official_poland,BLANKA,F,,6075,blaŋka,0.3333333333333333,0.6666666666666666,0.6666666666666666,0.5,0.0,0.1666666666666666,0.1666666666666666,0.0,0.8333333333333334,0.5,0.1666666666666666,0.4166666666666667,0.1666666666666666,0.3333333333333333,0.3333333333333333,0.6666666666666666,0.0,0.6666666666666666,0.0,6.0,0.3333333333333333,6,False,False,False,False,0,0.0
official_poland,BRUNO,M,,4541,brunɔ,0.4,0.8,0.6,0.6,0.1,0.0,0.2,0.0,1.0,0.8,0.4,0.3,0.4,0.3,0.1,0.4,0.4,0.5,0.0,5.0,0.4,5,False,False,False,False,1,0.0
official_poland,DAWID,M,,4708,davit,0.4,0.4,0.6,0.6,0.0,0.0,0.0,0.2,0.8,0.8,0.4,0.3,0.2,0.2,0.2,0.2,0.0,0.7,0.0,5.0,0.4,5,False,False,False,False,1,0.0
official_poland,EMILIA,F,,11092,ɛmilja,0.5,1.0,0.3333333333333333,0.8333333333333334,0.0,0.1666666666666666,0.1666666666666666,0.0,1.0,0.5833333333333334,0.1666666666666666,0.4166666666666667,0.1666666666666666,0.3333333333333333,0.1666666666666666,0.1666666666666666,0.0,0.5833333333333334,0.0,6.0,0.5,6,False,False,False,False,0,0.0
official_poland,FILIP,M,,13373,filip,0.4,0.6,0.6,0.8,0.0,0.2,0.0,0.2,0.6,0.8,0.2,0.4,0.4,0.4,0.0,0.0,0.0,0.7,0.0,5.0,0.4,5,False,False,False,False,1,0.0
official_poland,FRANCISZEK,M,,19783,fraɲtɕiʃɛk,0.3,0.5,0.7,0.7,0.15,0.0,0.1,0.3,0.5,0.45,0.4,0.5,0.1,0.45,0.15,0.2,0.0,0.55,0.0,10.0,0.3,10,False,False,False,False,1,0.0
official_poland,GABRIEL,M,,7191,ɡabrjɛl,0.2857142857142857,0.7142857142857143,0.5714285714285714,0.7142857142857143,0.0714285714285714,0.1428571428571428,0.0,0.0,1.0,0.5714285714285714,0.2857142857142857,0.3571428571428571,0.1428571428571428,0.3571428571428571,0.2142857142857142,0.2857142857142857,0.0,0.5,0.0,7.0,0.2857142857142857,7,False,False,False,False,1,0.0
official_poland,GABRIELA,F,,7673,ɡabrjɛla,0.375,0.75,0.5,0.75,0.0625,0.125,0.0,0.0,1.0,0.5625,0.25,0.375,0.125,0.3125,0.3125,0.375,0.0,0.5625,0.0,8.0,0.375,8,False,False,False,False,0,0.0
official_poland,HANNA,F,,17194,xanna,0.4,0.8,0.6,0.6,0.0,0.0,0.4,0.0,0.8,0.6,0.4,0.3,0.0,0.2,0.4,0.6,0.0,0.7,0.0,5.0,0.4,5,False,False,False,False,0,0.0
official_poland,HELENA,F,,9910,xɛlɛna,0.5,0.8333333333333334,0.5,0.8333333333333334,0.0,0.1666666666666666,0.1666666666666666,0.0,0.8333333333333334,0.5833333333333334,0.3333333333333333,0.3333333333333333,0.0,0.1666666666666666,0.1666666666666666,0.3333333333333333,0.0,0.4166666666666667,0.0,6.0,0.5,6,False,False,False,False,0,0.0
official_poland,IGA,F,,9631,iɡa,0.6666666666666666,0.6666666666666666,0.3333333333333333,0.6666666666666666,0.0,0.0,0.0,0.0,1.0,0.3333333333333333,0.0,0.5,0.0,0.6666666666666666,0.3333333333333333,0.6666666666666666,0.0,0.8333333333333334,0.0,3.0,0.6666666666666666,3,False,False,False,False,0,0.0
official_poland,IGNACY,M,,16703,iɡnatsɨ,0.4285714285714285,0.5714285714285714,0.5714285714285714,0.5714285714285714,0.0,0.0,0.1428571428571428,0.1428571428571428,0.7142857142857143,0.6428571428571429,0.4285714285714285,0.2857142857142857,0.0,0.4285714285714285,0.1428571428571428,0.4285714285714285,0.0,0.7142857142857143,0.0,7.0,0.4285714285714285,6,False,False,False,False,1,0.0
official_poland,IGOR,M,,7238,iɡɔr,0.5,0.75,0.5,0.75,0.125,0.0,0.0,0.0,1.0,0.5,0.25,0.375,0.0,0.625,0.125,0.5,0.25,0.5,0.0,4.0,0.5,4,False,False,False,False,1,0.0
official_poland,JAKUB,M,,17333,jakup,0.4,0.6,0.4,0.6,0.0,0.0,0.0,0.0,0.6,0.4,0.0,0.5,0.4,0.6,0.2,0.6,0.2,0.7,0.0,5.0,0.4,5,False,False,False,False,1,0.0
official_poland,JAN,M,,22310,jan,0.3333333333333333,1.0,0.3333333333333333,0.6666666666666666,0.0,0.0,0.3333333333333333,0.0,1.0,0.5,0.3333333333333333,0.3333333333333333,0.0,0.3333333333333333,0.3333333333333333,0.3333333333333333,0.0,0.6666666666666666,0.0,3.0,0.3333333333333333,3,False,False,False,False,1,0.0
official_poland,JULIA,F,,15879,julja,0.4,1.0,0.2,1.0,0.0,0.2,0.0,0.0,1.0,0.4,0.2,0.4,0.2,0.6,0.2,0.4,0.2,0.7,0.0,5.0,0.4,5,False,False,False,False,0,0.0
official_poland,JULIAN,M,,7673,juljan,0.3333333333333333,1.0,0.3333333333333333,0.8333333333333334,0.0,0.1666666666666666,0.1666666666666666,0.0,1.0,0.5,0.3333333333333333,0.3333333333333333,0.1666666666666666,0.5,0.1666666666666666,0.3333333333333333,0.1666666666666666,0.6666666666666666,0.0,6.0,0.3333333333333333,6,False,False,False,False,1,0.0
official_poland,KACPER,M,,10019,katspɛr,0.2857142857142857,0.4285714285714285,0.7142857142857143,0.5714285714285714,0.0714285714285714,0.0,0.0,0.1428571428571428,0.4285714285714285,0.7142857142857143,0.4285714285714285,0.2857142857142857,0.1428571428571428,0.2142857142857142,0.2142857142857142,0.2857142857142857,0.0,0.5,0.0,7.0,0.2857142857142857,6,False,False,False,False,1,0.0
official_poland,KLARA,F,,9858,klara,0.4,0.8,0.6,0.8,0.1,0.2,0.0,0.0,0.8,0.6,0.4,0.3,0.0,0.3,0.5,0.6,0.0,0.7,0.0,5.0,0.4,5,False,False,False,False,0,0.0
official_poland,KORNELIA,F,,7054,kɔrnɛlja,0.375,0.875,0.5,0.75,0.0625,0.125,0.125,0.0,0.875,0.5625,0.375,0.3125,0.0,0.3125,0.1875,0.375,0.125,0.4375,0.0,8.0,0.375,8,False,False,False,False,0,0.0
official_poland,LAURA,F,,17554,lawra,0.4,1.0,0.4,1.0,0.1,0.2,0.0,0.0,1.0,0.6,0.4,0.3,0.2,0.3,0.5,0.6,0.2,0.7,0.0,5.0,0.4,5,False,False,False,False,0,0.0
official_poland,LENA,F,,10988,lɛna,0.5,1.0,0.5,0.75,0.0,0.25,0.25,0.0,1.0,0.75,0.5,0.25,0.0,0.0,0.25,0.25,0.0,0.5,0.0,4.0,0.5,4,False,False,False,False,0,0.0
official_poland,LEON,M,,19755,lɛɔn,0.5,1.0,0.5,0.75,0.0,0.25,0.25,0.0,1.0,0.75,0.5,0.25,0.0,0.0,0.0,0.25,0.25,0.25,0.0,4.0,0.5,4,False,False,False,False,1,0.0
official_poland,LILIANA,F,,10246,liljana,0.4285714285714285,1.0,0.4285714285714285,0.8571428571428571,0.0,0.2857142857142857,0.1428571428571428,0.0,1.0,0.6428571428571429,0.4285714285714285,0.2857142857142857,0.0,0.2857142857142857,0.2857142857142857,0.2857142857142857,0.0,0.7142857142857143,0.0,7.0,0.4285714285714285,7,False,False,False,False,0,0.0
official_poland,LILIANNA,F,,5614,liljanna,0.375,1.0,0.5,0.75,0.0,0.25,0.25,0.0,1.0,0.6875,0.5,0.25,0.0,0.25,0.25,0.25,0.0,0.6875,0.0,8.0,0.375,8,False,False,False,False,0,0.0
official_poland,MAJA,F,,17953,maja,0.5,1.0,0.25,0.75,0.0,0.0,0.25,0.0,1.0,0.5,0.0,0.5,0.25,0.25,0.5,0.5,0.0,0.75,0.0,4.0,0.5,4,False,False,False,False,0,0.0
official_poland,MAKSYMILIAN,M,,11039,maksɨmiljan,0.3636363636363636,0.8181818181818182,0.5454545454545454,0.6363636363636364,0.0,0.0909090909090909,0.2727272727272727,0.0909090909090909,0.8181818181818182,0.6363636363636364,0.2727272727272727,0.3636363636363636,0.1818181818181818,0.3636363636363636,0.1818181818181818,0.3636363636363636,0.0,0.6818181818181818,0.0,11.0,0.3636363636363636,11,False,False,False,False,1,0.0
official_poland,MARCEL,M,,10452,martsɛl,0.2857142857142857,0.7142857142857143,0.7142857142857143,0.7142857142857143,0.0714285714285714,0.1428571428571428,0.1428571428571428,0.1428571428571428,0.7142857142857143,0.8571428571428571,0.5714285714285714,0.2142857142857142,0.1428571428571428,0.0714285714285714,0.2142857142857142,0.1428571428571428,0.0,0.5,0.0,7.0,0.2857142857142857,6,False,False,False,False,1,0.0
official_poland,MARCELINA,F,,9658,martsɛlina,0.4,0.8,0.6,0.7,0.05,0.1,0.2,0.1,0.8,0.8,0.5,0.25,0.1,0.15,0.25,0.2,0.0,0.6,0.0,10.0,0.4,9,False,False,False,False,0,0.0
official_poland,MARIA,F,,12103,marja,0.4,1.0,0.4,0.8,0.1,0.0,0.2,0.0,1.0,0.6,0.2,0.4,0.2,0.3,0.5,0.4,0.0,0.7,0.0,5.0,0.4,5,False,False,False,False,0,0.0
official_poland,MICHALINA,F,,10148,mixalina,0.5,0.875,0.5,0.75,0.0,0.125,0.25,0.0,0.875,0.625,0.25,0.375,0.125,0.375,0.25,0.375,0.0,0.75,0.0,8.0,0.5,9,False,False,False,False,0,0.0
official_poland,MICHAŁ,M,,8484,mixaw,0.4,0.8,0.4,0.8,0.0,0.0,0.2,0.0,0.8,0.4,0.0,0.5,0.4,0.6,0.2,0.6,0.2,0.7,0.0,5.0,0.4,6,False,False,False,False,1,0.0
official_poland,MIKOŁAJ,M,,15439,mikɔwaj,0.4285714285714285,0.8571428571428571,0.2857142857142857,0.7142857142857143,0.0,0.0,0.1428571428571428,0.0,0.8571428571428571,0.3571428571428571,0.0,0.5,0.2857142857142857,0.5714285714285714,0.1428571428571428,0.5714285714285714,0.2857142857142857,0.5714285714285714,0.0,7.0,0.4285714285714285,7,False,False,False,False,1,0.0
official_poland,MIŁOSZ,M,,7325,miwɔʃ,0.4,0.8,0.4,0.8,0.0,0.0,0.2,0.2,0.8,0.4,0.2,0.6,0.4,0.4,0.0,0.4,0.4,0.5,0.0,5.0,0.4,6,False,False,False,False,1,0.0
official_poland,NADIA,F,,5733,nadja,0.4,0.8,0.4,0.6,0.0,0.0,0.2,0.0,1.0,0.6,0.4,0.3,0.0,0.2,0.4,0.4,0.0,0.7,0.0,5.0,0.4,5,False,False,False,False,0,0.0
official_poland,NELA,F,,6861,nɛla,0.5,1.0,0.5,0.75,0.0,0.25,0.25,0.0,1.0,0.75,0.5,0.25,0.0,0.0,0.25,0.25,0.0,0.5,0.0,4.0,0.5,4,False,False,False,False,0,0.0
official_poland,NIKODEM,M,,24847,ɲikɔdɛm,0.4285714285714285,0.7142857142857143,0.5714285714285714,0.4285714285714285,0.0,0.0,0.2857142857142857,0.0,0.8571428571428571,0.5,0.1428571428571428,0.4285714285714285,0.1428571428571428,0.4285714285714285,0.0,0.2857142857142857,0.1428571428571428,0.4285714285714285,0.0,7.0,0.4285714285714285,7,False,False,False,False,1,0.0
official_poland,OLIWIA,F,,14773,ɔlivja,0.5,0.8333333333333334,0.3333333333333333,1.0,0.0,0.1666666666666666,0.0,0.1666666666666666,1.0,0.5833333333333334,0.1666666666666666,0.4166666666666667,0.1666666666666666,0.3333333333333333,0.1666666666666666,0.3333333333333333,0.1666666666666666,0.5833333333333334,0.0,6.0,0.5,6,False,False,False,False,0,0.0
official_poland,OLIWIER,M,,10092,ɔlivʲɛr,0.5,0.8333333333333334,0.5,1.0,0.0833333333333333,0.1666666666666666,0.0,0.1666666666666666,1.0,0.75,0.3333333333333333,0.3333333333333333,0.1666666666666666,0.4166666666666667,0.0833333333333333,0.1666666666666666,0.1666666666666666,0.4166666666666667,0.0,6.0,0.5,7,False,False,False,False,1,0.0
official_poland,OSKAR,M,,7136,ɔskar,0.4,0.6,0.6,0.8,0.1,0.0,0.0,0.2,0.6,0.6,0.4,0.3,0.0,0.3,0.3,0.6,0.2,0.5,0.0,5.0,0.4,5,False,False,False,False,1,0.0
official_poland,PIOTR,M,,6153,pʲɔtr,0.25,0.5,0.75,0.5,0.125,0.0,0.0,0.0,0.5,0.875,0.5,0.25,0.25,0.375,0.125,0.25,0.25,0.375,0.0,4.0,0.25,5,False,False,False,False,1,0.0
official_poland,POLA,F,,13757,pɔla,0.5,0.75,0.5,0.75,0.0,0.25,0.0,0.0,0.75,0.75,0.25,0.375,0.25,0.0,0.25,0.5,0.25,0.5,0.0,4.0,0.5,4,False,False,False,False,0,0.0
official_poland,STANISŁAW,M,,15408,staɲiswaf,0.3333333333333333,0.5555555555555556,0.5555555555555556,0.7777777777777778,0.0,0.0,0.1111111111111111,0.3333333333333333,0.5555555555555556,0.6111111111111112,0.3333333333333333,0.3333333333333333,0.2222222222222222,0.3333333333333333,0.2222222222222222,0.3333333333333333,0.1111111111111111,0.6666666666666666,0.0,9.0,0.3333333333333333,9,False,False,False,False,1,0.0
official_poland,SZYMON,M,,12205,ʃɨmɔn,0.4,0.8,0.6,0.6,0.0,0.0,0.4,0.2,0.8,0.6,0.4,0.5,0.2,0.2,0.0,0.4,0.2,0.5,0.0,5.0,0.4,6,False,False,False,False,1,0.0
official_poland,TYMON,M,,10563,tɨmɔn,0.4,0.8,0.6,0.4,0.0,0.0,0.4,0.0,0.8,0.8,0.4,0.3,0.2,0.2,0.0,0.4,0.2,0.5,0.0,5.0,0.4,5,False,False,False,False,1,0.0
official_poland,TYMOTEUSZ,M,,6953,tɨmɔtɛuʃ,0.5,0.625,0.5,0.625,0.0,0.0,0.125,0.125,0.625,0.625,0.375,0.4375,0.25,0.25,0.0,0.375,0.25,0.5,0.0,8.0,0.5,9,False,False,False,False,1,0.0
official_poland,WIKTOR,M,,8935,viktɔr,0.3333333333333333,0.5,0.6666666666666666,0.6666666666666666,0.0833333333333333,0.0,0.0,0.1666666666666666,0.6666666666666666,0.6666666666666666,0.3333333333333333,0.3333333333333333,0.1666666666666666,0.4166666666666667,0.0833333333333333,0.3333333333333333,0.1666666666666666,0.5,0.0,6.0,0.3333333333333333,6,False,False,False,False,1,0.0
official_poland,WIKTORIA,F,,9782,viktɔrja,0.375,0.625,0.5,0.75,0.0625,0.0,0.0,0.125,0.75,0.5625,0.25,0.375,0.125,0.4375,0.1875,0.375,0.125,0.5625,0.0,8.0,0.375,8,False,False,False,False,0,0.0
official_poland,WOJCIECH,M,,11535,vɔjtɕɛx,0.2857142857142857,0.4285714285714285,0.5714285714285714,0.8571428571428571,0.1428571428571428,0.0,0.0,0.2857142857142857,0.5714285714285714,0.4285714285714285,0.2857142857142857,0.5,0.1428571428571428,0.4285714285714285,0.0,0.2857142857142857,0.1428571428571428,0.3571428571428571,0.0,7.0,0.2857142857142857,8,False,False,False,False,1,0.0
official_poland,ZOFIA,F,,19567,zɔfja,0.4,0.6,0.4,1.0,0.0,0.0,0.0,0.4,0.8,0.6,0.2,0.4,0.2,0.2,0.2,0.4,0.2,0.5,0.0,5.0,0.4,5,False,False,False,False,0,0.0
official_poland,ZUZANNA,F,,18383,zuzanna,0.4285714285714285,0.7142857142857143,0.5714285714285714,0.7142857142857143,0.0,0.0,0.2857142857142857,0.2857142857142857,1.0,0.7857142857142857,0.5714285714285714,0.2142857142857142,0.1428571428571428,0.1428571428571428,0.2857142857142857,0.4285714285714285,0.1428571428571428,0.7142857142857143,0.0,7.0,0.4285714285714285,7,False,False,False,False,0,0.0
official_poland,ŁUCJA,F,,7393,wutsja,0.3333333333333333,0.6666666666666666,0.3333333333333333,0.8333333333333334,0.0,0.0,0.0,0.1666666666666666,0.6666666666666666,0.5,0.3333333333333333,0.3333333333333333,0.3333333333333333,0.5,0.1666666666666666,0.5,0.3333333333333333,0.6666666666666666,0.0,6.0,0.3333333333333333,5,False,False,False,False,0,0.0
official_portugal,Afonso,M,,6987,ɐfoŋsʊ,0.5,0.6666666666666666,0.5,0.8333333333333334,0.0,0.0,0.1666666666666666,0.3333333333333333,0.6666666666666666,0.5833333333333334,0.1666666666666666,0.4166666666666667,0.1666666666666666,0.3333333333333333,0.0,0.5,0.3333333333333333,0.5833333333333334,0.0,6.0,0.5,6,False,False,False,False,1,0.0
official_portugal,Alice,F,,3728,ɐlisɨ,0.6,0.8,0.4,1.0,0.0,0.2,0.0,0.2,0.8,0.7,0.4,0.3,0.0,0.4,0.0,0.2,0.0,0.8,0.0,5.0,0.6,5,False,False,False,False,0,0.0
official_portugal,Beatriz,F,,2459,biɐtɹiʃ,0.4285714285714285,0.5714285714285714,0.4285714285714285,0.7142857142857143,0.0,0.0,0.0,0.1428571428571428,0.7142857142857143,0.6428571428571429,0.4285714285714285,0.4285714285714285,0.1428571428571428,0.4285714285714285,0.0,0.0,0.1428571428571428,0.7142857142857143,0.0,7.0,0.4285714285714285,7,False,False,False,False,0,0.0
official_portugal,Benedita,F,,1153,benɨditɐ,0.5,0.625,0.5,0.5,0.0,0.0,0.125,0.0,0.875,0.75,0.375,0.3125,0.125,0.25,0.0,0.125,0.0,0.75,0.0,8.0,0.5,8,False,False,False,False,0,0.0
official_portugal,Carolina,F,,3494,kɐɾulinɐ,0.5,0.875,0.5,0.75,0.0625,0.125,0.125,0.0,0.875,0.625,0.375,0.3125,0.125,0.4375,0.0625,0.25,0.125,0.75,0.0,8.0,0.5,8,False,False,False,False,0,0.0
official_portugal,Duarte,M,,4035,duaɾətɨ,0.5714285714285714,0.7142857142857143,0.4285714285714285,0.7142857142857143,0.0714285714285714,0.0,0.0,0.0,0.8571428571428571,0.7142857142857143,0.4285714285714285,0.2857142857142857,0.1428571428571428,0.3571428571428571,0.2142857142857142,0.5714285714285714,0.1428571428571428,0.6428571428571429,0.0,7.0,0.5714285714285714,6,False,False,False,False,1,0.0
official_portugal,Francisco,M,,11624,fɹɐ̃ŋsiʃkʊ,0.3333333333333333,0.5555555555555556,0.5555555555555556,0.7777777777777778,0.0,0.0,0.2222222222222222,0.3333333333333333,0.5555555555555556,0.5,0.3333333333333333,0.4444444444444444,0.1111111111111111,0.5555555555555556,0.0,0.3333333333333333,0.2222222222222222,0.5555555555555556,0.0,9.0,0.3333333333333333,9,False,False,False,False,1,0.0
official_portugal,Gabriel,M,,1322,ɡɐbɹiɛl,0.4285714285714285,0.7142857142857143,0.4285714285714285,0.7142857142857143,0.0,0.1428571428571428,0.0,0.0,1.0,0.6428571428571429,0.2857142857142857,0.3571428571428571,0.1428571428571428,0.4285714285714285,0.0,0.1428571428571428,0.1428571428571428,0.5714285714285714,0.0,7.0,0.4285714285714285,7,False,False,False,False,1,0.0
official_portugal,João,M,,9261,ʒuɐ̃ʊ̃,0.75,0.75,0.25,1.0,0.0,0.0,0.5,0.25,1.0,0.375,0.25,0.625,0.25,0.5,0.0,0.5,0.5,0.625,0.0,4.0,0.75,4,False,False,False,False,1,0.0
official_portugal,Leonor,F,,10049,liunuɹ,0.5,1.0,0.3333333333333333,0.8333333333333334,0.0,0.1666666666666666,0.1666666666666666,0.0,1.0,0.75,0.5,0.25,0.3333333333333333,0.6666666666666666,0.0,0.3333333333333333,0.5,0.75,0.0,6.0,0.5,6,False,False,False,False,0,0.0
official_portugal,Maria,F,,38074,mɐɾiɐ,0.6,1.0,0.4,0.8,0.1,0.0,0.2,0.0,1.0,0.7,0.2,0.4,0.2,0.3,0.1,0.0,0.0,0.8,0.0,5.0,0.6,5,False,False,False,False,0,0.0
official_portugal,Martim,M,,1346,mɐɾətiŋ,0.4285714285714285,0.8571428571428571,0.5714285714285714,0.5714285714285714,0.0714285714285714,0.0,0.2857142857142857,0.0,0.8571428571428571,0.6428571428571429,0.2857142857142857,0.3571428571428571,0.1428571428571428,0.3571428571428571,0.0714285714285714,0.2857142857142857,0.0,0.5714285714285714,0.0,7.0,0.4285714285714285,6,False,False,False,False,1,0.0
official_portugal,Matilde,F,,9718,mɐtildɨ,0.4285714285714285,0.7142857142857143,0.5714285714285714,0.5714285714285714,0.0,0.1428571428571428,0.1428571428571428,0.0,0.8571428571428571,0.7857142857142857,0.4285714285714285,0.2857142857142857,0.1428571428571428,0.2857142857142857,0.0,0.1428571428571428,0.0,0.7142857142857143,0.0,7.0,0.4285714285714285,7,False,False,False,False,0,0.0
official_portugal,Rodrigo,M,,1426,ʁudɹiɡʊ,0.4285714285714285,0.5714285714285714,0.4285714285714285,0.7142857142857143,0.0,0.0,0.0,0.1428571428571428,1.0,0.5,0.2857142857142857,0.3571428571428571,0.1428571428571428,0.7142857142857143,0.0,0.5714285714285714,0.4285714285714285,0.5714285714285714,0.0,7.0,0.4285714285714285,7,False,False,False,False,1,0.0
official_portugal,Santiago,M,,5037,sɐ̃ŋtiaɡʊ,0.5,0.625,0.5,0.625,0.0,0.0,0.25,0.125,0.75,0.5,0.25,0.375,0.0,0.5,0.125,0.5,0.125,0.625,0.0,8.0,0.5,8,False,False,False,False,1,0.0
official_portugal,Tomás,M,,3990,tumaʃ,0.4,0.6,0.6,0.6,0.0,0.0,0.2,0.2,0.6,0.6,0.4,0.5,0.4,0.2,0.2,0.4,0.2,0.7,0.0,5.0,0.4,5,False,False,False,False,1,0.0
official_russia,Александр,M,,22682,aɭʲiksɑndr,0.3333333333333333,0.6666666666666666,0.6666666666666666,0.6666666666666666,0.1666666666666666,0.1111111111111111,0.1111111111111111,0.1111111111111111,0.7777777777777778,0.6111111111111112,0.5555555555555556,0.2222222222222222,0.0,0.3888888888888889,0.3333333333333333,0.3333333333333333,0.0,0.6666666666666666,0.0,9.0,0.3333333333333333,9,False,False,False,False,1,0.0
official_russia,Анна,F,,18398,ɑnna,0.5,1.0,0.5,0.5,0.125,0.0,0.5,0.0,1.0,0.75,0.5,0.25,0.0,0.0,0.5,0.5,0.0,0.75,0.0,4.0,0.5,4,False,False,False,False,0,0.0
official_russia,Артём,M,,22790,artʲɵm,0.4,0.8,0.6,0.6,0.2,0.0,0.2,0.0,0.8,0.8,0.4,0.3,0.4,0.3,0.3,0.2,0.2,0.7,0.0,5.0,0.4,5,False,False,False,False,1,0.0
official_russia,Виктория,F,,15971,vʲiktorʲija,0.4444444444444444,0.6666666666666666,0.4444444444444444,0.7777777777777778,0.0555555555555555,0.0,0.0,0.1111111111111111,0.7777777777777778,0.5555555555555556,0.2222222222222222,0.3888888888888889,0.1111111111111111,0.6666666666666666,0.1666666666666666,0.3333333333333333,0.1111111111111111,0.7222222222222222,0.0,9.0,0.4444444444444444,8,False,False,False,False,0,0.0
official_russia,Ева,F,,19141,jeva,0.5,0.75,0.25,1.0,0.0,0.0,0.0,0.25,1.0,0.5,0.0,0.5,0.25,0.25,0.25,0.25,0.0,0.75,0.0,4.0,0.5,3,False,False,False,False,0,0.0
official_russia,Максим,M,,17399,maksʲim,0.3333333333333333,0.6666666666666666,0.6666666666666666,0.5,0.0,0.0,0.3333333333333333,0.1666666666666666,0.6666666666666666,0.6666666666666666,0.1666666666666666,0.4166666666666667,0.3333333333333333,0.5,0.1666666666666666,0.3333333333333333,0.0,0.6666666666666666,0.0,6.0,0.3333333333333333,6,False,False,False,False,1,0.0
official_russia,Мария,F,,16800,marʲija,0.5,1.0,0.3333333333333333,0.8333333333333334,0.0833333333333333,0.0,0.1666666666666666,0.0,1.0,0.5833333333333334,0.1666666666666666,0.4166666666666667,0.1666666666666666,0.5,0.4166666666666667,0.3333333333333333,0.0,0.75,0.0,6.0,0.5,5,False,False,False,False,0,0.0
official_russia,Матвей,M,,18837,matvʲej,0.3333333333333333,0.6666666666666666,0.5,0.6666666666666666,0.0,0.0,0.1666666666666666,0.1666666666666666,0.8333333333333334,0.6666666666666666,0.1666666666666666,0.4166666666666667,0.3333333333333333,0.3333333333333333,0.1666666666666666,0.1666666666666666,0.0,0.6666666666666666,0.0,6.0,0.3333333333333333,6,False,False,False,False,1,0.0
official_russia,Михаил,M,,23645,mʲixaiɭ,0.5,0.8333333333333334,0.5,0.8333333333333334,0.0833333333333333,0.1666666666666666,0.1666666666666666,0.0,0.8333333333333334,0.4166666666666667,0.1666666666666666,0.4166666666666667,0.1666666666666666,0.75,0.25,0.3333333333333333,0.0,0.75,0.0,6.0,0.5,6,False,False,False,False,1,0.0
official_russia,София,F,,24065,sʌfʲija,0.5,0.6666666666666666,0.3333333333333333,1.0,0.0,0.0,0.0,0.3333333333333333,0.6666666666666666,0.5833333333333334,0.1666666666666666,0.4166666666666667,0.1666666666666666,0.5,0.1666666666666666,0.3333333333333333,0.0,0.75,0.0,6.0,0.5,5,False,False,False,False,0,0.0
official_russia_moscow,Александр,M,,18585,aɭʲiksɑndr,0.3333333333333333,0.6666666666666666,0.6666666666666666,0.6666666666666666,0.1666666666666666,0.1111111111111111,0.1111111111111111,0.1111111111111111,0.7777777777777778,0.6111111111111112,0.5555555555555556,0.2222222222222222,0.0,0.3888888888888889,0.3333333333333333,0.3333333333333333,0.0,0.6666666666666666,0.0,9.0,0.3333333333333333,9,False,False,False,False,1,0.0
official_russia_moscow,Алиса,F,,10893,aɭʲisa,0.6,0.8,0.4,1.0,0.1,0.2,0.0,0.2,0.8,0.5,0.4,0.3,0.0,0.4,0.5,0.4,0.0,0.8,0.0,5.0,0.6,5,False,False,False,False,0,0.0
official_russia_moscow,Анастасия,F,,5079,anʌstasʲija,0.5,0.7,0.4,0.8,0.0,0.0,0.1,0.2,0.7,0.65,0.4,0.3,0.0,0.3,0.3,0.4,0.0,0.75,0.0,10.0,0.5,9,False,False,False,False,0,0.0
official_russia_moscow,Анна,F,,12991,ɑnna,0.5,1.0,0.5,0.5,0.125,0.0,0.5,0.0,1.0,0.75,0.5,0.25,0.0,0.0,0.5,0.5,0.0,0.75,0.0,4.0,0.5,4,False,False,False,False,0,0.0
official_russia_moscow,Артём,M,,12716,artʲɵm,0.4,0.8,0.6,0.6,0.2,0.0,0.2,0.0,0.8,0.8,0.4,0.3,0.4,0.3,0.3,0.2,0.2,0.7,0.0,5.0,0.4,5,False,False,False,False,1,0.0
official_russia_moscow,Виктория,F,,7201,vʲiktorʲija,0.4444444444444444,0.6666666666666666,0.4444444444444444,0.7777777777777778,0.0555555555555555,0.0,0.0,0.1111111111111111,0.7777777777777778,0.5555555555555556,0.2222222222222222,0.3888888888888889,0.1111111111111111,0.6666666666666666,0.1666666666666666,0.3333333333333333,0.1111111111111111,0.7222222222222222,0.0,9.0,0.4444444444444444,8,False,False,False,False,0,0.0
official_russia_moscow,Даниил,M,,2407,dʌnʲiiɭ,0.5,0.8333333333333334,0.5,0.6666666666666666,0.0833333333333333,0.1666666666666666,0.1666666666666666,0.0,1.0,0.5833333333333334,0.5,0.25,0.0,0.5833333333333334,0.0833333333333333,0.1666666666666666,0.0,0.75,0.0,6.0,0.5,6,False,False,False,False,1,0.0
official_russia_moscow,Дмитрий,M,,4612,dmʲitrʲij,0.2857142857142857,0.7142857142857143,0.5714285714285714,0.5714285714285714,0.0714285714285714,0.0,0.1428571428571428,0.0,0.8571428571428571,0.7142857142857143,0.4285714285714285,0.2857142857142857,0.1428571428571428,0.7142857142857143,0.0714285714285714,0.0,0.0,0.6428571428571429,0.0,7.0,0.2857142857142857,7,False,False,False,False,1,0.0
official_russia_moscow,Елизавета,F,,2311,jɪɭʲizavʲeta,0.5,0.7,0.4,0.9,0.05,0.1,0.0,0.2,0.9,0.55,0.3,0.35,0.1,0.5,0.25,0.2,0.0,0.65,0.0,10.0,0.5,9,False,False,False,False,0,0.0
official_russia_moscow,Иван,M,,9705,ɪvɑn,0.5,0.75,0.5,0.75,0.125,0.0,0.25,0.25,1.0,0.75,0.25,0.375,0.25,0.25,0.25,0.25,0.0,0.5,0.0,4.0,0.5,4,False,False,False,False,1,0.0
official_russia_moscow,Максим,M,,16158,maksʲim,0.3333333333333333,0.6666666666666666,0.6666666666666666,0.5,0.0,0.0,0.3333333333333333,0.1666666666666666,0.6666666666666666,0.6666666666666666,0.1666666666666666,0.4166666666666667,0.3333333333333333,0.5,0.1666666666666666,0.3333333333333333,0.0,0.6666666666666666,0.0,6.0,0.3333333333333333,6,False,False,False,False,1,0.0
official_russia_moscow,Мария,F,,16870,marʲija,0.5,1.0,0.3333333333333333,0.8333333333333334,0.0833333333333333,0.0,0.1666666666666666,0.0,1.0,0.5833333333333334,0.1666666666666666,0.4166666666666667,0.1666666666666666,0.5,0.4166666666666667,0.3333333333333333,0.0,0.75,0.0,6.0,0.5,5,False,False,False,False,0,0.0
official_russia_moscow,Михаил,M,,16300,mʲixaiɭ,0.5,0.8333333333333334,0.5,0.8333333333333334,0.0833333333333333,0.1666666666666666,0.1666666666666666,0.0,0.8333333333333334,0.4166666666666667,0.1666666666666666,0.4166666666666667,0.1666666666666666,0.75,0.25,0.3333333333333333,0.0,0.75,0.0,6.0,0.5,6,False,False,False,False,1,0.0
official_russia_moscow,Полина,F,,4445,pʌɭʲina,0.5,0.8333333333333334,0.5,0.6666666666666666,0.0833333333333333,0.1666666666666666,0.1666666666666666,0.0,0.8333333333333334,0.5833333333333334,0.3333333333333333,0.3333333333333333,0.1666666666666666,0.3333333333333333,0.25,0.3333333333333333,0.0,0.75,0.0,6.0,0.5,6,False,False,False,False,0,0.0
official_russia_moscow,София,F,,17233,sʌfʲija,0.5,0.6666666666666666,0.3333333333333333,1.0,0.0,0.0,0.0,0.3333333333333333,0.6666666666666666,0.5833333333333334,0.1666666666666666,0.4166666666666667,0.1666666666666666,0.5,0.1666666666666666,0.3333333333333333,0.0,0.75,0.0,6.0,0.5,5,False,False,False,False,0,0.0
official_scotland,Alexander,M,,722,alɪɡzandə,0.4444444444444444,0.6666666666666666,0.5555555555555556,0.6666666666666666,0.0,0.1111111111111111,0.1111111111111111,0.1111111111111111,1.0,0.6666666666666666,0.4444444444444444,0.2777777777777778,0.0,0.2222222222222222,0.2222222222222222,0.4444444444444444,0.0,0.5,0.0,9.0,0.4444444444444444,9,False,False,False,False,1,0.0
official_scotland,Alfie,M,,700,alfi,0.5,0.75,0.5,1.0,0.0,0.25,0.0,0.25,0.75,0.75,0.25,0.375,0.25,0.25,0.25,0.25,0.0,0.75,0.0,4.0,0.5,5,False,False,False,False,1,0.0
official_scotland,Amelia,F,,745,ɐmiːliə,0.6666666666666666,1.0,0.3333333333333333,0.8333333333333334,0.0,0.1666666666666666,0.1666666666666666,0.0,1.0,0.6666666666666666,0.1666666666666666,0.4166666666666667,0.1666666666666666,0.3333333333333333,0.0,0.1666666666666666,0.0,0.6666666666666666,0.1666666666666666,6.0,0.6666666666666666,6,False,False,False,False,0,0.0
official_scotland,Archie,M,,707,ɑːtʃi,0.5,0.5,0.5,0.75,0.125,0.0,0.0,0.25,0.5,0.5,0.5,0.5,0.0,0.25,0.25,0.25,0.0,0.75,0.25,4.0,0.5,6,False,False,False,False,1,0.0
official_scotland,Aria,F,,521,eəɹiə,0.8,1.0,0.0,1.0,0.0,0.0,0.0,0.0,1.0,0.6,0.2,0.4,0.0,0.4,0.0,0.4,0.2,0.5,0.0,5.0,0.8,4,False,False,False,False,0,0.0
official_scotland,Ava,F,,743,ɑːvə,0.6666666666666666,0.6666666666666666,0.3333333333333333,1.0,0.1666666666666666,0.0,0.0,0.3333333333333333,1.0,0.6666666666666666,0.0,0.5,0.3333333333333333,0.0,0.3333333333333333,0.6666666666666666,0.0,0.5,0.3333333333333333,3.0,0.6666666666666666,3,False,False,False,False,0,0.0
official_scotland,Blake,M,,411,bleɪk,0.4,0.6,0.6,0.6,0.0,0.2,0.0,0.0,0.8,0.6,0.2,0.4,0.2,0.4,0.0,0.2,0.0,0.5,0.0,5.0,0.4,5,False,False,False,False,1,0.0
official_scotland,Brodie,M,,655,bɹəʊdi,0.5,0.6666666666666666,0.3333333333333333,0.6666666666666666,0.0,0.0,0.0,0.0,1.0,0.75,0.3333333333333333,0.3333333333333333,0.1666666666666666,0.5,0.0,0.3333333333333333,0.3333333333333333,0.4166666666666667,0.0,6.0,0.5,6,False,False,False,False,1,0.0
official_scotland,Charlie,M,,682,tʃɑːli,0.4,0.6,0.6,0.8,0.1,0.2,0.0,0.2,0.6,0.6,0.6,0.4,0.0,0.2,0.2,0.2,0.0,0.7,0.2,5.0,0.4,7,False,False,False,False,1,0.0
official_scotland,Charlotte,F,,593,ʃɑːlət,0.4,0.6,0.6,0.8,0.1,0.2,0.0,0.2,0.6,0.6,0.6,0.4,0.0,0.0,0.2,0.4,0.0,0.5,0.2,5.0,0.4,9,False,False,False,False,0,0.0
official_scotland,Daisy,F,,361,deɪzi,0.6,0.6,0.4,0.8,0.0,0.0,0.0,0.2,1.0,0.7,0.4,0.3,0.0,0.4,0.0,0.0,0.0,0.6,0.0,5.0,0.6,5,False,False,False,False,0,0.0
official_scotland,Eilidh,F,,447,aɪli,0.75,1.0,0.25,1.0,0.0,0.25,0.0,0.0,1.0,0.625,0.25,0.375,0.0,0.5,0.25,0.25,0.0,0.625,0.0,4.0,0.75,6,False,False,False,False,0,0.0
official_scotland,Ella,F,,752,ɛlə,0.6666666666666666,1.0,0.3333333333333333,1.0,0.0,0.3333333333333333,0.0,0.0,1.0,0.6666666666666666,0.3333333333333333,0.3333333333333333,0.0,0.0,0.0,0.3333333333333333,0.0,0.1666666666666666,0.0,3.0,0.6666666666666666,4,False,False,False,False,0,0.0
official_scotland,Ellie,F,,442,ɛli,0.6666666666666666,1.0,0.3333333333333333,1.0,0.0,0.3333333333333333,0.0,0.0,1.0,0.6666666666666666,0.3333333333333333,0.3333333333333333,0.0,0.3333333333333333,0.0,0.0,0.0,0.5,0.0,3.0,0.6666666666666666,5,False,False,False,False,0,0.0
official_scotland,Emily,F,,862,ɛmɪli,0.6,1.0,0.4,0.8,0.0,0.2,0.2,0.0,1.0,0.7,0.2,0.4,0.2,0.4,0.0,0.0,0.0,0.4,0.0,5.0,0.6,5,False,False,False,False,0,0.0
official_scotland,Evie,F,,522,ɛvi,0.6666666666666666,0.6666666666666666,0.3333333333333333,1.0,0.0,0.0,0.0,0.3333333333333333,1.0,0.6666666666666666,0.0,0.5,0.3333333333333333,0.3333333333333333,0.0,0.0,0.0,0.5,0.0,3.0,0.6666666666666666,4,False,False,False,False,0,0.0
official_scotland,Finlay,M,,736,fɪnleɪ,0.5,0.8333333333333334,0.5,0.8333333333333334,0.0,0.1666666666666666,0.1666666666666666,0.1666666666666666,0.8333333333333334,0.75,0.3333333333333333,0.3333333333333333,0.1666666666666666,0.3333333333333333,0.0,0.0,0.0,0.4166666666666667,0.0,6.0,0.5,6,False,False,False,False,1,0.0
official_scotland,Finn,M,,611,fɪn,0.3333333333333333,0.6666666666666666,0.6666666666666666,0.6666666666666666,0.0,0.0,0.3333333333333333,0.3333333333333333,0.6666666666666666,0.8333333333333334,0.3333333333333333,0.3333333333333333,0.3333333333333333,0.3333333333333333,0.0,0.0,0.0,0.3333333333333333,0.0,3.0,0.3333333333333333,4,False,False,False,False,1,0.0
official_scotland,Freddie,M,,518,fɹɛdi,0.4,0.6,0.4,0.8,0.0,0.0,0.0,0.2,0.8,0.8,0.4,0.3,0.2,0.4,0.0,0.0,0.2,0.5,0.0,5.0,0.4,7,False,False,False,False,1,0.0
official_scotland,Freya,F,,848,fɹeɪə,0.6,0.8,0.2,1.0,0.0,0.0,0.0,0.2,0.8,0.7,0.2,0.4,0.2,0.4,0.0,0.2,0.2,0.4,0.0,5.0,0.6,5,False,False,False,False,0,0.0
official_scotland,Grace,F,,729,ɡɹeɪs,0.4,0.6,0.4,0.8,0.0,0.0,0.0,0.2,0.8,0.6,0.4,0.3,0.0,0.6,0.0,0.2,0.2,0.5,0.0,5.0,0.4,5,False,False,False,False,0,0.0
official_scotland,Hannah,F,,372,hanə,0.5,1.0,0.5,0.75,0.0,0.0,0.25,0.0,0.75,0.5,0.25,0.375,0.0,0.0,0.25,0.75,0.0,0.5,0.0,4.0,0.5,6,False,False,False,False,0,0.0
official_scotland,Harper,F,,471,hɑːpə,0.5,0.75,0.5,0.75,0.125,0.0,0.0,0.0,0.5,0.5,0.0,0.5,0.25,0.0,0.25,0.75,0.0,0.5,0.25,4.0,0.5,6,False,False,False,False,0,0.0
official_scotland,Harris,M,,815,haɹɪs,0.4,0.8,0.4,1.0,0.0,0.0,0.0,0.2,0.6,0.6,0.4,0.3,0.0,0.4,0.2,0.4,0.2,0.5,0.0,5.0,0.4,6,False,False,False,False,1,0.0
official_scotland,Harry,M,,479,haɹi,0.5,1.0,0.25,1.0,0.0,0.0,0.0,0.0,0.75,0.5,0.25,0.375,0.0,0.5,0.25,0.5,0.25,0.75,0.0,4.0,0.5,5,False,False,False,False,1,0.0
official_scotland,Isla,F,,960,aɪlə,0.75,1.0,0.25,1.0,0.0,0.25,0.0,0.0,1.0,0.625,0.25,0.375,0.0,0.25,0.25,0.5,0.0,0.375,0.0,4.0,0.75,4,False,False,False,False,0,0.0
official_scotland,Ivy,F,,458,aɪvi,0.75,0.75,0.25,1.0,0.0,0.0,0.0,0.25,1.0,0.625,0.0,0.5,0.25,0.5,0.25,0.25,0.0,0.625,0.0,4.0,0.75,3,False,False,False,False,0,0.0
official_scotland,Jack,M,,1078,dʒak,0.25,0.25,0.75,0.5,0.0,0.0,0.0,0.25,0.75,0.375,0.5,0.5,0.0,0.25,0.25,0.5,0.0,0.625,0.0,4.0,0.25,4,False,False,False,False,1,0.0
official_scotland,Jacob,M,,509,dʒeɪkəb,0.4285714285714285,0.4285714285714285,0.5714285714285714,0.5714285714285714,0.0,0.0,0.0,0.1428571428571428,0.8571428571428571,0.5,0.2857142857142857,0.5,0.1428571428571428,0.2857142857142857,0.0,0.2857142857142857,0.0,0.4285714285714285,0.0,7.0,0.4285714285714285,5,False,False,False,False,1,0.0
official_scotland,James,M,,787,dʒeɪmz,0.3333333333333333,0.5,0.6666666666666666,0.6666666666666666,0.0,0.0,0.1666666666666666,0.3333333333333333,1.0,0.6666666666666666,0.5,0.4166666666666667,0.1666666666666666,0.1666666666666666,0.0,0.0,0.0,0.5,0.0,6.0,0.3333333333333333,5,False,False,False,False,1,0.0
official_scotland,Jessica,F,,447,dʒɛsɪkə,0.4285714285714285,0.4285714285714285,0.5714285714285714,0.7142857142857143,0.0,0.0,0.0,0.2857142857142857,0.7142857142857143,0.5,0.4285714285714285,0.4285714285714285,0.0,0.2857142857142857,0.0,0.2857142857142857,0.0,0.2857142857142857,0.0,7.0,0.4285714285714285,7,False,False,False,False,0,0.0
official_scotland,Jude,M,,424,dʒuːd,0.25,0.25,0.75,0.5,0.0,0.0,0.0,0.25,1.0,0.625,0.75,0.375,0.25,0.25,0.0,0.25,0.25,0.625,0.25,4.0,0.25,4,False,False,False,False,1,0.0
official_scotland,Leo,M,,873,liːəʊ,0.75,1.0,0.25,1.0,0.0,0.25,0.0,0.0,1.0,0.625,0.25,0.375,0.0,0.5,0.0,0.5,0.25,0.375,0.25,4.0,0.75,3,False,False,False,False,1,0.0
official_scotland,Lewis,M,,712,luːɪs,0.5,0.75,0.5,1.0,0.0,0.25,0.0,0.25,0.75,0.75,0.5,0.25,0.25,0.5,0.0,0.25,0.25,0.5,0.25,4.0,0.5,5,False,False,False,False,1,0.0
official_scotland,Lily,F,,631,lɪli,0.5,1.0,0.5,1.0,0.0,0.5,0.0,0.0,1.0,0.75,0.5,0.25,0.0,0.5,0.0,0.0,0.0,0.5,0.0,4.0,0.5,4,False,False,False,False,0,0.0
official_scotland,Logan,M,,560,ləʊɡən,0.5,0.8333333333333334,0.5,0.6666666666666666,0.0,0.1666666666666666,0.1666666666666666,0.0,1.0,0.5833333333333334,0.3333333333333333,0.3333333333333333,0.0,0.3333333333333333,0.0,0.6666666666666666,0.1666666666666666,0.25,0.0,6.0,0.5,5,False,False,False,False,1,0.0
official_scotland,Luca,M,,546,luːkə,0.5,0.75,0.5,0.75,0.0,0.25,0.0,0.0,0.75,0.5,0.25,0.375,0.25,0.5,0.0,0.75,0.25,0.5,0.25,4.0,0.5,4,False,False,False,False,1,0.0
official_scotland,Lucas,M,,657,luːkəz,0.4,0.6,0.6,0.8,0.0,0.2,0.0,0.2,0.8,0.6,0.4,0.3,0.2,0.4,0.0,0.6,0.2,0.5,0.2,5.0,0.4,5,False,False,False,False,1,0.0
official_scotland,Lucy,F,,470,luːsi,0.5,0.75,0.5,1.0,0.0,0.25,0.0,0.25,0.75,0.75,0.5,0.25,0.25,0.5,0.0,0.25,0.25,0.75,0.25,4.0,0.5,4,False,False,False,False,0,0.0
official_scotland,Maisie,F,,484,meɪsi,0.6,0.8,0.4,0.8,0.0,0.0,0.2,0.2,0.8,0.7,0.2,0.4,0.2,0.4,0.0,0.0,0.0,0.6,0.0,5.0,0.6,6,False,False,False,False,0,0.0
official_scotland,Mason,M,,575,meɪsən,0.5,0.8333333333333334,0.5,0.6666666666666666,0.0,0.0,0.3333333333333333,0.1666666666666666,0.8333333333333334,0.75,0.3333333333333333,0.3333333333333333,0.1666666666666666,0.1666666666666666,0.0,0.1666666666666666,0.0,0.4166666666666667,0.0,6.0,0.5,5,False,False,False,False,1,0.0
official_scotland,Max,M,,528,maks,0.25,0.5,0.75,0.5,0.0,0.0,0.25,0.25,0.5,0.625,0.25,0.375,0.25,0.25,0.25,0.5,0.0,0.625,0.0,4.0,0.25,3,False,False,False,False,1,0.0
official_scotland,Mia,F,,490,miə,0.6666666666666666,1.0,0.3333333333333333,0.6666666666666666,0.0,0.0,0.3333333333333333,0.0,1.0,0.6666666666666666,0.0,0.5,0.3333333333333333,0.3333333333333333,0.0,0.3333333333333333,0.0,0.5,0.0,3.0,0.6666666666666666,3,False,False,False,False,0,0.0
official_scotland,Millie,F,,674,mɪlɪ,0.5,1.0,0.5,0.75,0.0,0.25,0.25,0.0,1.0,0.75,0.25,0.375,0.25,0.5,0.0,0.0,0.0,0.25,0.0,4.0,0.5,6,False,False,False,False,0,0.0
official_scotland,Muhammad,M,,413,məhamɪd,0.4285714285714285,0.8571428571428571,0.5714285714285714,0.5714285714285714,0.0,0.0,0.2857142857142857,0.0,0.8571428571428571,0.6428571428571429,0.1428571428571428,0.4285714285714285,0.2857142857142857,0.1428571428571428,0.1428571428571428,0.4285714285714285,0.0,0.4285714285714285,0.0,7.0,0.4285714285714285,8,False,False,False,False,1,0.0
official_scotland,Noah,M,,1009,nəʊʌ,0.75,1.0,0.25,0.75,0.0,0.0,0.25,0.0,1.0,0.625,0.25,0.375,0.0,0.25,0.0,0.75,0.25,0.375,0.0,4.0,0.75,4,False,False,False,False,1,0.0
official_scotland,Oliver,M,,819,ɒlɪvə,0.6,0.8,0.4,1.0,0.0,0.2,0.0,0.2,1.0,0.7,0.2,0.4,0.2,0.2,0.2,0.4,0.2,0.4,0.0,5.0,0.6,6,False,False,False,False,1,0.0
official_scotland,Olivia,F,,992,ɒlɪviə,0.6666666666666666,0.8333333333333334,0.3333333333333333,1.0,0.0,0.1666666666666666,0.0,0.1666666666666666,1.0,0.6666666666666666,0.1666666666666666,0.4166666666666667,0.1666666666666666,0.3333333333333333,0.1666666666666666,0.3333333333333333,0.1666666666666666,0.5,0.0,6.0,0.6666666666666666,6,False,False,False,False,0,0.0
official_scotland,Orla,F,,418,ɔːlə,0.6666666666666666,1.0,0.3333333333333333,1.0,0.0,0.3333333333333333,0.0,0.0,1.0,0.6666666666666666,0.3333333333333333,0.3333333333333333,0.0,0.0,0.0,0.6666666666666666,0.3333333333333333,0.1666666666666666,0.3333333333333333,3.0,0.6666666666666666,4,False,False,False,False,0,0.0
official_scotland,Oscar,M,,456,ɒskə,0.5,0.5,0.5,0.75,0.0,0.0,0.0,0.25,0.5,0.5,0.25,0.375,0.0,0.25,0.25,0.75,0.25,0.5,0.0,4.0,0.5,5,False,False,False,False,1,0.0
official_scotland,Rory,M,,756,ɹɔːɹi,0.5,1.0,0.0,1.0,0.0,0.0,0.0,0.0,1.0,0.75,0.5,0.25,0.0,0.75,0.0,0.25,0.75,0.5,0.25,4.0,0.5,4,False,False,False,False,1,0.0
official_scotland,Rosie,F,,515,ɹəʊsi,0.6,0.8,0.2,1.0,0.0,0.0,0.0,0.2,0.8,0.7,0.4,0.3,0.0,0.6,0.0,0.4,0.4,0.4,0.0,5.0,0.6,5,False,False,False,False,0,0.0
official_scotland,Ruby,F,,380,ɹuːbi,0.5,0.75,0.25,0.75,0.0,0.0,0.0,0.0,1.0,0.75,0.25,0.375,0.5,0.75,0.0,0.25,0.5,0.75,0.25,4.0,0.5,4,False,False,False,False,0,0.0
official_scotland,Sofia,F,,411,səʊfiə,0.6666666666666666,0.6666666666666666,0.3333333333333333,1.0,0.0,0.0,0.0,0.3333333333333333,0.6666666666666666,0.6666666666666666,0.1666666666666666,0.4166666666666667,0.1666666666666666,0.3333333333333333,0.0,0.5,0.1666666666666666,0.3333333333333333,0.0,6.0,0.6666666666666666,5,False,False,False,False,0,0.0
official_scotland,Sophia,F,,585,səʊfiə,0.6666666666666666,0.6666666666666666,0.3333333333333333,1.0,0.0,0.0,0.0,0.3333333333333333,0.6666666666666666,0.6666666666666666,0.1666666666666666,0.4166666666666667,0.1666666666666666,0.3333333333333333,0.0,0.5,0.1666666666666666,0.3333333333333333,0.0,6.0,0.6666666666666666,6,False,False,False,False,0,0.0
official_scotland,Sophie,F,,746,səʊfi,0.6,0.6,0.4,1.0,0.0,0.0,0.0,0.4,0.6,0.7,0.2,0.4,0.2,0.4,0.0,0.4,0.2,0.4,0.0,5.0,0.6,6,False,False,False,False,0,0.0
official_scotland,Theo,M,,694,θiːəʊ,0.75,0.75,0.25,1.0,0.0,0.0,0.0,0.0,0.75,0.625,0.25,0.625,0.0,0.5,0.0,0.5,0.25,0.375,0.25,4.0,0.75,4,False,False,False,False,1,0.0
official_scotland,Thomas,M,,574,tɒməs,0.4,0.6,0.6,0.6,0.0,0.0,0.2,0.2,0.6,0.8,0.4,0.3,0.2,0.0,0.2,0.4,0.2,0.5,0.0,5.0,0.4,6,False,False,False,False,1,0.0
official_scotland,Tommy,M,,436,tɒmi,0.5,0.75,0.5,0.5,0.0,0.0,0.25,0.0,0.75,0.75,0.25,0.375,0.25,0.25,0.25,0.25,0.25,0.75,0.0,4.0,0.5,5,False,False,False,False,1,0.0
official_scotland,Willow,F,,397,wɪləʊ,0.6,1.0,0.2,1.0,0.0,0.2,0.0,0.0,1.0,0.5,0.2,0.4,0.2,0.6,0.0,0.6,0.4,0.2,0.0,5.0,0.6,6,False,False,False,False,0,0.0
official_slovakia,Adam,M,,2415,adam,0.5,0.75,0.5,0.5,0.0,0.0,0.25,0.0,1.0,0.75,0.25,0.375,0.25,0.0,0.5,0.5,0.0,0.75,0.0,4.0,0.5,4,False,False,False,False,1,0.0
official_slovakia,Jakub,M,,19202,jakup,0.4,0.6,0.4,0.6,0.0,0.0,0.0,0.0,0.6,0.4,0.0,0.5,0.4,0.6,0.2,0.6,0.2,0.7,0.0,5.0,0.4,5,False,False,False,False,1,0.0
official_slovakia,Kristína,F,,3881,kristʲiːna,0.375,0.625,0.625,0.625,0.0625,0.0,0.125,0.125,0.625,0.6875,0.5,0.25,0.0,0.5625,0.1875,0.25,0.0,0.6875,0.125,8.0,0.375,8,False,False,False,False,0,0.0
official_slovakia,Laura,F,,853,laura,0.6,1.0,0.4,1.0,0.1,0.2,0.0,0.0,1.0,0.7,0.4,0.3,0.2,0.3,0.5,0.6,0.2,0.8,0.0,5.0,0.6,5,False,False,False,False,0,0.0
official_slovakia,Martin,M,,2458,martin,0.3333333333333333,0.8333333333333334,0.6666666666666666,0.5,0.0833333333333333,0.0,0.3333333333333333,0.0,0.8333333333333334,0.8333333333333334,0.5,0.25,0.1666666666666666,0.25,0.25,0.1666666666666666,0.0,0.6666666666666666,0.0,6.0,0.3333333333333333,6,False,False,False,False,1,0.0
official_slovakia,Natália,F,,5501,nataːlia,0.5714285714285714,0.8571428571428571,0.4285714285714285,0.7142857142857143,0.0,0.1428571428571428,0.1428571428571428,0.0,0.8571428571428571,0.7142857142857143,0.4285714285714285,0.2857142857142857,0.0,0.1428571428571428,0.4285714285714285,0.4285714285714285,0.0,0.7857142857142857,0.1428571428571428,7.0,0.5714285714285714,7,False,False,False,False,0,0.0
official_slovakia,Patrik,M,,1219,patrik,0.3333333333333333,0.5,0.6666666666666666,0.5,0.0833333333333333,0.0,0.0,0.0,0.5,0.6666666666666666,0.3333333333333333,0.3333333333333333,0.1666666666666666,0.4166666666666667,0.25,0.3333333333333333,0.0,0.6666666666666666,0.0,6.0,0.3333333333333333,6,False,False,False,False,1,0.0
official_slovakia,Samuel,M,,13154,samuel,0.5,0.8333333333333334,0.5,0.8333333333333334,0.0,0.1666666666666666,0.1666666666666666,0.1666666666666666,0.8333333333333334,0.75,0.3333333333333333,0.3333333333333333,0.3333333333333333,0.1666666666666666,0.1666666666666666,0.3333333333333333,0.1666666666666666,0.75,0.0,6.0,0.5,6,False,False,False,False,1,0.0
official_slovakia,Sofia,F,,9605,sofia,0.6,0.6,0.4,1.0,0.0,0.0,0.0,0.4,0.6,0.7,0.2,0.4,0.2,0.2,0.2,0.4,0.2,0.8,0.0,5.0,0.6,5,False,False,False,False,0,0.0
official_slovakia,Viktória,F,,8453,viktoːria,0.5,0.625,0.5,0.75,0.0625,0.0,0.0,0.125,0.75,0.625,0.25,0.375,0.125,0.4375,0.1875,0.375,0.125,0.75,0.125,8.0,0.5,8,False,False,False,False,0,0.0
official_slovenia,Adam,M,,64,aːdam,0.5,0.75,0.5,0.5,0.0,0.0,0.25,0.0,1.0,0.75,0.25,0.375,0.25,0.0,0.5,0.5,0.0,0.75,0.25,4.0,0.5,4,False,False,False,False,1,0.0
official_slovenia,Ajda,F,,132,aːjda,0.5,0.75,0.25,0.75,0.0,0.0,0.0,0.0,1.0,0.5,0.25,0.375,0.0,0.25,0.5,0.5,0.0,0.75,0.25,4.0,0.5,4,False,False,False,False,0,0.0
official_slovenia,Ana,F,,78,aːna,0.6666666666666666,1.0,0.3333333333333333,0.6666666666666666,0.0,0.0,0.3333333333333333,0.0,1.0,0.6666666666666666,0.3333333333333333,0.3333333333333333,0.0,0.0,0.6666666666666666,0.6666666666666666,0.0,0.8333333333333334,0.3333333333333333,3.0,0.6666666666666666,3,False,False,False,False,0,0.0
official_slovenia,Bine,M,,103,biːnɛ,0.5,0.75,0.5,0.5,0.0,0.0,0.25,0.0,1.0,0.75,0.25,0.375,0.25,0.25,0.0,0.0,0.0,0.5,0.25,4.0,0.5,4,False,False,False,False,1,0.0
official_slovenia,Bor,M,,59,boːr,0.3333333333333333,0.6666666666666666,0.6666666666666666,0.6666666666666666,0.1666666666666666,0.0,0.0,0.0,1.0,0.8333333333333334,0.3333333333333333,0.3333333333333333,0.3333333333333333,0.1666666666666666,0.1666666666666666,0.3333333333333333,0.3333333333333333,0.6666666666666666,0.3333333333333333,3.0,0.3333333333333333,3,False,False,False,False,1,0.0
official_slovenia,Brin,M,,74,briːn,0.25,0.75,0.75,0.5,0.125,0.0,0.25,0.0,1.0,0.875,0.5,0.25,0.25,0.375,0.125,0.0,0.0,0.625,0.25,4.0,0.25,4,False,False,False,False,1,0.0
official_slovenia,Brina,F,,70,briːna,0.4,0.8,0.6,0.6,0.1,0.0,0.2,0.0,1.0,0.8,0.4,0.3,0.2,0.3,0.3,0.2,0.0,0.7,0.2,5.0,0.4,5,False,False,False,False,0,0.0
official_slovenia,Ela,F,,109,eːla,0.6666666666666666,1.0,0.3333333333333333,1.0,0.0,0.3333333333333333,0.0,0.0,1.0,0.6666666666666666,0.3333333333333333,0.3333333333333333,0.0,0.0,0.3333333333333333,0.3333333333333333,0.0,0.8333333333333334,0.3333333333333333,3.0,0.6666666666666666,3,False,False,False,False,0,0.0
official_slovenia,Ema,F,,165,eːma,0.6666666666666666,1.0,0.3333333333333333,0.6666666666666666,0.0,0.0,0.3333333333333333,0.0,1.0,0.6666666666666666,0.0,0.5,0.3333333333333333,0.0,0.3333333333333333,0.3333333333333333,0.0,0.8333333333333334,0.3333333333333333,3.0,0.6666666666666666,3,False,False,False,False,0,0.0
official_slovenia,Eva,F,,93,eːʋa,0.6666666666666666,1.0,0.0,1.0,0.1666666666666666,0.0,0.0,0.0,1.0,0.6666666666666666,0.0,0.5,0.3333333333333333,0.1666666666666666,0.5,0.3333333333333333,0.0,0.8333333333333334,0.3333333333333333,3.0,0.6666666666666666,3,False,False,False,False,0,0.0
official_slovenia,Filip,M,,170,fiːlip,0.4,0.6,0.6,0.8,0.0,0.2,0.0,0.2,0.6,0.8,0.2,0.4,0.4,0.4,0.0,0.0,0.0,0.7,0.2,5.0,0.4,5,False,False,False,False,1,0.0
official_slovenia,Gaja,F,,65,ɡaːja,0.5,0.75,0.25,0.75,0.0,0.0,0.0,0.0,1.0,0.25,0.0,0.5,0.0,0.5,0.5,0.75,0.0,0.75,0.25,4.0,0.5,4,False,False,False,False,0,0.0
official_slovenia,Gal,M,,91,ɡaːw,0.3333333333333333,0.6666666666666666,0.3333333333333333,0.6666666666666666,0.0,0.0,0.0,0.0,1.0,0.1666666666666666,0.0,0.5,0.3333333333333333,0.6666666666666666,0.3333333333333333,1.0,0.3333333333333333,0.6666666666666666,0.3333333333333333,3.0,0.3333333333333333,3,False,False,False,False,1,0.0
official_slovenia,Hana,F,,155,xaːna,0.5,0.75,0.5,0.75,0.0,0.0,0.25,0.0,0.75,0.5,0.25,0.375,0.0,0.25,0.5,0.75,0.0,0.75,0.25,4.0,0.5,4,False,False,False,False,0,0.0
official_slovenia,Iva,F,,73,iːʋa,0.6666666666666666,1.0,0.0,1.0,0.1666666666666666,0.0,0.0,0.0,1.0,0.6666666666666666,0.0,0.5,0.3333333333333333,0.5,0.5,0.3333333333333333,0.0,0.8333333333333334,0.3333333333333333,3.0,0.6666666666666666,3,False,False,False,False,0,0.0
official_slovenia,Izak,M,,59,iːzak,0.5,0.5,0.5,0.75,0.0,0.0,0.0,0.25,0.75,0.5,0.25,0.375,0.0,0.5,0.25,0.5,0.0,0.75,0.25,4.0,0.5,4,False,False,False,False,1,0.0
official_slovenia,Jaka,M,,102,jaːka,0.5,0.75,0.25,0.75,0.0,0.0,0.0,0.0,0.75,0.25,0.0,0.5,0.0,0.5,0.5,0.75,0.0,0.75,0.25,4.0,0.5,4,False,False,False,False,1,0.0
official_slovenia,Jakob,M,,178,jaːkɔp,0.4,0.6,0.4,0.6,0.0,0.0,0.0,0.0,0.6,0.4,0.0,0.5,0.2,0.4,0.2,0.6,0.2,0.5,0.2,5.0,0.4,5,False,False,False,False,1,0.0
official_slovenia,Jan,M,,87,jaːn,0.3333333333333333,1.0,0.3333333333333333,0.6666666666666666,0.0,0.0,0.3333333333333333,0.0,1.0,0.5,0.3333333333333333,0.3333333333333333,0.0,0.3333333333333333,0.3333333333333333,0.3333333333333333,0.0,0.6666666666666666,0.3333333333333333,3.0,0.3333333333333333,3,False,False,False,False,1,0.0
official_slovenia,Julija,F,,161,juliːja,0.5,1.0,0.1666666666666666,1.0,0.0,0.1666666666666666,0.0,0.0,1.0,0.4166666666666667,0.1666666666666666,0.4166666666666667,0.1666666666666666,0.6666666666666666,0.1666666666666666,0.3333333333333333,0.1666666666666666,0.75,0.1666666666666666,6.0,0.5,6,False,False,False,False,0,0.0
official_slovenia,Kaja,F,,58,kaːja,0.5,0.75,0.25,0.75,0.0,0.0,0.0,0.0,0.75,0.25,0.0,0.5,0.0,0.5,0.5,0.75,0.0,0.75,0.25,4.0,0.5,4,False,False,False,False,0,0.0
official_slovenia,Klara,F,,63,klaːra,0.4,0.8,0.6,0.8,0.1,0.2,0.0,0.0,0.8,0.6,0.4,0.3,0.0,0.3,0.5,0.6,0.0,0.7,0.2,5.0,0.4,5,False,False,False,False,0,0.0
official_slovenia,Lan,M,,126,laːn,0.3333333333333333,1.0,0.6666666666666666,0.6666666666666666,0.0,0.3333333333333333,0.3333333333333333,0.0,1.0,0.8333333333333334,0.6666666666666666,0.1666666666666666,0.0,0.0,0.3333333333333333,0.3333333333333333,0.0,0.6666666666666666,0.3333333333333333,3.0,0.3333333333333333,3,False,False,False,False,1,0.0
official_slovenia,Lana,F,,102,laːna,0.5,1.0,0.5,0.75,0.0,0.25,0.25,0.0,1.0,0.75,0.5,0.25,0.0,0.0,0.5,0.5,0.0,0.75,0.25,4.0,0.5,4,False,False,False,False,0,0.0
official_slovenia,Lara,F,,108,laːra,0.5,1.0,0.5,1.0,0.125,0.25,0.0,0.0,1.0,0.75,0.5,0.25,0.0,0.125,0.625,0.5,0.0,0.75,0.25,4.0,0.5,4,False,False,False,False,0,0.0
official_slovenia,Leo,M,,83,leːɔ,0.6666666666666666,1.0,0.3333333333333333,1.0,0.0,0.3333333333333333,0.0,0.0,1.0,0.6666666666666666,0.3333333333333333,0.3333333333333333,0.0,0.0,0.0,0.3333333333333333,0.3333333333333333,0.5,0.3333333333333333,3.0,0.6666666666666666,3,False,False,False,False,1,0.0
official_slovenia,Leon,M,,82,leːɔn,0.5,1.0,0.5,0.75,0.0,0.25,0.25,0.0,1.0,0.75,0.5,0.25,0.0,0.0,0.0,0.25,0.25,0.5,0.25,4.0,0.5,4,False,False,False,False,1,0.0
official_slovenia,Liam,M,,149,ljaːm,0.25,1.0,0.5,0.75,0.0,0.25,0.25,0.0,1.0,0.625,0.25,0.375,0.25,0.25,0.25,0.25,0.0,0.625,0.25,4.0,0.25,4,False,False,False,False,1,0.0
official_slovenia,Lili,F,,58,liːli,0.5,1.0,0.5,1.0,0.0,0.5,0.0,0.0,1.0,0.75,0.5,0.25,0.0,0.5,0.0,0.0,0.0,0.75,0.25,4.0,0.5,4,False,False,False,False,0,0.0
official_slovenia,Lina,F,,87,liːna,0.5,1.0,0.5,0.75,0.0,0.25,0.25,0.0,1.0,0.75,0.5,0.25,0.0,0.25,0.25,0.25,0.0,0.75,0.25,4.0,0.5,4,False,False,False,False,0,0.0
official_slovenia,Lovro,M,,144,lɔːʋrɔ,0.4,1.0,0.4,1.0,0.2,0.2,0.0,0.0,1.0,0.8,0.4,0.3,0.2,0.2,0.2,0.4,0.4,0.3,0.2,5.0,0.4,5,False,False,False,False,1,0.0
official_slovenia,Luka,M,,169,luːka,0.5,0.75,0.5,0.75,0.0,0.25,0.0,0.0,0.75,0.5,0.25,0.375,0.25,0.5,0.25,0.75,0.25,0.75,0.25,4.0,0.5,4,False,False,False,False,1,0.0
official_slovenia,Maj,M,,99,maːj,0.3333333333333333,1.0,0.3333333333333333,0.6666666666666666,0.0,0.0,0.3333333333333333,0.0,1.0,0.5,0.0,0.5,0.3333333333333333,0.3333333333333333,0.3333333333333333,0.3333333333333333,0.0,0.6666666666666666,0.3333333333333333,3.0,0.3333333333333333,3,False,False,False,False,1,0.0
official_slovenia,Maks,M,,118,maːks,0.25,0.5,0.75,0.5,0.0,0.0,0.25,0.25,0.5,0.625,0.25,0.375,0.25,0.25,0.25,0.5,0.0,0.625,0.25,4.0,0.25,4,False,False,False,False,1,0.0
official_slovenia,Mark,M,,205,maːrk,0.25,0.75,0.75,0.5,0.125,0.0,0.25,0.0,0.75,0.625,0.25,0.375,0.25,0.375,0.375,0.5,0.0,0.625,0.25,4.0,0.25,4,False,False,False,False,1,0.0
official_slovenia,Maša,F,,76,maːʃa,0.5,0.75,0.5,0.75,0.0,0.0,0.25,0.25,0.75,0.5,0.25,0.625,0.25,0.0,0.5,0.5,0.0,0.75,0.25,4.0,0.5,4,False,False,False,False,0,0.0
official_slovenia,Mia,F,,162,mjaː,0.3333333333333333,1.0,0.3333333333333333,0.6666666666666666,0.0,0.0,0.3333333333333333,0.0,1.0,0.5,0.0,0.5,0.3333333333333333,0.3333333333333333,0.3333333333333333,0.3333333333333333,0.0,0.6666666666666666,0.3333333333333333,3.0,0.3333333333333333,3,False,False,False,False,0,0.0
official_slovenia,Mila,F,,106,miːla,0.5,1.0,0.5,0.75,0.0,0.25,0.25,0.0,1.0,0.75,0.25,0.375,0.25,0.25,0.25,0.25,0.0,0.75,0.25,4.0,0.5,4,False,False,False,False,0,0.0
official_slovenia,Nace,M,,76,naːtsɛ,0.4,0.6,0.6,0.6,0.0,0.0,0.2,0.2,0.6,0.8,0.6,0.2,0.0,0.0,0.2,0.2,0.0,0.5,0.2,5.0,0.4,4,False,False,False,False,1,0.0
official_slovenia,Nejc,M,,55,neːjts,0.2,0.6,0.6,0.6,0.0,0.0,0.2,0.2,0.6,0.7,0.6,0.2,0.0,0.2,0.0,0.0,0.0,0.6,0.2,5.0,0.2,4,False,False,False,False,1,0.0
official_slovenia,Neža,F,,80,neːʒa,0.5,0.75,0.5,0.75,0.0,0.0,0.25,0.25,1.0,0.5,0.5,0.5,0.0,0.0,0.25,0.25,0.0,0.75,0.25,4.0,0.5,4,False,False,False,False,0,0.0
official_slovenia,Nik,M,,162,niːk,0.3333333333333333,0.6666666666666666,0.6666666666666666,0.3333333333333333,0.0,0.0,0.3333333333333333,0.0,0.6666666666666666,0.5,0.3333333333333333,0.3333333333333333,0.0,0.6666666666666666,0.0,0.3333333333333333,0.0,0.6666666666666666,0.3333333333333333,3.0,0.3333333333333333,3,False,False,False,False,1,0.0
official_slovenia,Nika,F,,78,niːka,0.5,0.75,0.5,0.5,0.0,0.0,0.25,0.0,0.75,0.5,0.25,0.375,0.0,0.5,0.25,0.5,0.0,0.75,0.25,4.0,0.5,4,False,False,False,False,0,0.0
official_slovenia,Oliver,M,,148,ɔliːʋər,0.5,1.0,0.3333333333333333,1.0,0.1666666666666666,0.1666666666666666,0.0,0.0,1.0,0.75,0.3333333333333333,0.3333333333333333,0.1666666666666666,0.3333333333333333,0.1666666666666666,0.3333333333333333,0.1666666666666666,0.4166666666666667,0.1666666666666666,6.0,0.5,6,False,False,False,False,1,0.0
official_slovenia,Oskar,M,,133,oːskar,0.4,0.6,0.6,0.8,0.1,0.0,0.0,0.2,0.6,0.6,0.4,0.3,0.0,0.3,0.3,0.6,0.2,0.7,0.2,5.0,0.4,5,False,False,False,False,1,0.0
official_slovenia,Ota,F,,53,oːta,0.6666666666666666,0.6666666666666666,0.3333333333333333,0.6666666666666666,0.0,0.0,0.0,0.0,0.6666666666666666,0.6666666666666666,0.3333333333333333,0.3333333333333333,0.0,0.0,0.3333333333333333,0.6666666666666666,0.3333333333333333,0.8333333333333334,0.3333333333333333,3.0,0.6666666666666666,3,False,False,False,False,0,0.0
official_slovenia,Pika,F,,55,piːka,0.5,0.5,0.5,0.5,0.0,0.0,0.0,0.0,0.5,0.5,0.0,0.5,0.25,0.5,0.25,0.5,0.0,0.75,0.25,4.0,0.5,4,False,False,False,False,0,0.0
official_slovenia,Sara,F,,80,saːra,0.5,0.75,0.5,1.0,0.125,0.0,0.0,0.25,0.75,0.75,0.5,0.25,0.0,0.125,0.625,0.5,0.0,0.75,0.25,4.0,0.5,4,False,False,False,False,0,0.0
official_slovenia,Sofia,F,,82,soːfja,0.4,0.6,0.4,1.0,0.0,0.0,0.0,0.4,0.6,0.6,0.2,0.4,0.2,0.2,0.2,0.4,0.2,0.7,0.2,5.0,0.4,5,False,False,False,False,0,0.0
official_slovenia,Sofija,F,,120,sɔfiːja,0.5,0.6666666666666666,0.3333333333333333,1.0,0.0,0.0,0.0,0.3333333333333333,0.6666666666666666,0.5833333333333334,0.1666666666666666,0.4166666666666667,0.1666666666666666,0.3333333333333333,0.1666666666666666,0.3333333333333333,0.1666666666666666,0.5833333333333334,0.1666666666666666,6.0,0.5,6,False,False,False,False,0,0.0
official_slovenia,Teo,M,,80,teːɔ,0.6666666666666666,0.6666666666666666,0.3333333333333333,0.6666666666666666,0.0,0.0,0.0,0.0,0.6666666666666666,0.6666666666666666,0.3333333333333333,0.3333333333333333,0.0,0.0,0.0,0.3333333333333333,0.3333333333333333,0.5,0.3333333333333333,3.0,0.6666666666666666,3,False,False,False,False,1,0.0
official_slovenia,Tim,M,,124,tiːm,0.3333333333333333,0.6666666666666666,0.6666666666666666,0.3333333333333333,0.0,0.0,0.3333333333333333,0.0,0.6666666666666666,0.8333333333333334,0.3333333333333333,0.3333333333333333,0.3333333333333333,0.3333333333333333,0.0,0.0,0.0,0.6666666666666666,0.3333333333333333,3.0,0.3333333333333333,3,False,False,False,False,1,0.0
official_slovenia,Val,M,,70,ʋaːw,0.3333333333333333,1.0,0.0,1.0,0.1666666666666666,0.0,0.0,0.0,1.0,0.5,0.0,0.5,0.6666666666666666,0.5,0.5,0.6666666666666666,0.3333333333333333,0.6666666666666666,0.3333333333333333,3.0,0.3333333333333333,3,False,False,False,False,1,0.0
official_slovenia,Vid,M,,97,ʋiːt,0.3333333333333333,0.6666666666666666,0.3333333333333333,0.6666666666666666,0.1666666666666666,0.0,0.0,0.0,0.6666666666666666,0.8333333333333334,0.3333333333333333,0.3333333333333333,0.3333333333333333,0.5,0.1666666666666666,0.0,0.0,0.6666666666666666,0.3333333333333333,3.0,0.3333333333333333,3,False,False,False,False,1,0.0
official_slovenia,Vita,F,,121,ʋiːta,0.5,0.75,0.25,0.75,0.125,0.0,0.0,0.0,0.75,0.75,0.25,0.375,0.25,0.375,0.375,0.25,0.0,0.75,0.25,4.0,0.5,4,False,False,False,False,0,0.0
official_slovenia,Vito,M,,55,ʋiːtɔ,0.5,0.75,0.25,0.75,0.125,0.0,0.0,0.0,0.75,0.75,0.25,0.375,0.25,0.375,0.125,0.25,0.25,0.5,0.25,4.0,0.5,4,False,False,False,False,1,0.0
official_slovenia,Zala,F,,139,zaːla,0.5,0.75,0.5,1.0,0.0,0.25,0.0,0.25,1.0,0.75,0.5,0.25,0.0,0.0,0.5,0.5,0.0,0.75,0.25,4.0,0.5,4,False,False,False,False,0,0.0
official_slovenia,Zarja,F,,96,zaːrja,0.4,0.8,0.4,1.0,0.1,0.0,0.0,0.2,1.0,0.6,0.4,0.3,0.0,0.3,0.5,0.4,0.0,0.7,0.2,5.0,0.4,5,False,False,False,False,0,0.0
official_slovenia,Zoja,F,,96,zoːja,0.5,0.75,0.25,1.0,0.0,0.0,0.0,0.25,1.0,0.5,0.25,0.375,0.0,0.25,0.25,0.5,0.25,0.75,0.25,4.0,0.5,4,False,False,False,False,0,0.0
official_slovenia,Žan,M,,94,ʒaːn,0.3333333333333333,0.6666666666666666,0.6666666666666666,0.6666666666666666,0.0,0.0,0.3333333333333333,0.3333333333333333,1.0,0.5,0.6666666666666666,0.5,0.0,0.0,0.3333333333333333,0.3333333333333333,0.0,0.6666666666666666,0.3333333333333333,3.0,0.3333333333333333,3,False,False,False,False,1,0.0
official_southafrica,Amahle,F,,1778,ɐmɑːɬɛ,0.6,0.8,0.4,0.8,0.3,0.2,0.2,0.0,0.8,0.7,0.2,0.4,0.2,0.1,0.3,0.2,0.0,0.6,0.2,5.0,0.6,6,False,False,False,False,0,0.0
official_southafrica,Junior,M,,1640,jyniɔr,0.5,1.0,0.3333333333333333,0.8333333333333334,0.0833333333333333,0.0,0.1666666666666666,0.0,1.0,0.5833333333333334,0.3333333333333333,0.3333333333333333,0.1666666666666666,0.5833333333333334,0.0833333333333333,0.1666666666666666,0.3333333333333333,0.5833333333333334,0.0,6.0,0.5,6,False,False,False,False,1,0.0
official_southafrica,Langelihle,M,,1874,lɐŋələɬɛ,0.5,0.875,0.5,0.875,0.125,0.375,0.125,0.0,0.875,0.625,0.375,0.3125,0.0,0.1875,0.0625,0.375,0.0,0.375,0.0,8.0,0.5,10,False,False,False,False,1,0.0
official_southafrica,Lesedi,F,,2010,liəsiədi,0.625,0.75,0.375,0.875,0.0,0.125,0.0,0.125,0.875,0.6875,0.375,0.3125,0.0,0.375,0.0,0.25,0.0,0.5625,0.0,8.0,0.625,6,False,False,False,False,0,0.0
official_southafrica,Lethabo,F,,2093,lɛthɑːbu,0.4285714285714285,0.7142857142857143,0.5714285714285714,0.7142857142857143,0.0714285714285714,0.1428571428571428,0.0,0.0,0.7142857142857143,0.6428571428571429,0.2857142857142857,0.3571428571428571,0.2857142857142857,0.1428571428571428,0.1428571428571428,0.4285714285714285,0.1428571428571428,0.5714285714285714,0.1428571428571428,7.0,0.4285714285714285,7,False,False,False,False,0,0.0
official_southafrica,Lethabo,M,,2965,lɛthɑːbu,0.4285714285714285,0.7142857142857143,0.5714285714285714,0.7142857142857143,0.0714285714285714,0.1428571428571428,0.0,0.0,0.7142857142857143,0.6428571428571429,0.2857142857142857,0.3571428571428571,0.2857142857142857,0.1428571428571428,0.1428571428571428,0.4285714285714285,0.1428571428571428,0.5714285714285714,0.1428571428571428,7.0,0.4285714285714285,7,False,False,False,False,1,0.0
official_southafrica,Lethokuhle,M,,1656,lɛthʊəkuːɬɛ,0.5,0.7,0.5,0.8,0.1,0.2,0.0,0.0,0.6,0.55,0.3,0.35,0.1,0.35,0.05,0.5,0.2,0.35,0.1,10.0,0.5,10,False,False,False,False,1,0.0
official_southafrica,Lisakhanya,F,,2298,lisɐkhɐnɛɪɑː,0.5454545454545454,0.8181818181818182,0.4545454545454545,0.8181818181818182,0.0454545454545454,0.0909090909090909,0.0909090909090909,0.0909090909090909,0.7272727272727273,0.5454545454545454,0.2727272727272727,0.3636363636363636,0.0,0.2727272727272727,0.0909090909090909,0.2727272727272727,0.0,0.5909090909090909,0.0909090909090909,11.0,0.5454545454545454,10,False,False,False,False,0,0.0
official_southafrica,Lubanzi,M,,2249,lybɐnzi,0.4285714285714285,0.7142857142857143,0.5714285714285714,0.7142857142857143,0.0,0.1428571428571428,0.1428571428571428,0.1428571428571428,1.0,0.7857142857142857,0.4285714285714285,0.2857142857142857,0.2857142857142857,0.2857142857142857,0.0,0.0,0.1428571428571428,0.7142857142857143,0.0,7.0,0.4285714285714285,7,False,False,False,False,1,0.0
official_southafrica,Melokuhle,F,,2463,miəlʊəkuːɬɛ,0.6,0.8,0.4,0.8,0.1,0.2,0.1,0.0,0.8,0.6,0.2,0.4,0.2,0.45,0.05,0.5,0.2,0.4,0.1,10.0,0.6,9,False,False,False,False,0,0.0
official_southafrica,Melokuhle,M,,1614,miəlʊəkuːɬɛ,0.6,0.8,0.4,0.8,0.1,0.2,0.1,0.0,0.8,0.6,0.2,0.4,0.2,0.45,0.05,0.5,0.2,0.4,0.1,10.0,0.6,9,False,False,False,False,1,0.0
official_southafrica,Naledi,F,,1771,nɑːliədi,0.5714285714285714,0.8571428571428571,0.4285714285714285,0.7142857142857143,0.0714285714285714,0.1428571428571428,0.1428571428571428,0.0,1.0,0.7142857142857143,0.4285714285714285,0.2857142857142857,0.0,0.2857142857142857,0.1428571428571428,0.2857142857142857,0.0,0.6428571428571429,0.1428571428571428,7.0,0.5714285714285714,6,False,False,False,False,0,0.0
official_southafrica,Nkanyezi,F,,1694,ŋkɐnɛɪəzi,0.5555555555555556,0.7777777777777778,0.4444444444444444,0.6666666666666666,0.0,0.0,0.2222222222222222,0.1111111111111111,0.8888888888888888,0.5,0.2222222222222222,0.3888888888888889,0.0,0.4444444444444444,0.0,0.3333333333333333,0.0,0.4444444444444444,0.0,9.0,0.5555555555555556,8,False,False,False,False,0,0.0
official_southafrica,Nkanyezi,M,,1890,ŋkɐnɛɪəzi,0.5555555555555556,0.7777777777777778,0.4444444444444444,0.6666666666666666,0.0,0.0,0.2222222222222222,0.1111111111111111,0.8888888888888888,0.5,0.2222222222222222,0.3888888888888889,0.0,0.4444444444444444,0.0,0.3333333333333333,0.0,0.4444444444444444,0.0,9.0,0.5555555555555556,8,False,False,False,False,1,0.0
official_southafrica,Nkazimulo,M,,2377,ŋkɑːzimylu,0.4444444444444444,0.7777777777777778,0.5555555555555556,0.6666666666666666,0.0555555555555555,0.1111111111111111,0.2222222222222222,0.1111111111111111,0.8888888888888888,0.5555555555555556,0.2222222222222222,0.3888888888888889,0.3333333333333333,0.5555555555555556,0.1111111111111111,0.4444444444444444,0.2222222222222222,0.7222222222222222,0.1111111111111111,9.0,0.4444444444444444,9,False,False,False,False,1,0.0
official_southafrica,Omphile,F,,1909,ɔmphilə,0.4285714285714285,0.8571428571428571,0.5714285714285714,0.7142857142857143,0.0,0.1428571428571428,0.1428571428571428,0.0,0.7142857142857143,0.6428571428571429,0.1428571428571428,0.4285714285714285,0.2857142857142857,0.1428571428571428,0.0,0.4285714285714285,0.1428571428571428,0.4285714285714285,0.0,7.0,0.4285714285714285,7,False,False,False,False,0,0.0
official_southafrica,Omphile,M,,1606,ɔmphilə,0.4285714285714285,0.8571428571428571,0.5714285714285714,0.7142857142857143,0.0,0.1428571428571428,0.1428571428571428,0.0,0.7142857142857143,0.6428571428571429,0.1428571428571428,0.4285714285714285,0.2857142857142857,0.1428571428571428,0.0,0.4285714285714285,0.1428571428571428,0.4285714285714285,0.0,7.0,0.4285714285714285,7,False,False,False,False,1,0.0
official_southafrica,Onalerona,F,,2836,ɔnɐliərʊənɐ,0.6363636363636364,1.0,0.3636363636363636,0.8181818181818182,0.0454545454545454,0.0909090909090909,0.1818181818181818,0.0,1.0,0.6818181818181818,0.3636363636363636,0.3181818181818182,0.0,0.2272727272727272,0.0454545454545454,0.3636363636363636,0.1818181818181818,0.4545454545454545,0.0,11.0,0.6363636363636364,9,False,False,False,False,0,0.0
official_southafrica,Siphosethu,M,,1607,səphʊəsəthy,0.4545454545454545,0.6363636363636364,0.5454545454545454,0.8181818181818182,0.0,0.0,0.0,0.1818181818181818,0.4545454545454545,0.5909090909090909,0.2727272727272727,0.3636363636363636,0.1818181818181818,0.1818181818181818,0.0,0.5454545454545454,0.1818181818181818,0.3636363636363636,0.0,11.0,0.4545454545454545,10,False,False,False,False,1,0.0
official_southafrica,Zanokuhle,F,,2273,zɑːnʊəkuːɬɛ,0.5555555555555556,0.6666666666666666,0.4444444444444444,0.7777777777777778,0.1666666666666666,0.1111111111111111,0.1111111111111111,0.1111111111111111,0.7777777777777778,0.6111111111111112,0.3333333333333333,0.3333333333333333,0.1111111111111111,0.3888888888888889,0.1666666666666666,0.5555555555555556,0.2222222222222222,0.4444444444444444,0.2222222222222222,9.0,0.5555555555555556,9,False,False,False,False,0,0.0
official_southkorea,가은,F,,13812,ɡɐɯn,0.5,0.75,0.5,0.5,0.0,0.0,0.25,0.0,1.0,0.5,0.25,0.375,0.0,0.5,0.0,0.5,0.0,0.5,0.0,4.0,0.5,2,False,False,False,False,0,0.0
official_southkorea,건우,M,,19357,ɡʌnu,0.5,0.75,0.5,0.5,0.0,0.0,0.25,0.0,1.0,0.5,0.25,0.375,0.25,0.5,0.0,0.75,0.25,0.75,0.0,4.0,0.5,2,False,False,False,False,1,0.0
official_southkorea,다은,F,,19231,dɐɯn,0.5,0.75,0.5,0.5,0.0,0.0,0.25,0.0,1.0,0.75,0.5,0.25,0.0,0.25,0.0,0.25,0.0,0.5,0.0,4.0,0.5,2,False,False,False,False,0,0.0
official_southkorea,도윤,M,,25665,dojun,0.4,0.8,0.4,0.6,0.0,0.0,0.2,0.0,1.0,0.6,0.4,0.3,0.2,0.4,0.0,0.4,0.4,0.7,0.0,5.0,0.4,2,False,False,False,False,1,0.0
official_southkorea,도현,M,,19394,dohjʌn,0.3333333333333333,0.8333333333333334,0.5,0.6666666666666666,0.0,0.0,0.1666666666666666,0.0,0.8333333333333334,0.5,0.3333333333333333,0.3333333333333333,0.0,0.1666666666666666,0.0,0.5,0.1666666666666666,0.6666666666666666,0.0,6.0,0.3333333333333333,2,False,False,False,False,1,0.0
official_southkorea,민서,F,,27259,minsʌ,0.4,0.8,0.6,0.6,0.0,0.0,0.4,0.2,0.8,0.8,0.4,0.3,0.2,0.2,0.0,0.2,0.0,0.7,0.0,5.0,0.4,2,False,False,False,False,0,0.0
official_southkorea,민재,M,,16097,mindʑɛ,0.3333333333333333,0.6666666666666666,0.6666666666666666,0.5,0.1666666666666666,0.0,0.3333333333333333,0.1666666666666666,1.0,0.6666666666666666,0.5,0.4166666666666667,0.1666666666666666,0.3333333333333333,0.0,0.0,0.0,0.5,0.0,6.0,0.3333333333333333,2,False,False,False,False,1,0.0
official_southkorea,민준,M,,37037,mindʑun,0.2857142857142857,0.7142857142857143,0.7142857142857143,0.4285714285714285,0.1428571428571428,0.0,0.4285714285714285,0.1428571428571428,1.0,0.7142857142857143,0.5714285714285714,0.3571428571428571,0.2857142857142857,0.4285714285714285,0.0,0.1428571428571428,0.1428571428571428,0.6428571428571429,0.0,7.0,0.2857142857142857,2,False,False,False,False,1,0.0
official_southkorea,서연,F,,34473,sʌjʌn,0.4,0.8,0.4,0.8,0.0,0.0,0.2,0.2,0.8,0.6,0.4,0.3,0.0,0.2,0.0,0.4,0.0,0.7,0.0,5.0,0.4,2,False,False,False,False,0,0.0
official_southkorea,서영,F,,13633,sʌjʌŋ,0.4,0.8,0.4,0.8,0.0,0.0,0.2,0.2,0.8,0.4,0.2,0.4,0.0,0.4,0.0,0.6,0.0,0.7,0.0,5.0,0.4,2,False,False,False,False,0,0.0
official_southkorea,서윤,F,,32728,sʌjun,0.4,0.8,0.4,0.8,0.0,0.0,0.2,0.2,0.8,0.6,0.4,0.3,0.2,0.4,0.0,0.4,0.2,0.7,0.0,5.0,0.4,2,False,False,False,False,0,0.0
official_southkorea,서준,M,,32228,sʌdʑun,0.3333333333333333,0.5,0.6666666666666666,0.6666666666666666,0.1666666666666666,0.0,0.1666666666666666,0.3333333333333333,0.8333333333333334,0.6666666666666666,0.6666666666666666,0.3333333333333333,0.1666666666666666,0.3333333333333333,0.0,0.3333333333333333,0.1666666666666666,0.6666666666666666,0.0,6.0,0.3333333333333333,2,False,False,False,False,1,0.0
official_southkorea,서진,M,,15622,sʌdʑin,0.3333333333333333,0.5,0.6666666666666666,0.6666666666666666,0.1666666666666666,0.0,0.1666666666666666,0.3333333333333333,0.8333333333333334,0.6666666666666666,0.6666666666666666,0.3333333333333333,0.0,0.3333333333333333,0.0,0.1666666666666666,0.0,0.6666666666666666,0.0,6.0,0.3333333333333333,2,False,False,False,False,1,0.0
official_southkorea,서현,F,,28194,sʌhjʌn,0.3333333333333333,0.8333333333333334,0.5,0.8333333333333334,0.0,0.0,0.1666666666666666,0.1666666666666666,0.6666666666666666,0.5,0.3333333333333333,0.3333333333333333,0.0,0.1666666666666666,0.0,0.5,0.0,0.6666666666666666,0.0,6.0,0.3333333333333333,2,False,False,False,False,0,0.0
official_southkorea,선우,M,,15861,sʌnu,0.5,0.75,0.5,0.75,0.0,0.0,0.25,0.25,0.75,0.75,0.5,0.25,0.25,0.25,0.0,0.5,0.25,0.75,0.0,4.0,0.5,2,False,False,False,False,1,0.0
official_southkorea,소윤,F,,15907,sojun,0.4,0.8,0.4,0.8,0.0,0.0,0.2,0.2,0.8,0.6,0.4,0.3,0.2,0.4,0.0,0.4,0.4,0.7,0.0,5.0,0.4,2,False,False,False,False,0,0.0
official_southkorea,소율,F,,17073,sojuɫ,0.4,0.8,0.4,1.0,0.1,0.2,0.0,0.2,0.8,0.6,0.4,0.3,0.2,0.4,0.0,0.4,0.4,0.7,0.0,5.0,0.4,2,False,False,False,False,0,0.0
official_southkorea,수빈,F,,18158,subin,0.4,0.6,0.6,0.6,0.0,0.0,0.2,0.2,0.8,0.8,0.4,0.3,0.4,0.4,0.0,0.2,0.2,0.7,0.0,5.0,0.4,2,False,False,False,False,0,0.0
official_southkorea,수아,F,,19401,suɐ,0.6666666666666666,0.6666666666666666,0.3333333333333333,1.0,0.0,0.0,0.0,0.3333333333333333,0.6666666666666666,0.6666666666666666,0.3333333333333333,0.3333333333333333,0.3333333333333333,0.3333333333333333,0.0,0.3333333333333333,0.3333333333333333,0.8333333333333334,0.0,3.0,0.6666666666666666,2,False,False,False,False,0,0.0
official_southkorea,승민,M,,12185,sɯŋmin,0.3333333333333333,0.8333333333333334,0.6666666666666666,0.5,0.0,0.0,0.5,0.1666666666666666,0.8333333333333334,0.6666666666666666,0.3333333333333333,0.3333333333333333,0.1666666666666666,0.5,0.0,0.3333333333333333,0.0,0.5,0.0,6.0,0.3333333333333333,2,False,False,False,False,1,0.0
official_southkorea,승우,M,,13043,sɯŋu,0.5,0.75,0.5,0.75,0.0,0.0,0.25,0.25,0.75,0.5,0.25,0.375,0.25,0.75,0.0,0.75,0.25,0.5,0.0,4.0,0.5,2,False,False,False,False,1,0.0
official_southkorea,승현,M,,13240,sɯŋhjʌn,0.2857142857142857,0.8571428571428571,0.5714285714285714,0.7142857142857143,0.0,0.0,0.2857142857142857,0.1428571428571428,0.7142857142857143,0.4285714285714285,0.2857142857142857,0.3571428571428571,0.0,0.4285714285714285,0.0,0.5714285714285714,0.0,0.5,0.0,7.0,0.2857142857142857,2,False,False,False,False,1,0.0
official_southkorea,시우,M,,24106,siu,0.6666666666666666,0.6666666666666666,0.3333333333333333,1.0,0.0,0.0,0.0,0.3333333333333333,0.6666666666666666,0.6666666666666666,0.3333333333333333,0.3333333333333333,0.3333333333333333,0.6666666666666666,0.0,0.3333333333333333,0.3333333333333333,0.8333333333333334,0.0,3.0,0.6666666666666666,2,False,False,False,False,1,0.0
official_southkorea,시윤,M,,12432,sijun,0.4,0.8,0.4,0.8,0.0,0.0,0.2,0.2,0.8,0.6,0.4,0.3,0.2,0.6,0.0,0.2,0.2,0.7,0.0,5.0,0.4,2,False,False,False,False,1,0.0
official_southkorea,시은,F,,14672,siɯn,0.5,0.75,0.5,0.75,0.0,0.0,0.25,0.25,0.75,0.75,0.5,0.25,0.0,0.5,0.0,0.25,0.0,0.5,0.0,4.0,0.5,2,False,False,False,False,0,0.0
official_southkorea,연우,M,,14657,jʌnu,0.5,1.0,0.25,0.75,0.0,0.0,0.25,0.0,1.0,0.5,0.25,0.375,0.25,0.5,0.0,0.5,0.25,0.75,0.0,4.0,0.5,2,False,False,False,False,1,0.0
official_southkorea,예린,F,,16554,jeɾin,0.4,1.0,0.4,0.8,0.1,0.0,0.2,0.0,1.0,0.6,0.4,0.3,0.0,0.5,0.1,0.0,0.0,0.7,0.0,5.0,0.4,2,False,False,False,False,0,0.0
official_southkorea,예원,F,,16950,jewʌn,0.4,1.0,0.2,0.8,0.0,0.0,0.2,0.0,1.0,0.4,0.2,0.4,0.2,0.4,0.0,0.4,0.2,0.7,0.0,5.0,0.4,2,False,False,False,False,0,0.0
official_southkorea,예은,F,,18895,jeɯn,0.5,1.0,0.25,0.75,0.0,0.0,0.25,0.0,1.0,0.5,0.25,0.375,0.0,0.5,0.0,0.25,0.0,0.5,0.0,4.0,0.5,2,False,False,False,False,0,0.0
official_southkorea,예준,M,,26635,jedʑun,0.3333333333333333,0.6666666666666666,0.5,0.6666666666666666,0.1666666666666666,0.0,0.1666666666666666,0.1666666666666666,1.0,0.5,0.5,0.4166666666666667,0.1666666666666666,0.5,0.0,0.1666666666666666,0.1666666666666666,0.6666666666666666,0.0,6.0,0.3333333333333333,2,False,False,False,False,1,0.0
official_southkorea,우진,M,,18539,udʑin,0.4,0.6,0.6,0.6,0.2,0.0,0.2,0.2,1.0,0.6,0.6,0.4,0.2,0.6,0.0,0.2,0.2,0.7,0.0,5.0,0.4,2,False,False,False,False,1,0.0
official_southkorea,유준,M,,13958,judʑun,0.3333333333333333,0.6666666666666666,0.5,0.6666666666666666,0.1666666666666666,0.0,0.1666666666666666,0.1666666666666666,1.0,0.5,0.5,0.4166666666666667,0.3333333333333333,0.6666666666666666,0.0,0.3333333333333333,0.3333333333333333,0.6666666666666666,0.0,6.0,0.3333333333333333,2,False,False,False,False,1,0.0
official_southkorea,유진,F,,14739,judʑin,0.3333333333333333,0.6666666666666666,0.5,0.6666666666666666,0.1666666666666666,0.0,0.1666666666666666,0.1666666666666666,1.0,0.5,0.5,0.4166666666666667,0.1666666666666666,0.6666666666666666,0.0,0.1666666666666666,0.1666666666666666,0.6666666666666666,0.0,6.0,0.3333333333333333,2,False,False,False,False,0,0.0
official_southkorea,윤서,F,,22854,junsʌ,0.4,0.8,0.4,0.8,0.0,0.0,0.2,0.2,0.8,0.6,0.4,0.3,0.2,0.4,0.0,0.4,0.2,0.7,0.0,5.0,0.4,2,False,False,False,False,0,0.0
official_southkorea,은서,F,,20165,ɯnsʌ,0.5,0.75,0.5,0.75,0.0,0.0,0.25,0.25,0.75,0.75,0.5,0.25,0.0,0.25,0.0,0.5,0.0,0.5,0.0,4.0,0.5,2,False,False,False,False,0,0.0
official_southkorea,정우,M,,14119,tɕʌŋu,0.4,0.6,0.6,0.6,0.2,0.0,0.2,0.2,0.6,0.4,0.4,0.5,0.2,0.6,0.0,0.6,0.2,0.7,0.0,5.0,0.4,2,False,False,False,False,1,0.0
official_southkorea,주원,M,,24029,tɕuwʌn,0.3333333333333333,0.6666666666666666,0.5,0.6666666666666666,0.1666666666666666,0.0,0.1666666666666666,0.1666666666666666,0.6666666666666666,0.5,0.5,0.4166666666666667,0.3333333333333333,0.5,0.0,0.5,0.3333333333333333,0.6666666666666666,0.0,6.0,0.3333333333333333,2,False,False,False,False,1,0.0
official_southkorea,준서,M,,21576,tɕunsʌ,0.3333333333333333,0.5,0.6666666666666666,0.6666666666666666,0.1666666666666666,0.0,0.1666666666666666,0.3333333333333333,0.5,0.6666666666666666,0.6666666666666666,0.3333333333333333,0.1666666666666666,0.3333333333333333,0.0,0.3333333333333333,0.1666666666666666,0.6666666666666666,0.0,6.0,0.3333333333333333,2,False,False,False,False,1,0.0
official_southkorea,준우,M,,20578,tɕunu,0.4,0.6,0.6,0.6,0.2,0.0,0.2,0.2,0.6,0.6,0.6,0.4,0.4,0.6,0.0,0.4,0.4,0.7,0.0,5.0,0.4,2,False,False,False,False,1,0.0
official_southkorea,준혁,M,,13151,tɕunhjʌq,0.25,0.625,0.625,0.625,0.125,0.0,0.125,0.125,0.5,0.375,0.375,0.4375,0.125,0.375,0.0,0.5,0.125,0.625,0.0,8.0,0.25,2,False,False,False,False,1,0.0
official_southkorea,지민,F,,22194,tɕimin,0.3333333333333333,0.6666666666666666,0.6666666666666666,0.5,0.1666666666666666,0.0,0.3333333333333333,0.1666666666666666,0.6666666666666666,0.6666666666666666,0.5,0.4166666666666667,0.1666666666666666,0.5,0.0,0.0,0.0,0.6666666666666666,0.0,6.0,0.3333333333333333,2,False,False,False,False,0,0.0
official_southkorea,지아,F,,17280,tɕiɐ,0.5,0.5,0.5,0.75,0.25,0.0,0.0,0.25,0.5,0.5,0.5,0.5,0.0,0.5,0.0,0.0,0.0,0.75,0.0,4.0,0.5,2,False,False,False,False,0,0.0
official_southkorea,지안,F,,14354,tɕiɐn,0.4,0.6,0.6,0.6,0.2,0.0,0.2,0.2,0.6,0.6,0.6,0.4,0.0,0.4,0.0,0.0,0.0,0.7,0.0,5.0,0.4,2,False,False,False,False,0,0.0
official_southkorea,지우,F,,28615,tɕiu,0.5,0.5,0.5,0.75,0.25,0.0,0.0,0.25,0.5,0.5,0.5,0.5,0.25,0.75,0.0,0.25,0.25,0.75,0.0,4.0,0.5,2,False,False,False,False,0,0.0
official_southkorea,지우,M,,11770,tɕiu,0.5,0.5,0.5,0.75,0.25,0.0,0.0,0.25,0.5,0.5,0.5,0.5,0.25,0.75,0.0,0.25,0.25,0.75,0.0,4.0,0.5,2,False,False,False,False,1,0.0
official_southkorea,지원,F,,16645,tɕiwʌn,0.3333333333333333,0.6666666666666666,0.5,0.6666666666666666,0.1666666666666666,0.0,0.1666666666666666,0.1666666666666666,0.6666666666666666,0.5,0.5,0.4166666666666667,0.1666666666666666,0.5,0.0,0.3333333333333333,0.1666666666666666,0.6666666666666666,0.0,6.0,0.3333333333333333,2,False,False,False,False,0,0.0
official_southkorea,지유,F,,21528,tɕiju,0.4,0.6,0.4,0.8,0.2,0.0,0.0,0.2,0.6,0.4,0.4,0.5,0.2,0.8,0.0,0.2,0.2,0.7,0.0,5.0,0.4,2,False,False,False,False,0,0.0
official_southkorea,지윤,F,,20195,tɕijun,0.3333333333333333,0.6666666666666666,0.5,0.6666666666666666,0.1666666666666666,0.0,0.1666666666666666,0.1666666666666666,0.6666666666666666,0.5,0.5,0.4166666666666667,0.1666666666666666,0.6666666666666666,0.0,0.1666666666666666,0.1666666666666666,0.6666666666666666,0.0,6.0,0.3333333333333333,2,False,False,False,False,0,0.0
official_southkorea,지호,M,,22269,tɕiho,0.4,0.6,0.6,0.8,0.2,0.0,0.0,0.2,0.4,0.4,0.4,0.5,0.0,0.4,0.0,0.4,0.2,0.7,0.0,5.0,0.4,2,False,False,False,False,1,0.0
official_southkorea,지환,M,,12938,tɕihwɐn,0.2857142857142857,0.7142857142857143,0.5714285714285714,0.7142857142857143,0.1428571428571428,0.0,0.1428571428571428,0.1428571428571428,0.5714285714285714,0.4285714285714285,0.4285714285714285,0.4285714285714285,0.1428571428571428,0.4285714285714285,0.0,0.2857142857142857,0.1428571428571428,0.6428571428571429,0.0,7.0,0.2857142857142857,2,False,False,False,False,1,0.0
official_southkorea,지후,M,,22146,tɕihu,0.4,0.6,0.6,0.8,0.2,0.0,0.0,0.2,0.4,0.4,0.4,0.5,0.2,0.6,0.0,0.4,0.2,0.7,0.0,5.0,0.4,2,False,False,False,False,1,0.0
official_southkorea,지훈,M,,19898,tɕihun,0.3333333333333333,0.6666666666666666,0.6666666666666666,0.6666666666666666,0.1666666666666666,0.0,0.1666666666666666,0.1666666666666666,0.5,0.5,0.5,0.4166666666666667,0.1666666666666666,0.5,0.0,0.3333333333333333,0.1666666666666666,0.6666666666666666,0.0,6.0,0.3333333333333333,2,False,False,False,False,1,0.0
official_southkorea,채원,F,,21329,tʃhɛwʌn,0.2857142857142857,0.7142857142857143,0.5714285714285714,0.7142857142857143,0.0,0.0,0.1428571428571428,0.1428571428571428,0.5714285714285714,0.4285714285714285,0.4285714285714285,0.4285714285714285,0.1428571428571428,0.1428571428571428,0.0,0.4285714285714285,0.1428571428571428,0.5,0.0,7.0,0.2857142857142857,2,False,False,False,False,0,0.0
official_southkorea,채은,F,,14004,tʃhɛɯn,0.3333333333333333,0.6666666666666666,0.6666666666666666,0.6666666666666666,0.0,0.0,0.1666666666666666,0.1666666666666666,0.5,0.5,0.5,0.4166666666666667,0.0,0.1666666666666666,0.0,0.3333333333333333,0.0,0.3333333333333333,0.0,6.0,0.3333333333333333,2,False,False,False,False,0,0.0
official_southkorea,하린,F,,13968,hɐɾin,0.4,1.0,0.6,0.8,0.1,0.0,0.2,0.0,0.8,0.6,0.4,0.3,0.0,0.3,0.1,0.2,0.0,0.7,0.0,5.0,0.4,2,False,False,False,False,0,0.0
official_southkorea,하윤,F,,24051,hɐjun,0.4,1.0,0.4,0.8,0.0,0.0,0.2,0.0,0.8,0.4,0.2,0.4,0.2,0.4,0.0,0.4,0.2,0.7,0.0,5.0,0.4,2,False,False,False,False,0,0.0
official_southkorea,하은,F,,25374,hɐɯn,0.5,1.0,0.5,0.75,0.0,0.0,0.25,0.0,0.75,0.5,0.25,0.375,0.0,0.25,0.0,0.5,0.0,0.5,0.0,4.0,0.5,2,False,False,False,False,0,0.0
official_southkorea,하준,M,,22251,hɐdʑun,0.3333333333333333,0.6666666666666666,0.6666666666666666,0.6666666666666666,0.1666666666666666,0.0,0.1666666666666666,0.1666666666666666,0.8333333333333334,0.5,0.5,0.4166666666666667,0.1666666666666666,0.3333333333333333,0.0,0.3333333333333333,0.1666666666666666,0.6666666666666666,0.0,6.0,0.3333333333333333,2,False,False,False,False,1,0.0
official_southkorea,현우,M,,20403,hjʌnu,0.4,1.0,0.4,0.8,0.0,0.0,0.2,0.0,0.8,0.4,0.2,0.4,0.2,0.4,0.0,0.6,0.2,0.7,0.0,5.0,0.4,2,False,False,False,False,1,0.0
official_southkorea,현준,M,,16041,hjʌndʑun,0.25,0.75,0.625,0.625,0.125,0.0,0.25,0.125,0.875,0.5,0.5,0.375,0.125,0.375,0.0,0.375,0.125,0.625,0.0,8.0,0.25,2,False,False,False,False,1,0.0
official_spain,ADRIAN,M,,160291,aðɾian,0.5,0.8333333333333334,0.5,0.8333333333333334,0.0833333333333333,0.0,0.1666666666666666,0.0,1.0,0.75,0.5,0.4166666666666667,0.0,0.25,0.4166666666666667,0.3333333333333333,0.0,0.75,0.0,6.0,0.5,6,False,False,False,False,1,0.0
official_spain,ALBERTO,M,,178696,alβeɾto,0.4285714285714285,0.7142857142857143,0.5714285714285714,0.8571428571428571,0.0714285714285714,0.1428571428571428,0.0,0.0,0.8571428571428571,0.7857142857142857,0.4285714285714285,0.2857142857142857,0.1428571428571428,0.0714285714285714,0.2142857142857142,0.2857142857142857,0.1428571428571428,0.7142857142857143,0.0,7.0,0.4285714285714285,7,False,False,False,False,1,0.0
official_spain,ALEJANDRO,M,,267256,alexandɾo,0.4444444444444444,0.7777777777777778,0.5555555555555556,0.7777777777777778,0.0555555555555555,0.1111111111111111,0.1111111111111111,0.0,0.8888888888888888,0.6666666666666666,0.4444444444444444,0.2777777777777778,0.0,0.1666666666666666,0.2777777777777778,0.4444444444444444,0.1111111111111111,0.7222222222222222,0.0,9.0,0.4444444444444444,9,False,False,False,False,1,0.0
official_spain,ALVARO,M,,165999,alβaɾo,0.5,0.8333333333333334,0.5,1.0,0.0833333333333333,0.1666666666666666,0.0,0.0,1.0,0.75,0.3333333333333333,0.3333333333333333,0.1666666666666666,0.0833333333333333,0.4166666666666667,0.5,0.1666666666666666,0.75,0.0,6.0,0.5,6,False,False,False,False,1,0.0
official_spain,ANA,F,,242495,ana,0.6666666666666666,1.0,0.3333333333333333,0.6666666666666666,0.0,0.0,0.3333333333333333,0.0,1.0,0.6666666666666666,0.3333333333333333,0.3333333333333333,0.0,0.0,0.6666666666666666,0.6666666666666666,0.0,0.8333333333333334,0.0,3.0,0.6666666666666666,3,False,False,False,False,0,0.0
official_spain,ANA MARIA,F,,268207,ana maɾja,0.5,1.0,0.375,0.75,0.0625,0.0,0.25,0.0,1.0,0.625,0.25,0.375,0.125,0.1875,0.5625,0.5,0.0,0.75,0.0,8.0,0.5,9,False,False,False,False,0,0.0
official_spain,ANGEL,M,,210316,aŋxel,0.4,0.8,0.6,0.8,0.0,0.2,0.2,0.0,0.8,0.4,0.2,0.4,0.0,0.4,0.2,0.6,0.0,0.7,0.0,5.0,0.4,5,False,False,False,False,1,0.0
official_spain,ANTONIA,F,,188716,antonja,0.4285714285714285,0.8571428571428571,0.4285714285714285,0.5714285714285714,0.0,0.0,0.2857142857142857,0.0,0.8571428571428571,0.6428571428571429,0.4285714285714285,0.2857142857142857,0.0,0.1428571428571428,0.2857142857142857,0.4285714285714285,0.1428571428571428,0.7142857142857143,0.0,7.0,0.4285714285714285,7,False,False,False,False,0,0.0
official_spain,ANTONIO,M,,627738,antonjo,0.4285714285714285,0.8571428571428571,0.4285714285714285,0.5714285714285714,0.0,0.0,0.2857142857142857,0.0,0.8571428571428571,0.6428571428571429,0.4285714285714285,0.2857142857142857,0.0,0.1428571428571428,0.1428571428571428,0.4285714285714285,0.2857142857142857,0.7142857142857143,0.0,7.0,0.4285714285714285,7,False,False,False,False,1,0.0
official_spain,CARLOS,M,,275908,kaɾlos,0.3333333333333333,0.6666666666666666,0.6666666666666666,0.8333333333333334,0.0833333333333333,0.1666666666666666,0.0,0.1666666666666666,0.6666666666666666,0.6666666666666666,0.5,0.25,0.0,0.25,0.25,0.5,0.1666666666666666,0.6666666666666666,0.0,6.0,0.3333333333333333,6,False,False,False,False,1,0.0
official_spain,CARMEN,F,,357905,kaɾmen,0.3333333333333333,0.8333333333333334,0.6666666666666666,0.5,0.0833333333333333,0.0,0.3333333333333333,0.0,0.8333333333333334,0.6666666666666666,0.3333333333333333,0.3333333333333333,0.1666666666666666,0.25,0.25,0.3333333333333333,0.0,0.6666666666666666,0.0,6.0,0.3333333333333333,6,False,False,False,False,0,0.0
official_spain,CONCEPCION,F,,133195,konθepθjon,0.3,0.6,0.6,0.6,0.0,0.0,0.2,0.0,0.6,0.65,0.4,0.5,0.1,0.2,0.0,0.3,0.2,0.65,0.0,10.0,0.3,10,False,False,False,False,0,0.0
official_spain,CRISTINA,F,,226985,kɾistina,0.375,0.625,0.625,0.625,0.0625,0.0,0.125,0.125,0.625,0.6875,0.5,0.25,0.0,0.4375,0.1875,0.25,0.0,0.6875,0.0,8.0,0.375,8,False,False,False,False,0,0.0
official_spain,DANIEL,M,,304423,danjel,0.3333333333333333,0.8333333333333334,0.5,0.6666666666666666,0.0,0.1666666666666666,0.1666666666666666,0.0,1.0,0.6666666666666666,0.5,0.25,0.0,0.1666666666666666,0.1666666666666666,0.1666666666666666,0.0,0.6666666666666666,0.0,6.0,0.3333333333333333,6,False,False,False,False,1,0.0
official_spain,DAVID,M,,370270,daβid,0.4,0.4,0.6,0.6,0.0,0.0,0.0,0.0,1.0,0.8,0.4,0.3,0.2,0.2,0.2,0.2,0.0,0.7,0.0,5.0,0.4,5,False,False,False,False,1,0.0
official_spain,DOLORES,F,,175700,doloɾes,0.4285714285714285,0.7142857142857143,0.5714285714285714,0.8571428571428571,0.0714285714285714,0.1428571428571428,0.0,0.1428571428571428,0.8571428571428571,0.7857142857142857,0.5714285714285714,0.2142857142857142,0.0,0.0714285714285714,0.0714285714285714,0.2857142857142857,0.2857142857142857,0.7142857142857143,0.0,7.0,0.4285714285714285,7,False,False,False,False,0,0.0
official_spain,ELENA,F,,160887,elena,0.6,1.0,0.4,0.8,0.0,0.2,0.2,0.0,1.0,0.7,0.4,0.3,0.0,0.0,0.2,0.2,0.0,0.8,0.0,5.0,0.6,5,False,False,False,False,0,0.0
official_spain,FERNANDO,M,,197189,feɾnando,0.375,0.75,0.625,0.625,0.0625,0.0,0.25,0.125,0.875,0.8125,0.5,0.25,0.125,0.0625,0.1875,0.25,0.125,0.6875,0.0,8.0,0.375,8,False,False,False,False,1,0.0
official_spain,FRANCISCA,F,,194475,fɾanθiska,0.3333333333333333,0.5555555555555556,0.6666666666666666,0.7777777777777778,0.0555555555555555,0.0,0.1111111111111111,0.2222222222222222,0.5555555555555556,0.7222222222222222,0.4444444444444444,0.3888888888888889,0.1111111111111111,0.2777777777777778,0.2777777777777778,0.3333333333333333,0.0,0.6666666666666666,0.0,9.0,0.3333333333333333,9,False,False,False,False,0,0.0
official_spain,FRANCISCO,M,,457139,fɾanθisko,0.3333333333333333,0.5555555555555556,0.6666666666666666,0.7777777777777778,0.0555555555555555,0.0,0.1111111111111111,0.2222222222222222,0.5555555555555556,0.7222222222222222,0.4444444444444444,0.3888888888888889,0.1111111111111111,0.2777777777777778,0.1666666666666666,0.3333333333333333,0.1111111111111111,0.6666666666666666,0.0,9.0,0.3333333333333333,9,False,False,False,False,1,0.0
official_spain,FRANCISCO JAVIER,M,,284792,fɾanθisko xaβjeɾ,0.3333333333333333,0.6,0.6,0.8666666666666667,0.0666666666666666,0.0,0.0666666666666666,0.1333333333333333,0.6666666666666666,0.6333333333333333,0.3333333333333333,0.4,0.1333333333333333,0.3333333333333333,0.2,0.3333333333333333,0.0666666666666666,0.6666666666666666,0.0,15.0,0.3333333333333333,16,False,False,False,False,1,0.0
official_spain,ISABEL,F,,249655,isaβel,0.5,0.6666666666666666,0.5,1.0,0.0,0.1666666666666666,0.0,0.1666666666666666,0.8333333333333334,0.75,0.3333333333333333,0.3333333333333333,0.1666666666666666,0.1666666666666666,0.1666666666666666,0.1666666666666666,0.0,0.75,0.0,6.0,0.5,6,False,False,False,False,0,0.0
official_spain,JAVIER,M,,308708,xaβjeɾ,0.3333333333333333,0.6666666666666666,0.5,1.0,0.0833333333333333,0.0,0.0,0.0,0.8333333333333334,0.5,0.1666666666666666,0.4166666666666667,0.1666666666666666,0.4166666666666667,0.25,0.3333333333333333,0.0,0.6666666666666666,0.0,6.0,0.3333333333333333,6,False,False,False,False,1,0.0
official_spain,JESUS,M,,265648,xesus,0.4,0.4,0.6,1.0,0.0,0.0,0.0,0.4,0.4,0.6,0.4,0.3,0.2,0.4,0.0,0.4,0.2,0.7,0.0,5.0,0.4,5,False,False,False,False,1,0.0
official_spain,JORGE,M,,193979,xoɾxe,0.4,0.6,0.6,1.0,0.1,0.0,0.0,0.0,0.6,0.4,0.2,0.4,0.0,0.5,0.1,0.6,0.2,0.7,0.0,5.0,0.4,5,False,False,False,False,1,0.0
official_spain,JOSE,M,,531575,xose,0.5,0.5,0.5,1.0,0.0,0.0,0.0,0.25,0.5,0.5,0.25,0.375,0.0,0.25,0.0,0.5,0.25,0.75,0.0,4.0,0.5,4,False,False,False,False,1,0.0
official_spain,JOSE ANTONIO,M,,300789,xose antonjo,0.4545454545454545,0.7272727272727273,0.4545454545454545,0.7272727272727273,0.0,0.0,0.1818181818181818,0.0909090909090909,0.7272727272727273,0.5909090909090909,0.3636363636363636,0.3181818181818182,0.0,0.1818181818181818,0.0909090909090909,0.4545454545454545,0.2727272727272727,0.7272727272727273,0.0,11.0,0.4545454545454545,12,False,False,False,False,1,0.0
official_spain,JOSE LUIS,M,,281788,xose luis,0.5,0.625,0.5,1.0,0.0,0.125,0.0,0.25,0.625,0.625,0.375,0.3125,0.125,0.375,0.0,0.375,0.25,0.75,0.0,8.0,0.5,9,False,False,False,False,1,0.0
official_spain,JOSE MANUEL,M,,237606,xose manwel,0.4,0.8,0.5,0.8,0.0,0.1,0.2,0.1,0.8,0.6,0.3,0.35,0.2,0.2,0.1,0.4,0.2,0.7,0.0,10.0,0.4,11,False,False,False,False,1,0.0
official_spain,JOSE MARIA,M,,196892,xose maɾja,0.4444444444444444,0.7777777777777778,0.4444444444444444,0.8888888888888888,0.0555555555555555,0.0,0.1111111111111111,0.1111111111111111,0.7777777777777778,0.5555555555555556,0.2222222222222222,0.3888888888888889,0.1111111111111111,0.2777777777777778,0.2777777777777778,0.4444444444444444,0.1111111111111111,0.7222222222222222,0.0,9.0,0.4444444444444444,10,False,False,False,False,1,0.0
official_spain,JOSEFA,F,,247271,xosefa,0.5,0.5,0.5,1.0,0.0,0.0,0.0,0.3333333333333333,0.5,0.5833333333333334,0.1666666666666666,0.4166666666666667,0.1666666666666666,0.1666666666666666,0.1666666666666666,0.5,0.1666666666666666,0.75,0.0,6.0,0.5,6,False,False,False,False,0,0.0
official_spain,JUAN,M,,318707,xwan,0.25,0.75,0.5,0.75,0.0,0.0,0.25,0.0,0.75,0.375,0.25,0.375,0.25,0.5,0.25,0.75,0.25,0.625,0.0,4.0,0.25,4,False,False,False,False,1,0.0
official_spain,JUAN CARLOS,M,,160378,xwan kaɾlos,0.3,0.7,0.6,0.8,0.05,0.1,0.1,0.1,0.7,0.55,0.4,0.3,0.1,0.35,0.25,0.6,0.2,0.65,0.0,10.0,0.3,11,False,False,False,False,1,0.0
official_spain,LAURA,F,,258046,laʊɾa,0.6,1.0,0.4,1.0,0.1,0.2,0.0,0.0,1.0,0.7,0.4,0.3,0.0,0.3,0.5,0.6,0.2,0.6,0.0,5.0,0.6,5,False,False,False,False,0,0.0
official_spain,LUCIA,F,,214434,luθja,0.4,0.8,0.4,1.0,0.0,0.2,0.0,0.0,0.8,0.6,0.4,0.5,0.2,0.4,0.2,0.4,0.2,0.7,0.0,5.0,0.4,5,False,False,False,False,0,0.0
official_spain,LUIS,M,,182300,luis,0.5,0.75,0.5,1.0,0.0,0.25,0.0,0.25,0.75,0.75,0.5,0.25,0.25,0.5,0.0,0.25,0.25,0.75,0.0,4.0,0.5,4,False,False,False,False,1,0.0
official_spain,MANUEL,M,,553117,manwel,0.3333333333333333,1.0,0.5,0.6666666666666666,0.0,0.1666666666666666,0.3333333333333333,0.0,1.0,0.6666666666666666,0.3333333333333333,0.3333333333333333,0.3333333333333333,0.1666666666666666,0.1666666666666666,0.3333333333333333,0.1666666666666666,0.6666666666666666,0.0,6.0,0.3333333333333333,6,False,False,False,False,1,0.0
official_spain,MANUELA,F,,137035,manwela,0.4285714285714285,1.0,0.4285714285714285,0.7142857142857143,0.0,0.1428571428571428,0.2857142857142857,0.0,1.0,0.6428571428571429,0.2857142857142857,0.3571428571428571,0.2857142857142857,0.1428571428571428,0.2857142857142857,0.4285714285714285,0.1428571428571428,0.7142857142857143,0.0,7.0,0.4285714285714285,7,False,False,False,False,0,0.0
official_spain,MARIA,F,,568535,maɾja,0.4,1.0,0.4,0.8,0.1,0.0,0.2,0.0,1.0,0.6,0.2,0.4,0.2,0.3,0.5,0.4,0.0,0.7,0.0,5.0,0.4,5,False,False,False,False,0,0.0
official_spain,MARIA ANGELES,F,,219914,maɾja aŋxeles,0.4166666666666667,0.8333333333333334,0.5,0.8333333333333334,0.0416666666666666,0.0833333333333333,0.1666666666666666,0.0833333333333333,0.8333333333333334,0.5416666666666666,0.25,0.375,0.0833333333333333,0.2916666666666667,0.2916666666666667,0.4166666666666667,0.0,0.7083333333333334,0.0,12.0,0.4166666666666667,13,False,False,False,False,0,0.0
official_spain,MARIA CARMEN,F,,636109,maɾja kaɾmen,0.3636363636363636,0.9090909090909092,0.5454545454545454,0.6363636363636364,0.0909090909090909,0.0,0.2727272727272727,0.0,0.9090909090909092,0.6363636363636364,0.2727272727272727,0.3636363636363636,0.1818181818181818,0.2727272727272727,0.3636363636363636,0.3636363636363636,0.0,0.6818181818181818,0.0,11.0,0.3636363636363636,12,False,False,False,False,0,0.0
official_spain,MARIA DOLORES,F,,249875,maɾja ðoloɾes,0.4166666666666667,0.8333333333333334,0.5,0.9166666666666666,0.0833333333333333,0.0833333333333333,0.0833333333333333,0.0833333333333333,0.9166666666666666,0.7083333333333334,0.4166666666666667,0.375,0.0833333333333333,0.1666666666666666,0.25,0.3333333333333333,0.1666666666666666,0.7083333333333334,0.0,12.0,0.4166666666666667,13,False,False,False,False,0,0.0
official_spain,MARIA ISABEL,F,,202325,maɾja isaβel,0.4545454545454545,0.8181818181818182,0.4545454545454545,0.9090909090909092,0.0454545454545454,0.0909090909090909,0.0909090909090909,0.0909090909090909,0.9090909090909092,0.6818181818181818,0.2727272727272727,0.3636363636363636,0.1818181818181818,0.2272727272727272,0.3181818181818182,0.2727272727272727,0.0,0.7272727272727273,0.0,11.0,0.4545454545454545,12,False,False,False,False,0,0.0
official_spain,MARIA JESUS,F,,134467,maɾja xesus,0.4,0.7,0.5,0.9,0.05,0.0,0.1,0.2,0.7,0.6,0.3,0.35,0.2,0.35,0.25,0.4,0.1,0.7,0.0,10.0,0.4,11,False,False,False,False,0,0.0
official_spain,MARIA JOSE,F,,202287,maɾja xose,0.4444444444444444,0.7777777777777778,0.4444444444444444,0.8888888888888888,0.0555555555555555,0.0,0.1111111111111111,0.1111111111111111,0.7777777777777778,0.5555555555555556,0.2222222222222222,0.3888888888888889,0.1111111111111111,0.2777777777777778,0.2777777777777778,0.4444444444444444,0.1111111111111111,0.7222222222222222,0.0,9.0,0.4444444444444444,10,False,False,False,False,0,0.0
official_spain,MARIA LUISA,F,,151913,maɾja luisa,0.5,0.9,0.4,0.9,0.05,0.1,0.1,0.1,0.9,0.65,0.3,0.35,0.2,0.35,0.35,0.4,0.1,0.75,0.0,10.0,0.5,11,False,False,False,False,0,0.0
official_spain,MARIA PILAR,F,,256038,maɾja pilaɾ,0.4,0.9,0.5,0.8,0.1,0.1,0.1,0.0,0.9,0.7,0.3,0.35,0.2,0.3,0.4,0.3,0.0,0.7,0.0,10.0,0.4,11,False,False,False,False,0,0.0
official_spain,MARIA TERESA,F,,243086,maɾja teɾesa,0.4545454545454545,0.8181818181818182,0.4545454545454545,0.8181818181818182,0.0909090909090909,0.0,0.0909090909090909,0.0909090909090909,0.8181818181818182,0.6818181818181818,0.3636363636363636,0.3181818181818182,0.0909090909090909,0.1818181818181818,0.3636363636363636,0.2727272727272727,0.0,0.7272727272727273,0.0,11.0,0.4545454545454545,12,False,False,False,False,0,0.0
official_spain,MARTA,F,,227834,maɾta,0.4,0.8,0.6,0.6,0.1,0.0,0.2,0.0,0.8,0.8,0.4,0.3,0.2,0.1,0.5,0.4,0.0,0.7,0.0,5.0,0.4,5,False,False,False,False,0,0.0
official_spain,MIGUEL,M,,237777,miɣel,0.4,0.8,0.6,0.8,0.0,0.2,0.2,0.0,1.0,0.6,0.2,0.4,0.2,0.4,0.0,0.2,0.0,0.7,0.0,5.0,0.4,6,False,False,False,False,1,0.0
official_spain,MIGUEL ANGEL,M,,227282,miɣel aŋxel,0.4,0.8,0.6,0.8,0.0,0.2,0.2,0.0,0.9,0.5,0.2,0.4,0.1,0.4,0.1,0.4,0.0,0.7,0.0,10.0,0.4,12,False,False,False,False,1,0.0
official_spain,PABLO,M,,223789,paβlo,0.4,0.6,0.6,0.8,0.0,0.2,0.0,0.0,0.8,0.8,0.2,0.4,0.4,0.0,0.2,0.4,0.2,0.7,0.0,5.0,0.4,5,False,False,False,False,1,0.0
official_spain,PAULA,F,,175287,paʊla,0.6,0.8,0.4,0.8,0.0,0.2,0.0,0.0,0.8,0.7,0.2,0.4,0.2,0.2,0.4,0.6,0.2,0.6,0.0,5.0,0.6,5,False,False,False,False,0,0.0
official_spain,PEDRO,M,,210581,peðɾo,0.4,0.6,0.6,0.8,0.1,0.0,0.0,0.0,0.8,0.8,0.4,0.5,0.2,0.1,0.1,0.2,0.2,0.7,0.0,5.0,0.4,5,False,False,False,False,1,0.0
official_spain,PILAR,F,,133695,pilaɾ,0.4,0.8,0.6,0.8,0.1,0.2,0.0,0.0,0.8,0.8,0.4,0.3,0.2,0.3,0.3,0.2,0.0,0.7,0.0,5.0,0.4,5,False,False,False,False,0,0.0
official_spain,RAFAEL,M,,225202,rafael,0.5,0.8333333333333334,0.5,1.0,0.0833333333333333,0.1666666666666666,0.0,0.1666666666666666,0.8333333333333334,0.75,0.3333333333333333,0.3333333333333333,0.1666666666666666,0.0833333333333333,0.4166666666666667,0.3333333333333333,0.0,0.75,0.0,6.0,0.5,6,False,False,False,False,1,0.0
official_spain,RAQUEL,F,,147490,rakel,0.4,0.8,0.6,0.8,0.1,0.2,0.0,0.0,0.8,0.6,0.4,0.3,0.0,0.3,0.3,0.4,0.0,0.7,0.0,5.0,0.4,6,False,False,False,False,0,0.0
official_spain,ROSA MARIA,F,,145760,rosa maɾja,0.4444444444444444,0.8888888888888888,0.4444444444444444,0.8888888888888888,0.1111111111111111,0.0,0.1111111111111111,0.1111111111111111,0.8888888888888888,0.6666666666666666,0.3333333333333333,0.3333333333333333,0.1111111111111111,0.2222222222222222,0.4444444444444444,0.4444444444444444,0.1111111111111111,0.7222222222222222,0.0,9.0,0.4444444444444444,10,False,False,False,False,0,0.0
official_spain,SARA,F,,175133,saɾa,0.5,0.75,0.5,1.0,0.125,0.0,0.0,0.25,0.75,0.75,0.5,0.25,0.0,0.125,0.625,0.5,0.0,0.75,0.0,4.0,0.5,4,False,False,False,False,0,0.0
official_spain,SERGIO,M,,209553,seɾxjo,0.3333333333333333,0.6666666666666666,0.5,1.0,0.0833333333333333,0.0,0.0,0.1666666666666666,0.6666666666666666,0.5,0.3333333333333333,0.3333333333333333,0.0,0.4166666666666667,0.0833333333333333,0.3333333333333333,0.1666666666666666,0.6666666666666666,0.0,6.0,0.3333333333333333,6,False,False,False,False,1,0.0
official_spain_basque_country,AIMAR,M,,126,aɪmaɾ,0.6,1.0,0.4,0.8,0.1,0.0,0.2,0.0,1.0,0.7,0.2,0.4,0.2,0.3,0.5,0.4,0.0,0.6,0.0,5.0,0.6,5,False,False,False,False,1,0.0
official_spain_basque_country,AIUR,M,,115,aɪuɾ,0.75,1.0,0.25,1.0,0.125,0.0,0.0,0.0,1.0,0.625,0.25,0.375,0.25,0.625,0.375,0.5,0.25,0.625,0.0,4.0,0.75,4,False,False,False,False,1,0.0
official_spain_basque_country,ANDER,M,,226,andeɾ,0.4,0.8,0.6,0.6,0.1,0.0,0.2,0.0,1.0,0.8,0.6,0.2,0.0,0.1,0.3,0.2,0.0,0.7,0.0,5.0,0.4,5,False,False,False,False,1,0.0
official_spain_basque_country,ANE,F,,825,ane,0.6666666666666666,1.0,0.3333333333333333,0.6666666666666666,0.0,0.0,0.3333333333333333,0.0,1.0,0.6666666666666666,0.3333333333333333,0.3333333333333333,0.0,0.0,0.3333333333333333,0.3333333333333333,0.0,0.8333333333333334,0.0,3.0,0.6666666666666666,3,False,False,False,False,0,0.0
official_spain_basque_country,IBAI,M,,136,iβaɪ,0.75,0.75,0.25,1.0,0.0,0.0,0.0,0.0,1.0,0.625,0.0,0.5,0.25,0.5,0.25,0.25,0.0,0.625,0.0,4.0,0.75,4,False,False,False,False,1,0.0
official_spain_basque_country,IRATI,F,,111,iɾati,0.6,0.8,0.4,0.8,0.1,0.0,0.0,0.0,0.8,0.7,0.4,0.3,0.0,0.5,0.3,0.2,0.0,0.8,0.0,5.0,0.6,5,False,False,False,False,0,0.0
official_spain_basque_country,IZARO,F,,103,iθaɾo,0.6,0.8,0.4,1.0,0.1,0.0,0.0,0.0,0.8,0.7,0.4,0.5,0.0,0.3,0.3,0.4,0.2,0.8,0.0,5.0,0.6,5,False,False,False,False,0,0.0
official_spain_basque_country,JON,M,,403,xon,0.3333333333333333,0.6666666666666666,0.6666666666666666,0.6666666666666666,0.0,0.0,0.3333333333333333,0.0,0.6666666666666666,0.5,0.3333333333333333,0.3333333333333333,0.0,0.3333333333333333,0.0,0.6666666666666666,0.3333333333333333,0.6666666666666666,0.0,3.0,0.3333333333333333,3,False,False,False,False,1,0.0
official_spain_basque_country,JULEN,M,,657,xulen,0.4,0.8,0.6,0.8,0.0,0.2,0.2,0.0,0.8,0.6,0.4,0.3,0.2,0.4,0.0,0.4,0.2,0.7,0.0,5.0,0.4,5,False,False,False,False,1,0.0
official_spain_basque_country,JUNE,F,,675,xune,0.5,0.75,0.5,0.75,0.0,0.0,0.25,0.0,0.75,0.5,0.25,0.375,0.25,0.5,0.0,0.5,0.25,0.75,0.0,4.0,0.5,4,False,False,False,False,0,0.0
official_spain_basque_country,LAIA,F,,743,laɪa,0.75,1.0,0.25,1.0,0.0,0.25,0.0,0.0,1.0,0.625,0.25,0.375,0.0,0.25,0.5,0.5,0.0,0.625,0.0,4.0,0.75,4,False,False,False,False,0,0.0
official_spain_basque_country,MADDI,F,,104,madði,0.4,0.6,0.6,0.6,0.0,0.0,0.2,0.0,1.0,0.8,0.4,0.5,0.2,0.2,0.2,0.2,0.0,0.7,0.0,5.0,0.4,5,False,False,False,False,0,0.0
official_spain_basque_country,MALEN,F,,224,malen,0.4,1.0,0.6,0.6,0.0,0.2,0.4,0.0,1.0,0.8,0.4,0.3,0.2,0.0,0.2,0.2,0.0,0.7,0.0,5.0,0.4,5,False,False,False,False,0,0.0
official_spain_basque_country,MARKEL,M,,725,maɾkel,0.3333333333333333,0.8333333333333334,0.6666666666666666,0.6666666666666666,0.0833333333333333,0.1666666666666666,0.1666666666666666,0.0,0.8333333333333334,0.6666666666666666,0.3333333333333333,0.3333333333333333,0.1666666666666666,0.25,0.25,0.3333333333333333,0.0,0.6666666666666666,0.0,6.0,0.3333333333333333,6,False,False,False,False,1,0.0
official_spain_basque_country,MARTIN,M,,764,maɾtin,0.3333333333333333,0.8333333333333334,0.6666666666666666,0.5,0.0833333333333333,0.0,0.3333333333333333,0.0,0.8333333333333334,0.8333333333333334,0.5,0.25,0.1666666666666666,0.25,0.25,0.1666666666666666,0.0,0.6666666666666666,0.0,6.0,0.3333333333333333,6,False,False,False,False,1,0.0
official_spain_basque_country,NAHIA,F,,339,naja,0.5,1.0,0.25,0.75,0.0,0.0,0.25,0.0,1.0,0.5,0.25,0.375,0.0,0.25,0.5,0.5,0.0,0.75,0.0,4.0,0.5,5,False,False,False,False,0,0.0
official_spain_basque_country,NOA,F,,108,noa,0.6666666666666666,1.0,0.3333333333333333,0.6666666666666666,0.0,0.0,0.3333333333333333,0.0,1.0,0.6666666666666666,0.3333333333333333,0.3333333333333333,0.0,0.0,0.3333333333333333,0.6666666666666666,0.3333333333333333,0.8333333333333334,0.0,3.0,0.6666666666666666,3,False,False,False,False,0,0.0
official_spain_basque_country,NORA,F,,331,noɾa,0.5,1.0,0.5,0.75,0.125,0.0,0.25,0.0,1.0,0.75,0.5,0.25,0.0,0.125,0.375,0.5,0.25,0.75,0.0,4.0,0.5,4,False,False,False,False,0,0.0
official_spain_basque_country,OIHAN,M,,761,oɪan,0.75,1.0,0.25,0.75,0.0,0.0,0.25,0.0,1.0,0.625,0.25,0.375,0.0,0.25,0.25,0.5,0.25,0.625,0.0,4.0,0.75,5,False,False,False,False,1,0.0
official_spain_basque_country_top100,Aimar,M,,306,aɪmaɾ,0.6,1.0,0.4,0.8,0.1,0.0,0.2,0.0,1.0,0.7,0.2,0.4,0.2,0.3,0.5,0.4,0.0,0.6,0.0,5.0,0.6,5,False,False,False,False,1,0.0
official_spain_basque_country_top100,Aiur,M,,94,aɪuɾ,0.75,1.0,0.25,1.0,0.125,0.0,0.0,0.0,1.0,0.625,0.25,0.375,0.25,0.625,0.375,0.5,0.25,0.625,0.0,4.0,0.75,4,False,False,False,False,1,0.0
official_spain_basque_country_top100,Alaia,F,,240,alaɪa,0.8,1.0,0.2,1.0,0.0,0.2,0.0,0.0,1.0,0.6,0.2,0.4,0.0,0.2,0.6,0.6,0.0,0.7,0.0,5.0,0.8,5,False,False,False,False,0,0.0
official_spain_basque_country_top100,Ander,M,,90,andeɾ,0.4,0.8,0.6,0.6,0.1,0.0,0.2,0.0,1.0,0.8,0.6,0.2,0.0,0.1,0.3,0.2,0.0,0.7,0.0,5.0,0.4,5,False,False,False,False,1,0.0
official_spain_basque_country_top100,Ane,F,,353,ane,0.6666666666666666,1.0,0.3333333333333333,0.6666666666666666,0.0,0.0,0.3333333333333333,0.0,1.0,0.6666666666666666,0.3333333333333333,0.3333333333333333,0.0,0.0,0.3333333333333333,0.3333333333333333,0.0,0.8333333333333334,0.0,3.0,0.6666666666666666,3,False,False,False,False,0,0.0
official_spain_basque_country_top100,Danel,M,,81,danel,0.4,0.8,0.6,0.6,0.0,0.2,0.2,0.0,1.0,0.8,0.6,0.2,0.0,0.0,0.2,0.2,0.0,0.7,0.0,5.0,0.4,5,False,False,False,False,1,0.0
official_spain_basque_country_top100,Haizea,F,,70,aɪs̻ea,0.8,0.8,0.2,1.0,0.0,0.0,0.0,0.2,0.8,0.6,0.2,0.6,0.0,0.2,0.4,0.4,0.0,0.7,0.0,5.0,0.8,6,False,False,False,False,0,0.0
official_spain_basque_country_top100,Ibai,M,,93,iβaɪ,0.75,0.75,0.25,1.0,0.0,0.0,0.0,0.0,1.0,0.625,0.0,0.5,0.25,0.5,0.25,0.25,0.0,0.625,0.0,4.0,0.75,4,False,False,False,False,1,0.0
official_spain_basque_country_top100,Irati,F,,149,iɾati,0.6,0.8,0.4,0.8,0.1,0.0,0.0,0.0,0.8,0.7,0.4,0.3,0.0,0.5,0.3,0.2,0.0,0.8,0.0,5.0,0.6,5,False,False,False,False,0,0.0
official_spain_basque_country_top100,Izaro,F,,85,is̻aɾo,0.6,0.8,0.4,1.0,0.1,0.0,0.0,0.2,0.8,0.7,0.4,0.5,0.0,0.3,0.3,0.4,0.2,0.8,0.0,5.0,0.6,5,False,False,False,False,0,0.0
official_spain_basque_country_top100,Izei,M,,169,is̻eɪ,0.75,0.75,0.25,1.0,0.0,0.0,0.0,0.25,0.75,0.625,0.25,0.625,0.0,0.5,0.0,0.0,0.0,0.625,0.0,4.0,0.75,4,False,False,False,False,1,0.0
official_spain_basque_country_top100,Jon,M,,201,ɟon,0.3333333333333333,0.6666666666666666,0.6666666666666666,0.3333333333333333,0.0,0.0,0.3333333333333333,0.0,1.0,0.5,0.3333333333333333,0.3333333333333333,0.0,0.3333333333333333,0.0,0.3333333333333333,0.3333333333333333,0.6666666666666666,0.0,3.0,0.3333333333333333,3,False,False,False,False,1,0.0
official_spain_basque_country_top100,Julen,M,,328,ɟulen,0.4,0.8,0.6,0.6,0.0,0.2,0.2,0.0,1.0,0.6,0.4,0.3,0.2,0.4,0.0,0.2,0.2,0.7,0.0,5.0,0.4,5,False,False,False,False,1,0.0
official_spain_basque_country_top100,June,F,,318,ɟune,0.5,0.75,0.5,0.5,0.0,0.0,0.25,0.0,1.0,0.5,0.25,0.375,0.25,0.5,0.0,0.25,0.25,0.75,0.0,4.0,0.5,4,False,False,False,False,0,0.0
official_spain_basque_country_top100,Laia,F,,345,laɪa,0.75,1.0,0.25,1.0,0.0,0.25,0.0,0.0,1.0,0.625,0.25,0.375,0.0,0.25,0.5,0.5,0.0,0.625,0.0,4.0,0.75,4,False,False,False,False,0,0.0
official_spain_basque_country_top100,Lucia,F,,77,luθia,0.6,0.8,0.4,1.0,0.0,0.2,0.0,0.0,0.8,0.7,0.4,0.5,0.2,0.4,0.2,0.4,0.2,0.8,0.0,5.0,0.6,5,False,False,False,False,0,0.0
official_spain_basque_country_top100,Lucía,F,,81,lukia,0.6,0.8,0.4,0.8,0.0,0.2,0.0,0.0,0.8,0.5,0.2,0.4,0.2,0.6,0.2,0.6,0.2,0.8,0.0,5.0,0.6,5,False,False,False,False,0,0.0
official_spain_basque_country_top100,Luka,M,,289,luka,0.5,0.75,0.5,0.75,0.0,0.25,0.0,0.0,0.75,0.5,0.25,0.375,0.25,0.5,0.25,0.75,0.25,0.75,0.0,4.0,0.5,4,False,False,False,False,1,0.0
official_spain_basque_country_top100,Luken,M,,179,luken,0.4,0.8,0.6,0.6,0.0,0.2,0.2,0.0,0.8,0.6,0.4,0.3,0.2,0.4,0.0,0.4,0.2,0.7,0.0,5.0,0.4,5,False,False,False,False,1,0.0
official_spain_basque_country_top100,Maddi,F,,170,maɟi,0.5,0.75,0.5,0.5,0.0,0.0,0.25,0.0,1.0,0.5,0.0,0.5,0.25,0.5,0.25,0.25,0.0,0.75,0.0,4.0,0.5,5,False,False,False,False,0,0.0
official_spain_basque_country_top100,Malen,F,,312,malen,0.4,1.0,0.6,0.6,0.0,0.2,0.4,0.0,1.0,0.8,0.4,0.3,0.2,0.0,0.2,0.2,0.0,0.7,0.0,5.0,0.4,5,False,False,False,False,0,0.0
official_spain_basque_country_top100,Markel,M,,350,maɾkel,0.3333333333333333,0.8333333333333334,0.6666666666666666,0.6666666666666666,0.0833333333333333,0.1666666666666666,0.1666666666666666,0.0,0.8333333333333334,0.6666666666666666,0.3333333333333333,0.3333333333333333,0.1666666666666666,0.25,0.25,0.3333333333333333,0.0,0.6666666666666666,0.0,6.0,0.3333333333333333,6,False,False,False,False,1,0.0
official_spain_basque_country_top100,Martin,M,,367,maɾtin,0.3333333333333333,0.8333333333333334,0.6666666666666666,0.5,0.0833333333333333,0.0,0.3333333333333333,0.0,0.8333333333333334,0.8333333333333334,0.5,0.25,0.1666666666666666,0.25,0.25,0.1666666666666666,0.0,0.6666666666666666,0.0,6.0,0.3333333333333333,6,False,False,False,False,1,0.0
official_spain_basque_country_top100,Martina,F,,73,maɾtiɲa,0.4285714285714285,0.8571428571428571,0.5714285714285714,0.5714285714285714,0.0714285714285714,0.0,0.2857142857142857,0.0,0.8571428571428571,0.6428571428571429,0.2857142857142857,0.3571428571428571,0.1428571428571428,0.3571428571428571,0.3571428571428571,0.2857142857142857,0.0,0.7142857142857143,0.0,7.0,0.4285714285714285,7,False,False,False,False,0,0.0
official_spain_basque_country_top100,Mikel,M,,82,mikel,0.4,0.8,0.6,0.6,0.0,0.2,0.2,0.0,0.8,0.6,0.2,0.4,0.2,0.4,0.0,0.2,0.0,0.7,0.0,5.0,0.4,5,False,False,False,False,1,0.0
official_spain_basque_country_top100,Nahia,F,,177,naia,0.75,1.0,0.25,0.75,0.0,0.0,0.25,0.0,1.0,0.625,0.25,0.375,0.0,0.25,0.5,0.5,0.0,0.875,0.0,4.0,0.75,5,False,False,False,False,0,0.0
official_spain_basque_country_top100,Noa,F,,70,noa,0.6666666666666666,1.0,0.3333333333333333,0.6666666666666666,0.0,0.0,0.3333333333333333,0.0,1.0,0.6666666666666666,0.3333333333333333,0.3333333333333333,0.0,0.0,0.3333333333333333,0.6666666666666666,0.3333333333333333,0.8333333333333334,0.0,3.0,0.6666666666666666,3,False,False,False,False,0,0.0
official_spain_basque_country_top100,Nora,F,,307,noɾa,0.5,1.0,0.5,0.75,0.125,0.0,0.25,0.0,1.0,0.75,0.5,0.25,0.0,0.125,0.375,0.5,0.25,0.75,0.0,4.0,0.5,4,False,False,False,False,0,0.0
official_spain_basque_country_top100,Oier,M,,93,oɪeɾ,0.75,1.0,0.25,1.0,0.125,0.0,0.0,0.0,1.0,0.625,0.25,0.375,0.0,0.375,0.125,0.25,0.25,0.625,0.0,4.0,0.75,4,False,False,False,False,1,0.0
official_spain_basque_country_top100,Oihan,M,,387,oɪan,0.75,1.0,0.25,0.75,0.0,0.0,0.25,0.0,1.0,0.625,0.25,0.375,0.0,0.25,0.25,0.5,0.25,0.625,0.0,4.0,0.75,5,False,False,False,False,1,0.0
official_spain_catalonia,Carla,F,,4214,karlə,0.4,0.8,0.6,0.8,0.1,0.2,0.0,0.0,0.8,0.6,0.4,0.3,0.0,0.3,0.3,0.6,0.0,0.5,0.0,5.0,0.4,5,False,False,False,False,0,0.0
official_spain_catalonia,David,M,,1076,dəβit,0.4,0.4,0.6,0.6,0.0,0.0,0.0,0.0,0.8,0.8,0.4,0.3,0.2,0.2,0.0,0.2,0.0,0.5,0.0,5.0,0.4,5,False,False,False,False,1,0.0
official_spain_catalonia,Júlia/Julia,F,,1015,ʒuliə βarə χuljə,0.5,0.7857142857142857,0.4285714285714285,1.0,0.0357142857142857,0.1428571428571428,0.0,0.1428571428571428,0.9285714285714286,0.5357142857142857,0.2857142857142857,0.4285714285714285,0.2142857142857142,0.3214285714285714,0.1071428571428571,0.5,0.1428571428571428,0.5357142857142857,0.0,14.0,0.5,11,False,False,False,False,0,0.0
official_spain_catalonia,Laia,F,,3111,lajə,0.5,1.0,0.25,1.0,0.0,0.25,0.0,0.0,1.0,0.5,0.25,0.375,0.0,0.25,0.25,0.5,0.0,0.5,0.0,4.0,0.5,4,False,False,False,False,0,0.0
official_spain_catalonia,Laura,F,,4517,lawɾə,0.4,1.0,0.4,1.0,0.1,0.2,0.0,0.0,1.0,0.6,0.4,0.3,0.2,0.3,0.3,0.6,0.2,0.5,0.0,5.0,0.4,5,False,False,False,False,0,0.0
official_spain_catalonia,Lucía,F,,998,luθiə,0.6,0.8,0.4,1.0,0.0,0.2,0.0,0.0,0.8,0.7,0.4,0.5,0.2,0.4,0.0,0.4,0.2,0.6,0.0,5.0,0.6,5,False,False,False,False,0,0.0
official_spain_catalonia,Marc,M,,26162,mark,0.25,0.75,0.75,0.5,0.125,0.0,0.25,0.0,0.75,0.625,0.25,0.375,0.25,0.375,0.375,0.5,0.0,0.625,0.0,4.0,0.25,4,False,False,False,False,1,0.0
official_spain_catalonia,Maria/María,F,,9334,məɾiə βarə məɾiə,0.5714285714285714,0.9285714285714286,0.4285714285714285,0.8571428571428571,0.1071428571428571,0.0,0.1428571428571428,0.0,1.0,0.7142857142857143,0.2142857142857142,0.3928571428571428,0.2142857142857142,0.25,0.1785714285714285,0.4285714285714285,0.0,0.4285714285714285,0.0,14.0,0.5714285714285714,11,False,False,False,False,0,0.0
official_spain_catalonia,Pau,M,,3063,paw,0.3333333333333333,0.6666666666666666,0.3333333333333333,0.6666666666666666,0.0,0.0,0.0,0.0,0.6666666666666666,0.5,0.0,0.5,0.6666666666666666,0.3333333333333333,0.3333333333333333,0.6666666666666666,0.3333333333333333,0.6666666666666666,0.0,3.0,0.3333333333333333,3,False,False,False,False,1,0.0
official_spain_catalonia,Paula,F,,10194,pawlə,0.4,0.8,0.4,0.8,0.0,0.2,0.0,0.0,0.8,0.6,0.2,0.4,0.4,0.2,0.2,0.6,0.2,0.5,0.0,5.0,0.4,5,False,False,False,False,0,0.0
official_spain_catalonia,Pol,M,,986,pɔl,0.3333333333333333,0.6666666666666666,0.6666666666666666,0.6666666666666666,0.0,0.3333333333333333,0.0,0.0,0.6666666666666666,0.8333333333333334,0.3333333333333333,0.3333333333333333,0.3333333333333333,0.0,0.0,0.3333333333333333,0.3333333333333333,0.3333333333333333,0.0,3.0,0.3333333333333333,3,False,False,False,False,1,0.0
official_spain_catalonia,Àlex/Álex,M,,6294,əleɡz βarə əlɛks,0.4285714285714285,0.6428571428571429,0.5714285714285714,0.8571428571428571,0.0357142857142857,0.1428571428571428,0.0,0.1428571428571428,0.8571428571428571,0.6428571428571429,0.3571428571428571,0.3214285714285714,0.0714285714285714,0.1785714285714285,0.1071428571428571,0.4285714285714285,0.0,0.4285714285714285,0.0,14.0,0.4285714285714285,9,False,False,False,False,1,0.0
official_spain_valencian_community,AITANA,F,,535,əjtanə,0.5,0.8333333333333334,0.3333333333333333,0.6666666666666666,0.0,0.0,0.1666666666666666,0.0,0.8333333333333334,0.5833333333333334,0.3333333333333333,0.3333333333333333,0.0,0.1666666666666666,0.1666666666666666,0.5,0.0,0.4166666666666667,0.0,6.0,0.5,6,False,False,False,False,0,0.0
official_spain_valencian_community,EMMA,F,,555,ɛmmə,0.5,1.0,0.5,0.5,0.0,0.0,0.5,0.0,1.0,0.75,0.0,0.5,0.5,0.0,0.0,0.25,0.0,0.25,0.0,4.0,0.5,4,False,False,False,False,0,0.0
official_spain_valencian_community,HUGO,M,,1739,uɣo,0.6666666666666666,0.6666666666666666,0.3333333333333333,1.0,0.0,0.0,0.0,0.0,1.0,0.3333333333333333,0.0,0.5,0.3333333333333333,0.6666666666666666,0.0,1.0,0.6666666666666666,0.8333333333333334,0.0,3.0,0.6666666666666666,4,False,False,False,False,1,0.0
official_spain_valencian_community,JULIA,F,,563,χuljə,0.4,0.8,0.4,1.0,0.0,0.2,0.0,0.2,0.8,0.4,0.2,0.4,0.2,0.4,0.0,0.6,0.2,0.5,0.0,5.0,0.4,5,False,False,False,False,0,0.0
official_spain_valencian_community,LEO,M,,1968,lɛu,0.6666666666666666,1.0,0.3333333333333333,1.0,0.0,0.3333333333333333,0.0,0.0,1.0,0.6666666666666666,0.3333333333333333,0.3333333333333333,0.3333333333333333,0.3333333333333333,0.0,0.3333333333333333,0.3333333333333333,0.5,0.0,3.0,0.6666666666666666,3,False,False,False,False,1,0.0
official_spain_valencian_community,LUCAS,M,,1092,lukəz,0.4,0.6,0.6,0.8,0.0,0.2,0.0,0.2,0.8,0.6,0.4,0.3,0.2,0.4,0.0,0.6,0.2,0.5,0.0,5.0,0.4,5,False,False,False,False,1,0.0
official_spain_valencian_community,LUCIA,F,,2013,luθjə,0.4,0.8,0.4,1.0,0.0,0.2,0.0,0.0,0.8,0.6,0.4,0.5,0.2,0.4,0.0,0.4,0.2,0.5,0.0,5.0,0.4,5,False,False,False,False,0,0.0
official_spain_valencian_community,MARC,M,,1448,mark,0.25,0.75,0.75,0.5,0.125,0.0,0.25,0.0,0.75,0.625,0.25,0.375,0.25,0.375,0.375,0.5,0.0,0.625,0.0,4.0,0.25,4,False,False,False,False,1,0.0
official_spain_valencian_community,MARIA,F,,595,məɾiə,0.6,1.0,0.4,0.8,0.1,0.0,0.2,0.0,1.0,0.7,0.2,0.4,0.2,0.3,0.1,0.4,0.0,0.4,0.0,5.0,0.6,5,False,False,False,False,0,0.0
official_spain_valencian_community,MARTIN,M,,2122,matin,0.4,0.8,0.6,0.4,0.0,0.0,0.4,0.0,0.8,0.8,0.4,0.3,0.2,0.2,0.2,0.2,0.0,0.7,0.0,5.0,0.4,6,False,False,False,False,1,0.0
official_spain_valencian_community,MARTINA,F,,1562,mərtinə,0.4285714285714285,0.8571428571428571,0.5714285714285714,0.5714285714285714,0.0714285714285714,0.0,0.2857142857142857,0.0,0.8571428571428571,0.7857142857142857,0.4285714285714285,0.2857142857142857,0.1428571428571428,0.2142857142857142,0.0714285714285714,0.2857142857142857,0.0,0.4285714285714285,0.0,7.0,0.4285714285714285,7,False,False,False,False,0,0.0
official_spain_valencian_community,MATEO,M,,2279,məteo,0.6,0.8,0.4,0.6,0.0,0.0,0.2,0.0,0.8,0.7,0.2,0.4,0.2,0.0,0.0,0.4,0.2,0.6,0.0,5.0,0.6,5,False,False,False,False,1,0.0
official_spain_valencian_community,PAULA,F,,261,pawlə,0.4,0.8,0.4,0.8,0.0,0.2,0.0,0.0,0.8,0.6,0.2,0.4,0.4,0.2,0.2,0.6,0.2,0.5,0.0,5.0,0.4,5,False,False,False,False,0,0.0
official_spain_valencian_community,SOFIA,F,,2235,sufiə,0.6,0.6,0.4,1.0,0.0,0.0,0.0,0.4,0.6,0.7,0.2,0.4,0.4,0.4,0.0,0.4,0.2,0.6,0.0,5.0,0.6,5,False,False,False,False,0,0.0
official_spain_valencian_community,VALERIA,F,,827,bəleɾjə,0.4285714285714285,0.8571428571428571,0.4285714285714285,0.8571428571428571,0.0714285714285714,0.1428571428571428,0.0,0.0,1.0,0.6428571428571429,0.2857142857142857,0.3571428571428571,0.1428571428571428,0.2142857142857142,0.0714285714285714,0.2857142857142857,0.0,0.4285714285714285,0.0,7.0,0.4285714285714285,7,False,False,False,False,0,0.0
official_spain_valencian_community,VEGA,F,,274,beɣə,0.5,0.5,0.5,0.75,0.0,0.0,0.0,0.0,1.0,0.5,0.0,0.5,0.25,0.25,0.0,0.5,0.0,0.5,0.0,4.0,0.5,4,False,False,False,False,0,0.0
official_sweden,Adam,M,,3029,ɑːdam,0.5,0.75,0.5,0.5,0.125,0.0,0.25,0.0,1.0,0.75,0.25,0.375,0.25,0.0,0.5,0.5,0.0,0.75,0.25,4.0,0.5,4,False,False,False,False,1,0.0
official_sweden,Adrian,M,,2083,adriːan,0.5,0.8333333333333334,0.5,0.6666666666666666,0.0833333333333333,0.0,0.1666666666666666,0.0,1.0,0.75,0.5,0.25,0.0,0.25,0.4166666666666667,0.3333333333333333,0.0,0.75,0.1666666666666666,6.0,0.5,6,False,False,False,False,1,0.0
official_sweden,Agnes,F,,2466,aŋnəs,0.4,0.8,0.6,0.6,0.0,0.0,0.4,0.2,0.8,0.6,0.4,0.3,0.0,0.2,0.2,0.6,0.0,0.5,0.0,5.0,0.4,5,False,False,False,False,0,0.0
official_sweden,Alexander,M,,2340,ɑːləksandər,0.4,0.7,0.6,0.7,0.1,0.1,0.1,0.1,0.8,0.7,0.5,0.25,0.0,0.15,0.25,0.5,0.0,0.5,0.1,10.0,0.4,9,False,False,False,False,1,0.0
official_sweden,Alfred,M,,2607,alfrəd,0.3333333333333333,0.6666666666666666,0.6666666666666666,0.8333333333333334,0.0833333333333333,0.1666666666666666,0.0,0.1666666666666666,0.8333333333333334,0.8333333333333334,0.5,0.25,0.1666666666666666,0.0833333333333333,0.25,0.3333333333333333,0.0,0.5,0.0,6.0,0.3333333333333333,6,False,False,False,False,1,0.0
official_sweden,Alice,F,,3424,ɑːlɪsə,0.6,0.8,0.4,1.0,0.1,0.2,0.0,0.2,0.8,0.7,0.4,0.3,0.0,0.2,0.2,0.4,0.0,0.4,0.2,5.0,0.6,5,False,False,False,False,0,0.0
official_sweden,Alicia,F,,2226,ɑːlɪsɪa,0.6666666666666666,0.8333333333333334,0.3333333333333333,1.0,0.0833333333333333,0.1666666666666666,0.0,0.1666666666666666,0.8333333333333334,0.6666666666666666,0.3333333333333333,0.3333333333333333,0.0,0.3333333333333333,0.3333333333333333,0.3333333333333333,0.0,0.5,0.1666666666666666,6.0,0.6666666666666666,6,False,False,False,False,0,0.0
official_sweden,Alma,F,,2963,alma,0.5,1.0,0.5,0.75,0.0,0.25,0.25,0.0,1.0,0.75,0.25,0.375,0.25,0.0,0.5,0.5,0.0,0.75,0.0,4.0,0.5,4,False,False,False,False,0,0.0
official_sweden,Alva,F,,2193,alva,0.5,0.75,0.5,1.0,0.0,0.25,0.0,0.25,1.0,0.75,0.25,0.375,0.25,0.0,0.5,0.5,0.0,0.75,0.0,4.0,0.5,4,False,False,False,False,0,0.0
official_sweden,Arvid,M,,2306,arviːd,0.4,0.6,0.6,0.8,0.1,0.0,0.0,0.2,1.0,0.8,0.4,0.3,0.2,0.3,0.3,0.2,0.0,0.7,0.2,5.0,0.4,5,False,False,False,False,1,0.0
official_sweden,Astrid,F,,2993,astriːd,0.3333333333333333,0.5,0.6666666666666666,0.6666666666666666,0.0833333333333333,0.0,0.0,0.1666666666666666,0.6666666666666666,0.8333333333333334,0.6666666666666666,0.1666666666666666,0.0,0.25,0.25,0.1666666666666666,0.0,0.6666666666666666,0.1666666666666666,6.0,0.3333333333333333,6,False,False,False,False,0,0.0
official_sweden,August,M,,2318,ɔɡɵst,0.4,0.4,0.6,0.6,0.1,0.0,0.0,0.2,0.6,0.6,0.4,0.3,0.2,0.2,0.0,0.4,0.4,0.5,0.0,5.0,0.4,6,False,False,False,False,1,0.0
official_sweden,Axel,M,,2038,aksəl,0.4,0.6,0.6,0.8,0.0,0.2,0.0,0.2,0.6,0.6,0.4,0.3,0.0,0.2,0.2,0.6,0.0,0.5,0.0,5.0,0.4,4,False,False,False,False,1,0.0
official_sweden,Charlie,M,,2276,ʃarliːə,0.5,0.8333333333333334,0.5,1.0,0.0833333333333333,0.1666666666666666,0.0,0.1666666666666666,0.8333333333333334,0.5833333333333334,0.5,0.4166666666666667,0.0,0.25,0.25,0.3333333333333333,0.0,0.5833333333333334,0.1666666666666666,6.0,0.5,7,False,False,False,False,1,0.0
official_sweden,Ebba,F,,2663,ɛba,0.6666666666666666,0.6666666666666666,0.3333333333333333,0.6666666666666666,0.0,0.0,0.0,0.0,1.0,0.6666666666666666,0.0,0.5,0.3333333333333333,0.0,0.3333333333333333,0.3333333333333333,0.0,0.5,0.0,3.0,0.6666666666666666,4,False,False,False,False,0,0.0
official_sweden,Ebbe,M,,1853,ɛbə,0.6666666666666666,0.6666666666666666,0.3333333333333333,0.6666666666666666,0.0,0.0,0.0,0.0,1.0,0.6666666666666666,0.0,0.5,0.3333333333333333,0.0,0.0,0.3333333333333333,0.0,0.1666666666666666,0.0,3.0,0.6666666666666666,4,False,False,False,False,1,0.0
official_sweden,Elias,M,,3093,eːliːas,0.6,0.8,0.4,1.0,0.0,0.2,0.0,0.2,0.8,0.7,0.4,0.3,0.0,0.2,0.2,0.2,0.0,0.8,0.4,5.0,0.6,5,False,False,False,False,1,0.0
official_sweden,Ella,F,,2842,ɛla,0.6666666666666666,1.0,0.3333333333333333,1.0,0.0,0.3333333333333333,0.0,0.0,1.0,0.6666666666666666,0.3333333333333333,0.3333333333333333,0.0,0.0,0.3333333333333333,0.3333333333333333,0.0,0.5,0.0,3.0,0.6666666666666666,4,False,False,False,False,0,0.0
official_sweden,Ellen,F,,1890,ɛlən,0.5,1.0,0.5,0.75,0.0,0.25,0.25,0.0,1.0,0.75,0.5,0.25,0.0,0.0,0.0,0.25,0.0,0.25,0.0,4.0,0.5,5,False,False,False,False,0,0.0
official_sweden,Ellie,F,,2117,ɛliːə,0.75,1.0,0.25,1.0,0.0,0.25,0.0,0.0,1.0,0.625,0.25,0.375,0.0,0.25,0.0,0.25,0.0,0.375,0.25,4.0,0.75,5,False,False,False,False,0,0.0
official_sweden,Elliot,M,,1959,ɛliːuːt,0.6,0.8,0.4,0.8,0.0,0.2,0.0,0.0,0.8,0.7,0.4,0.3,0.2,0.4,0.0,0.2,0.2,0.6,0.4,5.0,0.6,6,False,False,False,False,1,0.0
official_sweden,Elsa,F,,2913,ɛlsa,0.5,0.75,0.5,1.0,0.0,0.25,0.0,0.25,0.75,0.75,0.5,0.25,0.0,0.0,0.25,0.25,0.0,0.5,0.0,4.0,0.5,4,False,False,False,False,0,0.0
official_sweden,Frans,M,,2151,frans,0.2,0.6,0.8,0.8,0.1,0.0,0.2,0.4,0.6,0.9,0.6,0.2,0.2,0.1,0.3,0.2,0.0,0.6,0.0,5.0,0.2,5,False,False,False,False,1,0.0
official_sweden,Freja,F,,2257,frɛja,0.4,0.8,0.4,1.0,0.1,0.0,0.0,0.2,0.8,0.6,0.2,0.4,0.2,0.3,0.3,0.2,0.0,0.5,0.0,5.0,0.4,5,False,False,False,False,0,0.0
official_sweden,Gabriel,M,,1993,ɡabriːəl,0.4285714285714285,0.7142857142857143,0.5714285714285714,0.7142857142857143,0.0714285714285714,0.1428571428571428,0.0,0.0,1.0,0.6428571428571429,0.2857142857142857,0.3571428571428571,0.1428571428571428,0.3571428571428571,0.2142857142857142,0.4285714285714285,0.0,0.5714285714285714,0.1428571428571428,7.0,0.4285714285714285,7,False,False,False,False,1,0.0
official_sweden,Harry,M,,2359,haryː,0.5,1.0,0.5,1.0,0.125,0.0,0.0,0.0,0.75,0.5,0.25,0.375,0.25,0.375,0.375,0.5,0.25,0.75,0.25,4.0,0.5,5,False,False,False,False,1,0.0
official_sweden,Hedda,F,,1617,hɛda,0.5,0.75,0.5,0.75,0.0,0.0,0.0,0.0,0.75,0.5,0.25,0.375,0.0,0.0,0.25,0.5,0.0,0.5,0.0,4.0,0.5,5,False,False,False,False,0,0.0
official_sweden,Hugo,M,,3384,hʉɡuː,0.5,0.75,0.5,0.75,0.125,0.0,0.0,0.0,0.75,0.25,0.0,0.5,0.5,0.75,0.0,1.0,0.5,0.75,0.25,4.0,0.5,4,False,False,False,False,1,0.0
official_sweden,Ines,F,,1619,iːnəs,0.5,0.75,0.5,0.75,0.0,0.0,0.25,0.25,0.75,0.75,0.5,0.25,0.0,0.25,0.0,0.25,0.0,0.5,0.25,4.0,0.5,4,False,False,False,False,0,0.0
official_sweden,Iris,F,,1722,iːriːs,0.5,0.75,0.5,1.0,0.125,0.0,0.0,0.25,0.75,0.75,0.5,0.25,0.0,0.625,0.125,0.0,0.0,0.75,0.5,4.0,0.5,4,False,False,False,False,0,0.0
official_sweden,Julia,F,,2033,jʉliːa,0.6,1.0,0.2,1.0,0.1,0.2,0.0,0.0,1.0,0.5,0.2,0.4,0.2,0.6,0.2,0.4,0.2,0.8,0.2,5.0,0.6,5,False,False,False,False,0,0.0
official_sweden,Leo,M,,2706,leːuː,0.6666666666666666,1.0,0.3333333333333333,1.0,0.0,0.3333333333333333,0.0,0.0,1.0,0.6666666666666666,0.3333333333333333,0.3333333333333333,0.3333333333333333,0.3333333333333333,0.0,0.3333333333333333,0.3333333333333333,0.8333333333333334,0.6666666666666666,3.0,0.6666666666666666,3,False,False,False,False,1,0.0
official_sweden,Leon,M,,2378,leːuːn,0.5,1.0,0.5,0.75,0.0,0.25,0.25,0.0,1.0,0.75,0.5,0.25,0.25,0.25,0.0,0.25,0.25,0.75,0.5,4.0,0.5,4,False,False,False,False,1,0.0
official_sweden,Liam,M,,3639,liːam,0.5,1.0,0.5,0.75,0.0,0.25,0.25,0.0,1.0,0.75,0.25,0.375,0.25,0.25,0.25,0.25,0.0,0.75,0.25,4.0,0.5,4,False,False,False,False,1,0.0
official_sweden,Lilly,F,,1619,lɪlyː,0.5,1.0,0.5,1.0,0.0,0.5,0.0,0.0,1.0,0.75,0.5,0.25,0.25,0.5,0.0,0.0,0.25,0.5,0.25,4.0,0.5,5,False,False,False,False,0,0.0
official_sweden,Lucas,M,,2093,lʉkas,0.4,0.6,0.6,0.8,0.1,0.2,0.0,0.2,0.6,0.6,0.4,0.3,0.2,0.4,0.2,0.6,0.2,0.7,0.0,5.0,0.4,5,False,False,False,False,1,0.0
official_sweden,Luna,F,,1735,lɵna,0.5,1.0,0.5,0.75,0.125,0.25,0.25,0.0,1.0,0.75,0.5,0.25,0.25,0.0,0.25,0.25,0.25,0.75,0.0,4.0,0.5,4,False,False,False,False,0,0.0
official_sweden,Maja,F,,2352,maja,0.5,1.0,0.25,0.75,0.0,0.0,0.25,0.0,1.0,0.5,0.0,0.5,0.25,0.25,0.5,0.5,0.0,0.75,0.0,4.0,0.5,4,False,False,False,False,0,0.0
official_sweden,Malte,M,,1872,mɑːltə,0.4,0.8,0.6,0.6,0.1,0.2,0.2,0.0,0.8,0.8,0.4,0.3,0.2,0.0,0.2,0.4,0.0,0.5,0.2,5.0,0.4,5,False,False,False,False,1,0.0
official_sweden,Mila,F,,1637,miːla,0.5,1.0,0.5,0.75,0.0,0.25,0.25,0.0,1.0,0.75,0.25,0.375,0.25,0.25,0.25,0.25,0.0,0.75,0.25,4.0,0.5,4,False,False,False,False,0,0.0
official_sweden,Molly,F,,1583,mɔlyː,0.5,1.0,0.5,0.75,0.0,0.25,0.25,0.0,1.0,0.75,0.25,0.375,0.5,0.25,0.0,0.25,0.5,0.5,0.25,4.0,0.5,5,False,False,False,False,0,0.0
official_sweden,Nils,M,,2664,nɪls,0.25,0.75,0.75,0.75,0.0,0.25,0.25,0.25,0.75,0.875,0.75,0.125,0.0,0.25,0.0,0.0,0.0,0.375,0.0,4.0,0.25,4,False,False,False,False,1,0.0
official_sweden,Noah,M,,3299,nuːah,0.5,1.0,0.5,0.75,0.0,0.0,0.25,0.0,0.75,0.5,0.25,0.375,0.25,0.25,0.25,0.75,0.25,0.75,0.25,4.0,0.5,4,False,False,False,False,1,0.0
official_sweden,Nova,F,,1538,nuːva,0.5,0.75,0.5,0.75,0.0,0.0,0.25,0.25,1.0,0.75,0.25,0.375,0.5,0.25,0.25,0.5,0.25,0.75,0.25,4.0,0.5,4,False,False,False,False,0,0.0
official_sweden,Oliver,M,,2901,uːliːvər,0.5,0.8333333333333334,0.5,1.0,0.0833333333333333,0.1666666666666666,0.0,0.1666666666666666,1.0,0.75,0.3333333333333333,0.3333333333333333,0.3333333333333333,0.4166666666666667,0.0833333333333333,0.3333333333333333,0.1666666666666666,0.5833333333333334,0.3333333333333333,6.0,0.5,6,False,False,False,False,1,0.0
official_sweden,Olivia,F,,2769,uːliːviːa,0.6666666666666666,0.8333333333333334,0.3333333333333333,1.0,0.0,0.1666666666666666,0.0,0.1666666666666666,1.0,0.6666666666666666,0.1666666666666666,0.4166666666666667,0.3333333333333333,0.5,0.1666666666666666,0.3333333333333333,0.1666666666666666,0.8333333333333334,0.5,6.0,0.6666666666666666,6,False,False,False,False,0,0.0
official_sweden,Olle,M,,1849,ɔlə,0.6666666666666666,1.0,0.3333333333333333,1.0,0.0,0.3333333333333333,0.0,0.0,1.0,0.6666666666666666,0.3333333333333333,0.3333333333333333,0.0,0.0,0.0,0.6666666666666666,0.3333333333333333,0.1666666666666666,0.0,3.0,0.6666666666666666,4,False,False,False,False,1,0.0
official_sweden,Oscar,M,,2026,ɔskar,0.4,0.6,0.6,0.8,0.1,0.0,0.0,0.2,0.6,0.6,0.4,0.3,0.0,0.3,0.3,0.6,0.2,0.5,0.0,5.0,0.4,5,False,False,False,False,1,0.0
official_sweden,Otto,M,,1850,ɔtːuː,0.6666666666666666,0.6666666666666666,0.3333333333333333,0.6666666666666666,0.0,0.0,0.0,0.0,0.6666666666666666,0.6666666666666666,0.3333333333333333,0.3333333333333333,0.3333333333333333,0.3333333333333333,0.0,0.6666666666666666,0.6666666666666666,0.5,0.6666666666666666,3.0,0.6666666666666666,4,False,False,False,False,1,0.0
official_sweden,Saga,F,,2455,sɑːɡa,0.5,0.5,0.5,0.75,0.125,0.0,0.0,0.25,0.75,0.5,0.25,0.375,0.0,0.25,0.5,0.75,0.0,0.75,0.25,4.0,0.5,4,False,False,False,False,0,0.0
official_sweden,Sam,M,,2127,sɑːm,0.3333333333333333,0.6666666666666666,0.6666666666666666,0.6666666666666666,0.1666666666666666,0.0,0.3333333333333333,0.3333333333333333,0.6666666666666666,0.8333333333333334,0.3333333333333333,0.3333333333333333,0.3333333333333333,0.0,0.3333333333333333,0.3333333333333333,0.0,0.6666666666666666,0.3333333333333333,3.0,0.3333333333333333,3,False,False,False,False,1,0.0
official_sweden,Selma,F,,2786,sɛlma,0.4,0.8,0.6,0.8,0.0,0.2,0.2,0.2,0.8,0.8,0.4,0.3,0.2,0.0,0.2,0.2,0.0,0.5,0.0,5.0,0.4,5,False,False,False,False,0,0.0
official_sweden,Signe,F,,2590,sɪŋnə,0.4,0.8,0.6,0.6,0.0,0.0,0.4,0.2,0.8,0.6,0.4,0.3,0.0,0.4,0.0,0.4,0.0,0.3,0.0,5.0,0.4,5,False,False,False,False,0,0.0
official_sweden,Sigrid,F,,1598,sɪɡriːd,0.3333333333333333,0.5,0.6666666666666666,0.6666666666666666,0.0833333333333333,0.0,0.0,0.1666666666666666,0.8333333333333334,0.6666666666666666,0.5,0.25,0.0,0.5833333333333334,0.0833333333333333,0.1666666666666666,0.0,0.5,0.1666666666666666,6.0,0.3333333333333333,6,False,False,False,False,0,0.0
official_sweden,Stella,F,,2476,stɛla,0.4,0.6,0.6,0.8,0.0,0.2,0.0,0.2,0.6,0.8,0.6,0.2,0.0,0.0,0.2,0.2,0.0,0.5,0.0,5.0,0.4,6,False,False,False,False,0,0.0
official_sweden,Theo,M,,2214,theːuː,0.5,0.75,0.5,0.75,0.0,0.0,0.0,0.0,0.5,0.5,0.25,0.375,0.25,0.25,0.0,0.5,0.25,0.75,0.5,4.0,0.5,4,False,False,False,False,1,0.0
official_sweden,Vera,F,,2709,veːra,0.5,0.75,0.5,1.0,0.125,0.0,0.0,0.25,1.0,0.75,0.25,0.375,0.25,0.125,0.375,0.25,0.0,0.75,0.25,4.0,0.5,4,False,False,False,False,0,0.0
official_sweden,Vincent,M,,2102,vɪnsənt,0.2857142857142857,0.5714285714285714,0.7142857142857143,0.5714285714285714,0.0,0.0,0.2857142857142857,0.2857142857142857,0.7142857142857143,0.8571428571428571,0.5714285714285714,0.2142857142857142,0.1428571428571428,0.1428571428571428,0.0,0.1428571428571428,0.0,0.3571428571428571,0.0,7.0,0.2857142857142857,7,False,False,False,False,1,0.0
official_sweden,William,M,,3688,vɪliːam,0.5,0.8333333333333334,0.5,0.8333333333333334,0.0,0.1666666666666666,0.1666666666666666,0.1666666666666666,1.0,0.75,0.1666666666666666,0.4166666666666667,0.3333333333333333,0.3333333333333333,0.1666666666666666,0.1666666666666666,0.0,0.5833333333333334,0.1666666666666666,6.0,0.5,7,False,False,False,False,1,0.0
official_sweden,Wilma,F,,2185,vɪlma,0.4,0.8,0.6,0.8,0.0,0.2,0.2,0.2,1.0,0.8,0.2,0.4,0.4,0.2,0.2,0.2,0.0,0.5,0.0,5.0,0.4,5,False,False,False,False,0,0.0
official_switzerland,David,M,,1397,daviːt,0.4,0.4,0.6,0.6,0.0,0.0,0.0,0.2,0.8,0.8,0.4,0.3,0.2,0.2,0.2,0.2,0.0,0.7,0.2,5.0,0.4,5,False,False,False,False,1,0.0
official_switzerland,Emma,F,,4379,ɛmɑː,0.6666666666666666,1.0,0.3333333333333333,0.6666666666666666,0.1666666666666666,0.0,0.3333333333333333,0.0,1.0,0.6666666666666666,0.0,0.5,0.3333333333333333,0.0,0.3333333333333333,0.3333333333333333,0.0,0.5,0.3333333333333333,3.0,0.6666666666666666,4,False,False,False,False,0,0.0
official_switzerland,Lara,F,,879,lɑrɑː,0.5,1.0,0.5,1.0,0.375,0.25,0.0,0.0,1.0,0.75,0.5,0.25,0.0,0.125,0.625,0.5,0.0,0.75,0.25,4.0,0.5,4,False,False,False,False,0,0.0
official_switzerland,Laura,F,,2060,laʊrɑː,0.6,1.0,0.4,1.0,0.2,0.2,0.0,0.0,1.0,0.7,0.4,0.3,0.0,0.3,0.5,0.6,0.2,0.6,0.2,5.0,0.6,5,False,False,False,False,0,0.0
official_switzerland,Lea,F,,426,leːɑː,0.6666666666666666,1.0,0.3333333333333333,1.0,0.1666666666666666,0.3333333333333333,0.0,0.0,1.0,0.6666666666666666,0.3333333333333333,0.3333333333333333,0.0,0.0,0.3333333333333333,0.3333333333333333,0.0,0.8333333333333334,0.6666666666666666,3.0,0.6666666666666666,3,False,False,False,False,0,0.0
official_switzerland,Luca,M,,4577,luːkɑː,0.5,0.75,0.5,0.75,0.125,0.25,0.0,0.0,0.75,0.5,0.25,0.375,0.25,0.5,0.25,0.75,0.25,0.75,0.5,4.0,0.5,4,False,False,False,False,1,0.0
official_switzerland,Mia,F,,3957,miːɑː,0.6666666666666666,1.0,0.3333333333333333,0.6666666666666666,0.1666666666666666,0.0,0.3333333333333333,0.0,1.0,0.6666666666666666,0.0,0.5,0.3333333333333333,0.3333333333333333,0.3333333333333333,0.3333333333333333,0.0,0.8333333333333334,0.6666666666666666,3.0,0.6666666666666666,3,False,False,False,False,0,0.0
official_switzerland,Michelle,F,,405,mɪçɛlə,0.5,0.8333333333333334,0.5,0.8333333333333334,0.0,0.1666666666666666,0.1666666666666666,0.0,0.8333333333333334,0.5833333333333334,0.1666666666666666,0.4166666666666667,0.1666666666666666,0.3333333333333333,0.0,0.1666666666666666,0.0,0.25,0.0,6.0,0.5,8,False,False,False,False,0,0.0
official_switzerland,Noah,M,,6716,noːɑː,0.6666666666666666,1.0,0.3333333333333333,0.6666666666666666,0.1666666666666666,0.0,0.3333333333333333,0.0,1.0,0.6666666666666666,0.3333333333333333,0.3333333333333333,0.0,0.0,0.3333333333333333,0.6666666666666666,0.3333333333333333,0.8333333333333334,0.6666666666666666,3.0,0.6666666666666666,4,False,False,False,False,1,0.0
official_switzerland,Sara,F,,386,zɑrɑː,0.5,0.75,0.5,1.0,0.375,0.0,0.0,0.25,1.0,0.75,0.5,0.25,0.0,0.125,0.625,0.5,0.0,0.75,0.25,4.0,0.5,4,False,False,False,False,0,0.0
official_switzerland,Sarah,F,,889,zɑrɑː,0.5,0.75,0.5,1.0,0.375,0.0,0.0,0.25,1.0,0.75,0.5,0.25,0.0,0.125,0.625,0.5,0.0,0.75,0.25,4.0,0.5,5,False,False,False,False,0,0.0
official_switzerland,Simon,M,,484,ziːmoːn,0.4,0.8,0.6,0.6,0.0,0.0,0.4,0.2,1.0,0.8,0.4,0.3,0.2,0.2,0.0,0.2,0.2,0.7,0.4,5.0,0.4,5,False,False,False,False,1,0.0
official_switzerland_french_region,Alexandre,M,,294,aləksɑ̃dʀ,0.375,0.625,0.625,0.75,0.125,0.125,0.125,0.125,0.75,0.5625,0.375,0.3125,0.0,0.125,0.25,0.625,0.0,0.5625,0.0,8.0,0.375,9,False,False,False,False,1,0.0
official_switzerland_french_region,Alice,F,,377,aliz,0.5,0.75,0.5,1.0,0.0,0.25,0.0,0.25,1.0,0.75,0.5,0.25,0.0,0.25,0.25,0.25,0.0,0.75,0.0,4.0,0.5,5,False,False,False,False,0,0.0
official_switzerland_french_region,David,M,,149,davi,0.5,0.5,0.5,0.75,0.0,0.0,0.0,0.25,1.0,0.75,0.25,0.375,0.25,0.25,0.25,0.25,0.0,0.75,0.0,4.0,0.5,5,False,False,False,False,1,0.0
official_switzerland_french_region,Emma,F,,2905,ɑma,0.6666666666666666,1.0,0.3333333333333333,0.6666666666666666,0.1666666666666666,0.0,0.3333333333333333,0.0,1.0,0.6666666666666666,0.0,0.5,0.3333333333333333,0.0,0.6666666666666666,0.6666666666666666,0.0,0.8333333333333334,0.0,3.0,0.6666666666666666,4,False,False,False,False,0,0.0
official_switzerland_french_region,Gabriel,M,,1658,ɡabʀjəl,0.2857142857142857,0.7142857142857143,0.5714285714285714,0.7142857142857143,0.0714285714285714,0.1428571428571428,0.0,0.0,1.0,0.4285714285714285,0.1428571428571428,0.4285714285714285,0.1428571428571428,0.2857142857142857,0.1428571428571428,0.5714285714285714,0.0,0.5,0.0,7.0,0.2857142857142857,7,False,False,False,False,1,0.0
official_switzerland_french_region,Laura,F,,258,loʀa,0.5,1.0,0.5,1.0,0.125,0.25,0.0,0.0,1.0,0.5,0.25,0.375,0.0,0.0,0.25,0.75,0.25,0.75,0.0,4.0,0.5,5,False,False,False,False,0,0.0
official_switzerland_french_region,Liam,M,,1144,ljɑ̃,0.3333333333333333,1.0,0.3333333333333333,1.0,0.1666666666666666,0.3333333333333333,0.3333333333333333,0.0,1.0,0.5,0.3333333333333333,0.3333333333333333,0.0,0.3333333333333333,0.3333333333333333,0.3333333333333333,0.0,0.6666666666666666,0.0,3.0,0.3333333333333333,4,False,False,False,False,1,0.0
official_switzerland_french_region,Léa,F,,385,lea,0.6666666666666666,1.0,0.3333333333333333,1.0,0.0,0.3333333333333333,0.0,0.0,1.0,0.6666666666666666,0.3333333333333333,0.3333333333333333,0.0,0.0,0.3333333333333333,0.3333333333333333,0.0,0.8333333333333334,0.0,3.0,0.6666666666666666,3,False,False,False,False,0,0.0
official_switzerland_french_region,Nathan,M,,281,natɑ̃,0.5,0.75,0.5,0.5,0.125,0.0,0.5,0.0,0.75,0.75,0.5,0.25,0.0,0.0,0.5,0.5,0.0,0.75,0.0,4.0,0.5,6,False,False,False,False,1,0.0
official_switzerland_french_region,Nicolas,M,,143,nikɔla,0.5,0.8333333333333334,0.5,0.6666666666666666,0.0,0.1666666666666666,0.1666666666666666,0.0,0.8333333333333334,0.5833333333333334,0.3333333333333333,0.3333333333333333,0.0,0.3333333333333333,0.1666666666666666,0.5,0.1666666666666666,0.5833333333333334,0.0,6.0,0.5,7,False,False,False,False,1,0.0
official_switzerland_french_region,Noah,M,,460,nɔa,0.6666666666666666,1.0,0.3333333333333333,0.6666666666666666,0.0,0.0,0.3333333333333333,0.0,1.0,0.6666666666666666,0.3333333333333333,0.3333333333333333,0.0,0.0,0.3333333333333333,0.6666666666666666,0.3333333333333333,0.5,0.0,3.0,0.6666666666666666,4,False,False,False,False,1,0.0
official_switzerland_french_region,Sarah,F,,122,saʀa,0.5,0.75,0.5,1.0,0.125,0.0,0.0,0.25,0.75,0.5,0.25,0.375,0.0,0.0,0.5,0.75,0.0,0.75,0.0,4.0,0.5,5,False,False,False,False,0,0.0
official_switzerland_french_region,Thomas,M,,288,tɔma,0.5,0.75,0.5,0.5,0.0,0.0,0.25,0.0,0.75,0.75,0.25,0.375,0.25,0.0,0.25,0.5,0.25,0.5,0.0,4.0,0.5,6,False,False,False,False,1,0.0
official_switzerland_geneva,Antonio,M,,153,ɑ̃tɔ̃jo,0.6,0.8,0.2,0.8,0.1,0.0,0.4,0.0,0.8,0.5,0.2,0.4,0.0,0.2,0.2,0.6,0.4,0.6,0.0,5.0,0.6,7,False,False,False,False,1,0.0
official_switzerland_geneva,David,M,,379,davi,0.5,0.5,0.5,0.75,0.0,0.0,0.0,0.25,1.0,0.75,0.25,0.375,0.25,0.25,0.25,0.25,0.0,0.75,0.0,4.0,0.5,5,False,False,False,False,1,0.0
official_switzerland_geneva,Jean,M,,160,ʒəɑ̃,0.6666666666666666,0.6666666666666666,0.3333333333333333,1.0,0.1666666666666666,0.0,0.3333333333333333,0.3333333333333333,1.0,0.3333333333333333,0.3333333333333333,0.6666666666666666,0.0,0.0,0.3333333333333333,0.6666666666666666,0.0,0.5,0.0,3.0,0.6666666666666666,4,False,False,False,False,1,0.0
official_switzerland_geneva,José,M,,1489,ʒɔze,0.5,0.5,0.5,1.0,0.0,0.0,0.0,0.5,1.0,0.5,0.5,0.5,0.0,0.0,0.0,0.25,0.25,0.5,0.0,4.0,0.5,4,False,False,False,False,1,0.0
official_switzerland_geneva,Maria,F,,6414,maʀja,0.4,1.0,0.4,0.8,0.1,0.0,0.2,0.0,1.0,0.4,0.0,0.5,0.2,0.2,0.4,0.6,0.0,0.7,0.0,5.0,0.4,5,False,False,False,False,0,0.0
official_switzerland_geneva,Philippe,M,,313,filip,0.4,0.6,0.6,0.8,0.0,0.2,0.0,0.2,0.6,0.8,0.2,0.4,0.4,0.4,0.0,0.0,0.0,0.7,0.0,5.0,0.4,8,False,False,False,False,1,0.0
official_switzerland_geneva,Stéphane,M,,72,stefan,0.3333333333333333,0.5,0.6666666666666666,0.6666666666666666,0.0,0.0,0.1666666666666666,0.3333333333333333,0.5,0.8333333333333334,0.5,0.25,0.1666666666666666,0.0,0.1666666666666666,0.1666666666666666,0.0,0.6666666666666666,0.0,6.0,0.3333333333333333,8,False,False,False,False,1,0.0
official_switzerland_italian_region,Alessandro,M,,163,alessandro,0.4,0.7,0.6,0.8,0.05,0.1,0.1,0.2,0.8,0.8,0.6,0.2,0.0,0.05,0.25,0.3,0.1,0.7,0.0,10.0,0.4,10,False,False,False,False,1,0.0
official_switzerland_italian_region,Alessia,F,,37,alessia,0.5714285714285714,0.7142857142857143,0.4285714285714285,1.0,0.0,0.1428571428571428,0.0,0.2857142857142857,0.7142857142857143,0.7142857142857143,0.4285714285714285,0.2857142857142857,0.0,0.1428571428571428,0.2857142857142857,0.2857142857142857,0.0,0.7857142857142857,0.0,7.0,0.5714285714285714,7,False,False,False,False,0,0.0
official_switzerland_italian_region,Andrea,M,,37,andrɛa,0.5,0.8333333333333334,0.5,0.6666666666666666,0.0833333333333333,0.0,0.1666666666666666,0.0,1.0,0.75,0.5,0.25,0.0,0.0833333333333333,0.4166666666666667,0.3333333333333333,0.0,0.5833333333333334,0.0,6.0,0.5,6,False,False,False,False,1,0.0
official_switzerland_italian_region,Chiara,F,,73,kjaɾa,0.4,0.8,0.4,0.8,0.1,0.0,0.0,0.0,0.8,0.4,0.2,0.4,0.0,0.5,0.5,0.6,0.0,0.7,0.0,5.0,0.4,6,False,False,False,False,0,0.0
official_switzerland_italian_region,Gabriel,M,,37,ɡabriel,0.4285714285714285,0.7142857142857143,0.5714285714285714,0.7142857142857143,0.0714285714285714,0.1428571428571428,0.0,0.0,1.0,0.6428571428571429,0.2857142857142857,0.3571428571428571,0.1428571428571428,0.3571428571428571,0.2142857142857142,0.2857142857142857,0.0,0.7142857142857143,0.0,7.0,0.4285714285714285,7,False,False,False,False,1,0.0
official_switzerland_italian_region,Gaia,F,,34,ɡaia,0.75,0.75,0.25,0.75,0.0,0.0,0.0,0.0,1.0,0.375,0.0,0.5,0.0,0.5,0.5,0.75,0.0,0.875,0.0,4.0,0.75,4,False,False,False,False,0,0.0
official_switzerland_italian_region,Giulia,F,,402,dʒulia,0.5,0.6666666666666666,0.5,0.8333333333333334,0.0,0.1666666666666666,0.0,0.1666666666666666,1.0,0.5833333333333334,0.5,0.4166666666666667,0.1666666666666666,0.3333333333333333,0.1666666666666666,0.3333333333333333,0.1666666666666666,0.75,0.0,6.0,0.5,6,False,False,False,False,0,0.0
official_switzerland_italian_region,Leonardo,M,,389,leonardo,0.5,0.875,0.5,0.75,0.0625,0.125,0.125,0.0,1.0,0.75,0.5,0.25,0.0,0.0625,0.1875,0.375,0.25,0.75,0.0,8.0,0.5,8,False,False,False,False,1,0.0
official_switzerland_italian_region,Luca,M,,87,luka,0.5,0.75,0.5,0.75,0.0,0.25,0.0,0.0,0.75,0.5,0.25,0.375,0.25,0.5,0.25,0.75,0.25,0.75,0.0,4.0,0.5,4,False,False,False,False,1,0.0
official_switzerland_italian_region,Martina,F,,107,martina,0.4285714285714285,0.8571428571428571,0.5714285714285714,0.5714285714285714,0.0714285714285714,0.0,0.2857142857142857,0.0,0.8571428571428571,0.7857142857142857,0.4285714285714285,0.2857142857142857,0.1428571428571428,0.2142857142857142,0.3571428571428571,0.2857142857142857,0.0,0.7142857142857143,0.0,7.0,0.4285714285714285,7,False,False,False,False,0,0.0
official_switzerland_italian_region,Matteo,M,,286,matːɛo,0.6,0.8,0.4,0.6,0.0,0.0,0.2,0.0,0.8,0.7,0.2,0.4,0.2,0.0,0.2,0.4,0.2,0.6,0.2,5.0,0.6,6,False,False,False,False,1,0.0
official_switzerland_italian_region,Mattia,M,,244,matːia,0.6,0.8,0.4,0.6,0.0,0.0,0.2,0.0,0.8,0.7,0.2,0.4,0.2,0.2,0.4,0.4,0.0,0.8,0.2,5.0,0.6,6,False,False,False,False,1,0.0
official_switzerland_italian_region,Noemi,F,,34,noɛmɪ,0.6,1.0,0.4,0.6,0.0,0.0,0.4,0.0,1.0,0.7,0.2,0.4,0.2,0.2,0.0,0.2,0.2,0.4,0.0,5.0,0.6,5,False,False,False,False,0,0.0
official_switzerland_italian_region,Sara,F,,177,saɾa,0.5,0.75,0.5,1.0,0.125,0.0,0.0,0.25,0.75,0.75,0.5,0.25,0.0,0.125,0.625,0.5,0.0,0.75,0.0,4.0,0.5,4,False,False,False,False,0,0.0
official_switzerland_italian_region,Sofia,F,,293,sofia,0.6,0.6,0.4,1.0,0.0,0.0,0.0,0.4,0.6,0.7,0.2,0.4,0.2,0.2,0.2,0.4,0.2,0.8,0.0,5.0,0.6,5,False,False,False,False,0,0.0
official_switzerland_zurich,Anna,F,,139,anɑː,0.6666666666666666,1.0,0.3333333333333333,0.6666666666666666,0.1666666666666666,0.0,0.3333333333333333,0.0,1.0,0.6666666666666666,0.3333333333333333,0.3333333333333333,0.0,0.0,0.6666666666666666,0.6666666666666666,0.0,0.8333333333333334,0.3333333333333333,3.0,0.6666666666666666,4,False,False,False,False,0,0.0
official_switzerland_zurich,David,M,,182,daviːt,0.4,0.4,0.6,0.6,0.0,0.0,0.0,0.2,0.8,0.8,0.4,0.3,0.2,0.2,0.2,0.2,0.0,0.7,0.2,5.0,0.4,5,False,False,False,False,1,0.0
official_switzerland_zurich,Emilia,F,,25,eːmiːliːɑː,0.6666666666666666,1.0,0.3333333333333333,0.8333333333333334,0.0833333333333333,0.1666666666666666,0.1666666666666666,0.0,1.0,0.6666666666666666,0.1666666666666666,0.4166666666666667,0.1666666666666666,0.3333333333333333,0.1666666666666666,0.1666666666666666,0.0,0.8333333333333334,0.6666666666666666,6.0,0.6666666666666666,6,False,False,False,False,0,0.0
official_switzerland_zurich,Emma,F,,244,ɛmɑː,0.6666666666666666,1.0,0.3333333333333333,0.6666666666666666,0.1666666666666666,0.0,0.3333333333333333,0.0,1.0,0.6666666666666666,0.0,0.5,0.3333333333333333,0.0,0.3333333333333333,0.3333333333333333,0.0,0.5,0.3333333333333333,3.0,0.6666666666666666,4,False,False,False,False,0,0.0
official_switzerland_zurich,Julia,F,,25,juːliːɑː,0.6,1.0,0.2,1.0,0.1,0.2,0.0,0.0,1.0,0.5,0.2,0.4,0.2,0.6,0.2,0.4,0.2,0.8,0.6,5.0,0.6,5,False,False,False,False,0,0.0
official_switzerland_zurich,Julian,M,,99,juːliːɑːn,0.5,1.0,0.3333333333333333,0.8333333333333334,0.0833333333333333,0.1666666666666666,0.1666666666666666,0.0,1.0,0.5833333333333334,0.3333333333333333,0.3333333333333333,0.1666666666666666,0.5,0.1666666666666666,0.3333333333333333,0.1666666666666666,0.75,0.5,6.0,0.5,6,False,False,False,False,1,0.0
official_switzerland_zurich,Laura,F,,143,laʊrɑː,0.6,1.0,0.4,1.0,0.2,0.2,0.0,0.0,1.0,0.7,0.4,0.3,0.0,0.3,0.5,0.6,0.2,0.6,0.2,5.0,0.6,5,False,False,False,False,0,0.0
official_switzerland_zurich,Leo,M,,101,leːoː,0.6666666666666666,1.0,0.3333333333333333,1.0,0.0,0.3333333333333333,0.0,0.0,1.0,0.6666666666666666,0.3333333333333333,0.3333333333333333,0.0,0.0,0.0,0.3333333333333333,0.3333333333333333,0.8333333333333334,0.6666666666666666,3.0,0.6666666666666666,3,False,False,False,False,1,0.0
official_switzerland_zurich,Leon,M,,57,leːɔn,0.5,1.0,0.5,0.75,0.0,0.25,0.25,0.0,1.0,0.75,0.5,0.25,0.0,0.0,0.0,0.25,0.25,0.5,0.25,4.0,0.5,4,False,False,False,False,1,0.0
official_switzerland_zurich,Louis,M,,101,luːɪs,0.5,0.75,0.5,1.0,0.0,0.25,0.0,0.25,0.75,0.75,0.5,0.25,0.25,0.5,0.0,0.25,0.25,0.5,0.25,4.0,0.5,5,False,False,False,False,1,0.0
official_switzerland_zurich,Luca,M,,51,luːkɑː,0.5,0.75,0.5,0.75,0.125,0.25,0.0,0.0,0.75,0.5,0.25,0.375,0.25,0.5,0.25,0.75,0.25,0.75,0.5,4.0,0.5,4,False,False,False,False,1,0.0
official_switzerland_zurich,Luis,M,,27,luːɪs,0.5,0.75,0.5,1.0,0.0,0.25,0.0,0.25,0.75,0.75,0.5,0.25,0.25,0.5,0.0,0.25,0.25,0.5,0.25,4.0,0.5,4,False,False,False,False,1,0.0
official_switzerland_zurich,Matteo,M,,23,mateːoː,0.6,0.8,0.4,0.6,0.0,0.0,0.2,0.0,0.8,0.7,0.2,0.4,0.2,0.0,0.2,0.4,0.2,0.8,0.4,5.0,0.6,6,False,False,False,False,1,0.0
official_switzerland_zurich,Noah,M,,51,noːɑː,0.6666666666666666,1.0,0.3333333333333333,0.6666666666666666,0.1666666666666666,0.0,0.3333333333333333,0.0,1.0,0.6666666666666666,0.3333333333333333,0.3333333333333333,0.0,0.0,0.3333333333333333,0.6666666666666666,0.3333333333333333,0.8333333333333334,0.6666666666666666,3.0,0.6666666666666666,4,False,False,False,False,1,0.0
official_switzerland_zurich,Olivia,F,,53,oːliːviːɑː,0.6666666666666666,0.8333333333333334,0.3333333333333333,1.0,0.0833333333333333,0.1666666666666666,0.0,0.1666666666666666,1.0,0.6666666666666666,0.1666666666666666,0.4166666666666667,0.1666666666666666,0.3333333333333333,0.1666666666666666,0.3333333333333333,0.1666666666666666,0.8333333333333334,0.6666666666666666,6.0,0.6666666666666666,6,False,False,False,False,0,0.0
official_switzerland_zurich,Paul,M,,25,paʊl,0.5,0.75,0.5,0.75,0.0,0.25,0.0,0.0,0.75,0.75,0.25,0.375,0.25,0.25,0.25,0.5,0.25,0.5,0.0,4.0,0.5,4,False,False,False,False,1,0.0
official_switzerland_zurich,Sarah,F,,25,zɑrɑː,0.5,0.75,0.5,1.0,0.375,0.0,0.0,0.25,1.0,0.75,0.5,0.25,0.0,0.125,0.625,0.5,0.0,0.75,0.25,4.0,0.5,5,False,False,False,False,0,0.0
official_switzerland_zurich,Sofia,F,,75,zoːfiːɑː,0.6,0.6,0.4,1.0,0.1,0.0,0.0,0.4,0.8,0.7,0.2,0.4,0.2,0.2,0.2,0.4,0.2,0.8,0.6,5.0,0.6,5,False,False,False,False,0,0.0
official_switzerland_zurich,Sophia,F,,25,zoːfiːɑː,0.6,0.6,0.4,1.0,0.1,0.0,0.0,0.4,0.8,0.7,0.2,0.4,0.2,0.2,0.2,0.4,0.2,0.8,0.6,5.0,0.6,6,False,False,False,False,0,0.0
official_switzerland_zurich,Sophie,F,,54,zoːfiː,0.5,0.5,0.5,1.0,0.0,0.0,0.0,0.5,0.75,0.75,0.25,0.375,0.25,0.25,0.0,0.25,0.25,0.75,0.5,4.0,0.5,6,False,False,False,False,0,0.0
official_switzerland_zurich_canton,Andrea,F,,95,andɾeːɑː,0.5,0.8333333333333334,0.5,0.6666666666666666,0.1666666666666666,0.0,0.1666666666666666,0.0,1.0,0.75,0.5,0.25,0.0,0.0833333333333333,0.4166666666666667,0.3333333333333333,0.0,0.75,0.3333333333333333,6.0,0.5,6,False,False,False,False,0,0.0
official_switzerland_zurich_canton,Daniel,M,,442,dɑːnɪəl,0.5,0.8333333333333334,0.5,0.6666666666666666,0.0833333333333333,0.1666666666666666,0.1666666666666666,0.0,1.0,0.75,0.5,0.25,0.0,0.1666666666666666,0.1666666666666666,0.3333333333333333,0.0,0.4166666666666667,0.1666666666666666,6.0,0.5,6,False,False,False,False,1,0.0
official_switzerland_zurich_canton,Fabian,M,,124,fɑbiːɑːn,0.5,0.6666666666666666,0.5,0.6666666666666666,0.1666666666666666,0.0,0.1666666666666666,0.1666666666666666,0.8333333333333334,0.75,0.1666666666666666,0.4166666666666667,0.3333333333333333,0.1666666666666666,0.3333333333333333,0.3333333333333333,0.0,0.75,0.3333333333333333,6.0,0.5,6,False,False,False,False,1,0.0
official_switzerland_zurich_canton,Kevin,M,,168,keːvɪn,0.4,0.6,0.6,0.6,0.0,0.0,0.2,0.2,0.8,0.6,0.2,0.4,0.2,0.4,0.0,0.2,0.0,0.5,0.2,5.0,0.4,5,False,False,False,False,1,0.0
official_switzerland_zurich_canton,Laura,F,,848,laʊrɑː,0.6,1.0,0.4,1.0,0.2,0.2,0.0,0.0,1.0,0.7,0.4,0.3,0.0,0.3,0.5,0.6,0.2,0.6,0.2,5.0,0.6,5,False,False,False,False,0,0.0
official_switzerland_zurich_canton,Luca,M,,119,luːkɑː,0.5,0.75,0.5,0.75,0.125,0.25,0.0,0.0,0.75,0.5,0.25,0.375,0.25,0.5,0.25,0.75,0.25,0.75,0.5,4.0,0.5,4,False,False,False,False,1,0.0
official_switzerland_zurich_canton,Marco,M,,795,maɾkoː,0.4,0.8,0.6,0.6,0.1,0.0,0.2,0.0,0.8,0.6,0.2,0.4,0.2,0.3,0.3,0.6,0.2,0.7,0.2,5.0,0.4,5,False,False,False,False,1,0.0
official_switzerland_zurich_canton,Melanie,F,,393,meːlaniː,0.5,1.0,0.5,0.6666666666666666,0.0,0.1666666666666666,0.3333333333333333,0.0,1.0,0.75,0.3333333333333333,0.3333333333333333,0.1666666666666666,0.1666666666666666,0.1666666666666666,0.1666666666666666,0.0,0.75,0.3333333333333333,6.0,0.5,7,False,False,False,False,0,0.0
official_switzerland_zurich_canton,Michael,M,,1097,mɪçaeːl,0.5,0.8333333333333334,0.5,0.8333333333333334,0.0,0.1666666666666666,0.1666666666666666,0.0,0.8333333333333334,0.5833333333333334,0.1666666666666666,0.4166666666666667,0.1666666666666666,0.3333333333333333,0.1666666666666666,0.1666666666666666,0.0,0.5833333333333334,0.1666666666666666,6.0,0.5,7,False,False,False,False,1,0.0
official_switzerland_zurich_canton,Nicole,F,,315,niːkoːlə,0.5,0.8333333333333334,0.5,0.6666666666666666,0.0,0.1666666666666666,0.1666666666666666,0.0,0.8333333333333334,0.5833333333333334,0.3333333333333333,0.3333333333333333,0.0,0.3333333333333333,0.0,0.5,0.1666666666666666,0.5833333333333334,0.3333333333333333,6.0,0.5,6,False,False,False,False,0,0.0
official_switzerland_zurich_canton,Pascal,M,,390,paskɑːl,0.3333333333333333,0.5,0.6666666666666666,0.6666666666666666,0.0833333333333333,0.1666666666666666,0.0,0.1666666666666666,0.5,0.6666666666666666,0.3333333333333333,0.3333333333333333,0.1666666666666666,0.1666666666666666,0.3333333333333333,0.5,0.0,0.6666666666666666,0.1666666666666666,6.0,0.3333333333333333,6,False,False,False,False,1,0.0
official_switzerland_zurich_canton,Patrick,M,,540,patɾɪk,0.3333333333333333,0.5,0.6666666666666666,0.5,0.0833333333333333,0.0,0.0,0.0,0.5,0.6666666666666666,0.3333333333333333,0.3333333333333333,0.1666666666666666,0.4166666666666667,0.25,0.3333333333333333,0.0,0.5,0.0,6.0,0.3333333333333333,7,False,False,False,False,1,0.0
official_switzerland_zurich_canton,Sabrina,F,,535,zabɾiːnɑː,0.4285714285714285,0.7142857142857143,0.5714285714285714,0.7142857142857143,0.1428571428571428,0.0,0.1428571428571428,0.1428571428571428,1.0,0.7857142857142857,0.4285714285714285,0.2857142857142857,0.1428571428571428,0.2142857142857142,0.3571428571428571,0.2857142857142857,0.0,0.7142857142857143,0.2857142857142857,7.0,0.4285714285714285,7,False,False,False,False,0,0.0
official_switzerland_zurich_canton,Sandra,F,,333,zandɾɑː,0.3333333333333333,0.6666666666666666,0.6666666666666666,0.6666666666666666,0.1666666666666666,0.0,0.1666666666666666,0.1666666666666666,1.0,0.8333333333333334,0.6666666666666666,0.1666666666666666,0.0,0.0833333333333333,0.4166666666666667,0.3333333333333333,0.0,0.6666666666666666,0.1666666666666666,6.0,0.3333333333333333,6,False,False,False,False,0,0.0
official_switzerland_zurich_canton,Sarah,F,,674,zɑrɑː,0.5,0.75,0.5,1.0,0.375,0.0,0.0,0.25,1.0,0.75,0.5,0.25,0.0,0.125,0.625,0.5,0.0,0.75,0.25,4.0,0.5,5,False,False,False,False,0,0.0
official_switzerland_zurich_canton,Simon,M,,237,ziːmoːn,0.4,0.8,0.6,0.6,0.0,0.0,0.4,0.2,1.0,0.8,0.4,0.3,0.2,0.2,0.0,0.2,0.2,0.7,0.4,5.0,0.4,5,False,False,False,False,1,0.0
official_switzerland_zurich_canton,Stefan,M,,249,ʃteːfɑːn,0.3333333333333333,0.5,0.6666666666666666,0.6666666666666666,0.0833333333333333,0.0,0.1666666666666666,0.3333333333333333,0.5,0.6666666666666666,0.5,0.4166666666666667,0.1666666666666666,0.0,0.1666666666666666,0.1666666666666666,0.0,0.6666666666666666,0.3333333333333333,6.0,0.3333333333333333,6,False,False,False,False,1,0.0
official_taiwan,俊傑,M,,12187,tɕyn˥˩ tɕjɛ˧˥,0.3333333333333333,0.5,0.5833333333333334,0.5833333333333334,0.3333333333333333,0.1666666666666666,0.25,0.3333333333333333,0.5,0.5,0.5833333333333334,0.4583333333333333,0.25,0.5,0.1666666666666666,0.1666666666666666,0.25,0.5,0.1666666666666666,12.0,0.3333333333333333,2,False,False,False,False,1,0.0
official_taiwan,俊宏,M,,11189,tɕyn˥˩ xʊŋ˧˥,0.3636363636363636,0.5454545454545454,0.6363636363636364,0.5454545454545454,0.2727272727272727,0.1818181818181818,0.3636363636363636,0.2727272727272727,0.5454545454545454,0.4545454545454545,0.4545454545454545,0.4545454545454545,0.2727272727272727,0.6363636363636364,0.1818181818181818,0.4545454545454545,0.3636363636363636,0.5,0.1818181818181818,11.0,0.3636363636363636,2,False,False,False,False,1,0.0
official_taiwan,俊賢,M,,7236,tɕyn˥˩ ɕjɛn˧˥,0.3333333333333333,0.5833333333333334,0.5833333333333334,0.5833333333333334,0.3333333333333333,0.1666666666666666,0.3333333333333333,0.3333333333333333,0.5833333333333334,0.5,0.5833333333333334,0.4583333333333333,0.25,0.5,0.1666666666666666,0.1666666666666666,0.25,0.5,0.1666666666666666,12.0,0.3333333333333333,2,False,False,False,False,1,0.0
official_taiwan,俊雄,M,,6581,tɕyn˥˩ ɕjʊŋ˧˥,0.3333333333333333,0.5833333333333334,0.5833333333333334,0.5833333333333334,0.3333333333333333,0.1666666666666666,0.3333333333333333,0.3333333333333333,0.5833333333333334,0.4166666666666667,0.5,0.5,0.25,0.6666666666666666,0.1666666666666666,0.3333333333333333,0.3333333333333333,0.5,0.1666666666666666,12.0,0.3333333333333333,2,False,False,False,False,1,0.0
official_taiwan,信宏,M,,6610,ɕin˥˩ xʊŋ˧˥,0.4,0.6,0.6,0.6,0.3,0.2,0.4,0.3,0.6,0.4,0.4,0.5,0.2,0.7,0.2,0.5,0.3,0.5,0.2,10.0,0.4,2,False,False,False,False,1,0.0
official_taiwan,冠宇,M,,9655,kwan˥ y˧˩˧,0.4444444444444444,0.6666666666666666,0.4444444444444444,0.5555555555555556,0.2222222222222222,0.2222222222222222,0.3333333333333333,0.2222222222222222,0.6666666666666666,0.4444444444444444,0.3333333333333333,0.4444444444444444,0.4444444444444444,0.5555555555555556,0.3333333333333333,0.5555555555555556,0.4444444444444444,0.6111111111111112,0.2222222222222222,9.0,0.4444444444444444,2,False,False,False,False,1,0.0
official_taiwan,冠廷,M,,8915,kwan˥ tʰiŋ˧˥,0.35,0.65,0.55,0.45,0.15,0.15,0.35,0.15,0.65,0.45,0.35,0.4,0.25,0.55,0.25,0.55,0.25,0.6,0.15,10.0,0.35,2,False,False,False,False,1,0.0
official_taiwan,國華,M,,6642,kwɔ˧˥ xwa˧˥,0.4,0.6,0.4,0.7,0.2,0.2,0.2,0.2,0.6,0.3,0.2,0.5,0.4,0.6,0.3,0.8,0.5,0.5,0.2,10.0,0.4,2,False,False,False,False,1,0.0
official_taiwan,宗翰,M,,9021,tsʊŋ˥ xan˥˩,0.35,0.55,0.65,0.55,0.15,0.15,0.35,0.25,0.55,0.55,0.45,0.35,0.15,0.45,0.25,0.55,0.25,0.5,0.15,10.0,0.35,2,False,False,False,False,1,0.0
official_taiwan,家豪,M,,14038,tɕja˥ xɑʊ˧˥,0.45,0.55,0.45,0.75,0.3,0.15,0.15,0.25,0.55,0.4,0.35,0.5,0.15,0.55,0.35,0.55,0.25,0.55,0.15,10.0,0.45,2,False,False,False,False,1,0.0
official_taiwan,家銘,M,,6590,tɕja˥ miŋ˧˥,0.35,0.65,0.55,0.55,0.25,0.15,0.35,0.25,0.65,0.45,0.35,0.5,0.25,0.55,0.25,0.35,0.15,0.6,0.15,10.0,0.35,2,False,False,False,False,1,0.0
official_taiwan,建宏,M,,12196,tɕjɛn˥˩ xʊŋ˧˥,0.3333333333333333,0.5833333333333334,0.5833333333333334,0.5833333333333334,0.25,0.1666666666666666,0.3333333333333333,0.25,0.5833333333333334,0.4166666666666667,0.4166666666666667,0.4583333333333333,0.1666666666666666,0.5833333333333334,0.1666666666666666,0.4166666666666667,0.25,0.4166666666666667,0.1666666666666666,12.0,0.3333333333333333,2,False,False,False,False,1,0.0
official_taiwan,彥廷,M,,7598,jɛn˥˩ tʰiŋ˧˥,0.4,0.7,0.5,0.5,0.2,0.2,0.4,0.2,0.7,0.5,0.4,0.4,0.2,0.5,0.2,0.3,0.2,0.5,0.2,10.0,0.4,2,False,False,False,False,1,0.0
official_taiwan,志偉,M,,10563,ʈʂɨ˥˩ weɪ˧˩˧,0.5,0.5909090909090909,0.4090909090909091,0.6818181818181818,0.2272727272727272,0.2272727272727272,0.2272727272727272,0.3181818181818182,0.5909090909090909,0.3636363636363636,0.4090909090909091,0.4090909090909091,0.3181818181818182,0.5,0.2272727272727272,0.4090909090909091,0.3181818181818182,0.5454545454545454,0.2272727272727272,11.0,0.5,2,False,False,False,False,1,0.0
official_taiwan,志宏,M,,8960,ʈʂɨ˥˩ xʊŋ˧˥,0.4,0.5,0.6,0.6,0.2,0.2,0.3,0.3,0.5,0.3,0.4,0.4,0.2,0.6,0.2,0.6,0.3,0.5,0.2,10.0,0.4,2,False,False,False,False,1,0.0
official_taiwan,志強,M,,9101,ʈʂɨ˥˩ tɕʰjɑŋ˧˥,0.3333333333333333,0.5,0.5833333333333334,0.5833333333333334,0.2916666666666667,0.1666666666666666,0.25,0.3333333333333333,0.5,0.3333333333333333,0.5,0.4166666666666667,0.1666666666666666,0.5,0.25,0.4166666666666667,0.1666666666666666,0.5833333333333334,0.1666666666666666,12.0,0.3333333333333333,2,False,False,False,False,1,0.0
official_taiwan,志忠,M,,6967,ʈʂɨ˥˩ ʈʂʊŋ˥,0.35,0.45,0.65,0.55,0.15,0.15,0.25,0.35,0.45,0.25,0.55,0.3,0.15,0.45,0.15,0.45,0.25,0.5,0.15,10.0,0.35,2,False,False,False,False,1,0.0
official_taiwan,志成,M,,8903,ʈʂɨ˥˩ ʈʂʰɤŋ˧˥,0.3636363636363636,0.4545454545454545,0.6363636363636364,0.5454545454545454,0.2272727272727272,0.1818181818181818,0.2727272727272727,0.3636363636363636,0.4545454545454545,0.2727272727272727,0.5454545454545454,0.3181818181818182,0.1818181818181818,0.3636363636363636,0.1818181818181818,0.4545454545454545,0.1818181818181818,0.5909090909090909,0.1818181818181818,11.0,0.3636363636363636,2,False,False,False,False,1,0.0
official_taiwan,志明,M,,12719,ʈʂɨ˥˩ miŋ˧˥,0.4,0.6,0.6,0.5,0.2,0.2,0.4,0.3,0.6,0.4,0.4,0.4,0.3,0.5,0.2,0.4,0.2,0.6,0.2,10.0,0.4,2,False,False,False,False,1,0.0
official_taiwan,志豪,M,,10676,ʈʂɨ˥˩ xɑʊ˧˥,0.5,0.5,0.5,0.7,0.25,0.2,0.2,0.3,0.5,0.35,0.4,0.4,0.2,0.5,0.3,0.6,0.3,0.55,0.2,10.0,0.5,2,False,False,False,False,1,0.0
official_taiwan,怡君,F,,20185,i˧˥ tɕyn˥,0.4375,0.5625,0.5625,0.5625,0.3125,0.1875,0.3125,0.3125,0.5625,0.5625,0.5625,0.4375,0.3125,0.5625,0.1875,0.1875,0.3125,0.625,0.1875,8.0,0.4375,2,False,False,False,False,0,0.0
official_taiwan,承恩,M,,8631,ʈʂʰɤŋ˧˥ ən˥,0.3888888888888889,0.6111111111111112,0.6111111111111112,0.5,0.2222222222222222,0.1666666666666666,0.3888888888888889,0.2777777777777778,0.6111111111111112,0.3888888888888889,0.5,0.3333333333333333,0.1666666666666666,0.2777777777777778,0.1666666666666666,0.5,0.1666666666666666,0.5,0.1666666666666666,9.0,0.3888888888888889,2,False,False,False,False,1,0.0
official_taiwan,承翰,M,,9726,ʈʂʰɤŋ˧˥ xan˥˩,0.3636363636363636,0.5454545454545454,0.6363636363636364,0.5454545454545454,0.2272727272727272,0.1818181818181818,0.3636363636363636,0.2727272727272727,0.5454545454545454,0.3636363636363636,0.4545454545454545,0.3636363636363636,0.1818181818181818,0.3636363636363636,0.2727272727272727,0.5454545454545454,0.1818181818181818,0.5909090909090909,0.1818181818181818,11.0,0.3636363636363636,2,False,False,False,False,1,0.0
official_taiwan,文彬,M,,8005,wən˧˥ pin˥,0.3888888888888889,0.7222222222222222,0.5,0.5,0.1666666666666666,0.1666666666666666,0.3888888888888889,0.1666666666666666,0.7222222222222222,0.6111111111111112,0.3888888888888889,0.3888888888888889,0.3888888888888889,0.3888888888888889,0.1666666666666666,0.3888888888888889,0.2777777777777778,0.5,0.1666666666666666,9.0,0.3888888888888889,2,False,False,False,False,1,0.0
official_taiwan,文雄,M,,8678,wən˧˥ ɕjʊŋ˧˥,0.3636363636363636,0.7272727272727273,0.4545454545454545,0.6363636363636364,0.2727272727272727,0.1818181818181818,0.3636363636363636,0.2727272727272727,0.7272727272727273,0.3636363636363636,0.3636363636363636,0.5,0.2727272727272727,0.6363636363636364,0.1818181818181818,0.5454545454545454,0.3636363636363636,0.4090909090909091,0.1818181818181818,11.0,0.3636363636363636,2,False,False,False,False,1,0.0
official_taiwan,文龍,M,,7273,wən˧˥ lʊŋ˧˥,0.4,0.8,0.5,0.6,0.2,0.3,0.4,0.2,0.8,0.5,0.4,0.4,0.3,0.5,0.2,0.6,0.4,0.4,0.2,10.0,0.4,2,False,False,False,False,1,0.0
official_taiwan,明德,M,,7417,miŋ˧˥ tɤ˧˥,0.4444444444444444,0.6666666666666666,0.5555555555555556,0.4444444444444444,0.2777777777777778,0.2222222222222222,0.4444444444444444,0.2222222222222222,0.6666666666666666,0.5555555555555556,0.3333333333333333,0.4444444444444444,0.3333333333333333,0.4444444444444444,0.2222222222222222,0.4444444444444444,0.2222222222222222,0.6111111111111112,0.2222222222222222,9.0,0.4444444444444444,2,False,False,False,False,1,0.0
official_taiwan,明輝,M,,7890,miŋ˧˥ xweɪ˥,0.45,0.75,0.45,0.65,0.15,0.15,0.35,0.15,0.75,0.4,0.15,0.5,0.35,0.65,0.15,0.45,0.25,0.55,0.15,10.0,0.45,2,False,False,False,False,1,0.0
official_taiwan,月娥,F,,13961,ɥœ˥˩ ɤ˧˥,0.5714285714285714,0.7142857142857143,0.2857142857142857,0.7142857142857143,0.4285714285714285,0.2857142857142857,0.2857142857142857,0.2857142857142857,0.7142857142857143,0.4285714285714285,0.2857142857142857,0.5,0.4285714285714285,0.4285714285714285,0.2857142857142857,0.4285714285714285,0.5714285714285714,0.5714285714285714,0.2857142857142857,7.0,0.5714285714285714,2,False,False,False,False,0,0.0
official_taiwan,柏翰,M,,7662,paɪ˧˩˧ xan˥˩,0.5,0.5909090909090909,0.5,0.5909090909090909,0.2272727272727272,0.2272727272727272,0.3181818181818182,0.2272727272727272,0.5909090909090909,0.5454545454545454,0.3181818181818182,0.4545454545454545,0.3181818181818182,0.4090909090909091,0.4090909090909091,0.5,0.2272727272727272,0.5454545454545454,0.2272727272727272,11.0,0.5,2,False,False,False,False,1,0.0
official_taiwan,正雄,M,,7971,ʈʂɤŋ˥˩ ɕjʊŋ˧˥,0.3333333333333333,0.5833333333333334,0.5833333333333334,0.5833333333333334,0.2916666666666667,0.1666666666666666,0.3333333333333333,0.3333333333333333,0.5833333333333334,0.25,0.4166666666666667,0.4583333333333333,0.1666666666666666,0.5833333333333334,0.1666666666666666,0.5,0.25,0.5,0.1666666666666666,12.0,0.3333333333333333,2,False,False,False,False,1,0.0
official_taiwan,淑娟,F,,22828,ʂu˥ tɕɥœn˥,0.3333333333333333,0.5555555555555556,0.5555555555555556,0.6666666666666666,0.2777777777777778,0.1111111111111111,0.2222222222222222,0.3333333333333333,0.5555555555555556,0.4444444444444444,0.5555555555555556,0.3888888888888889,0.3333333333333333,0.4444444444444444,0.1111111111111111,0.2222222222222222,0.4444444444444444,0.5555555555555556,0.1111111111111111,9.0,0.3333333333333333,2,False,False,False,False,0,0.0
official_taiwan,淑惠,F,,30420,ʂu˥ xweɪ˥˩,0.5,0.6111111111111112,0.3888888888888889,0.8333333333333334,0.1666666666666666,0.1666666666666666,0.1666666666666666,0.2777777777777778,0.6111111111111112,0.3333333333333333,0.2777777777777778,0.4444444444444444,0.3888888888888889,0.6111111111111112,0.1666666666666666,0.5,0.3888888888888889,0.5555555555555556,0.1666666666666666,9.0,0.5,2,False,False,False,False,0,0.0
official_taiwan,淑玲,F,,16542,ʂu˥ liŋ˧˥,0.4375,0.6875,0.5625,0.6875,0.1875,0.3125,0.3125,0.3125,0.6875,0.4375,0.4375,0.375,0.3125,0.5625,0.1875,0.4375,0.3125,0.625,0.1875,8.0,0.4375,2,False,False,False,False,0,0.0
official_taiwan,淑美,F,,18055,ʂu˥ meɪ˧˩˧,0.5555555555555556,0.6666666666666666,0.4444444444444444,0.6666666666666666,0.2222222222222222,0.2222222222222222,0.3333333333333333,0.3333333333333333,0.6666666666666666,0.5,0.3333333333333333,0.4444444444444444,0.4444444444444444,0.4444444444444444,0.2222222222222222,0.3333333333333333,0.3333333333333333,0.5555555555555556,0.2222222222222222,9.0,0.5555555555555556,2,False,False,False,False,0,0.0
official_taiwan,淑芬,F,,31879,ʂu˥ fən˥,0.4285714285714285,0.5714285714285714,0.5714285714285714,0.7142857142857143,0.1428571428571428,0.1428571428571428,0.2857142857142857,0.4285714285714285,0.5714285714285714,0.5714285714285714,0.4285714285714285,0.3571428571428571,0.4285714285714285,0.2857142857142857,0.1428571428571428,0.4285714285714285,0.2857142857142857,0.5,0.1428571428571428,7.0,0.4285714285714285,2,False,False,False,False,0,0.0
official_taiwan,淑華,F,,20178,ʂu˥ xwa˧˥,0.4375,0.5625,0.4375,0.8125,0.1875,0.1875,0.1875,0.3125,0.5625,0.3125,0.3125,0.4375,0.4375,0.5625,0.3125,0.6875,0.4375,0.625,0.1875,8.0,0.4375,2,False,False,False,False,0,0.0
official_taiwan,淑貞,F,,23904,ʂu˥ ʈʂən˥,0.375,0.5,0.625,0.625,0.125,0.125,0.25,0.375,0.5,0.375,0.625,0.25,0.25,0.25,0.125,0.375,0.25,0.5,0.125,8.0,0.375,2,False,False,False,False,0,0.0
official_taiwan,玉蘭,F,,14506,y˥˩ lan˧˥,0.5,0.75,0.5,0.625,0.25,0.375,0.375,0.25,0.75,0.625,0.5,0.375,0.375,0.375,0.375,0.375,0.375,0.625,0.25,8.0,0.5,2,False,False,False,False,0,0.0
official_taiwan,秀琴,F,,22266,ɕjoʊ˥˩ tɕʰin˧˥,0.4166666666666667,0.5833333333333334,0.5,0.6666666666666666,0.3333333333333333,0.1666666666666666,0.25,0.3333333333333333,0.5833333333333334,0.4583333333333333,0.5,0.5,0.1666666666666666,0.5833333333333334,0.1666666666666666,0.3333333333333333,0.3333333333333333,0.5416666666666666,0.1666666666666666,12.0,0.4166666666666667,2,False,False,False,False,0,0.0
official_taiwan,秀美,F,,21426,ɕjoʊ˥˩ meɪ˧˩˧,0.5416666666666666,0.7083333333333334,0.375,0.7083333333333334,0.2916666666666667,0.2083333333333333,0.2916666666666667,0.2916666666666667,0.7083333333333334,0.4583333333333333,0.2916666666666667,0.5416666666666666,0.2916666666666667,0.5416666666666666,0.2083333333333333,0.375,0.375,0.5,0.2083333333333333,12.0,0.5416666666666666,2,False,False,False,False,0,0.0
official_taiwan,秀英,F,,23020,ɕjoʊ˥˩ iŋ˥,0.5,0.7222222222222222,0.3888888888888889,0.7222222222222222,0.2777777777777778,0.1666666666666666,0.2777777777777778,0.2777777777777778,0.7222222222222222,0.3333333333333333,0.2777777777777778,0.5555555555555556,0.1666666666666666,0.7222222222222222,0.1666666666666666,0.5,0.3888888888888889,0.5555555555555556,0.1666666666666666,9.0,0.5,2,False,False,False,False,0,0.0
official_taiwan,秀蘭,F,,18207,ɕjoʊ˥˩ lan˧˥,0.4545454545454545,0.7272727272727273,0.4545454545454545,0.7272727272727273,0.2727272727272727,0.2727272727272727,0.2727272727272727,0.2727272727272727,0.7272727272727273,0.5,0.4545454545454545,0.4545454545454545,0.1818181818181818,0.4545454545454545,0.2727272727272727,0.4545454545454545,0.3636363636363636,0.5454545454545454,0.1818181818181818,11.0,0.4545454545454545,2,False,False,False,False,0,0.0
official_taiwan,秀鳳,F,,17808,ɕjoʊ˥˩ fɤŋ˥˩,0.4545454545454545,0.6363636363636364,0.4545454545454545,0.7272727272727273,0.3181818181818182,0.1818181818181818,0.2727272727272727,0.3636363636363636,0.6363636363636364,0.4090909090909091,0.2727272727272727,0.5454545454545454,0.2727272727272727,0.5454545454545454,0.1818181818181818,0.5454545454545454,0.3636363636363636,0.5454545454545454,0.1818181818181818,11.0,0.4545454545454545,2,False,False,False,False,0,0.0
official_taiwan,美惠,F,,25015,meɪ˧˩˧ xweɪ˥˩,0.5416666666666666,0.7083333333333334,0.375,0.7083333333333334,0.2083333333333333,0.2083333333333333,0.2916666666666667,0.2083333333333333,0.7083333333333334,0.4583333333333333,0.2083333333333333,0.5,0.375,0.5416666666666666,0.2083333333333333,0.375,0.2916666666666667,0.5,0.2083333333333333,12.0,0.5416666666666666,2,False,False,False,False,0,0.0
official_taiwan,美玉,F,,20011,meɪ˧˩˧ y˥˩,0.6111111111111112,0.7222222222222222,0.3888888888888889,0.6111111111111112,0.2777777777777778,0.2777777777777778,0.3888888888888889,0.2777777777777778,0.7222222222222222,0.5555555555555556,0.2777777777777778,0.5,0.5,0.5,0.2777777777777778,0.2777777777777778,0.3888888888888889,0.5555555555555556,0.2777777777777778,9.0,0.6111111111111112,2,False,False,False,False,0,0.0
official_taiwan,美玲,F,,27487,meɪ˧˩˧ liŋ˧˥,0.5,0.7727272727272727,0.5,0.5909090909090909,0.2272727272727272,0.3181818181818182,0.4090909090909091,0.2272727272727272,0.7727272727272727,0.5454545454545454,0.3181818181818182,0.4545454545454545,0.3181818181818182,0.5,0.2272727272727272,0.3181818181818182,0.2272727272727272,0.5454545454545454,0.2272727272727272,11.0,0.5,2,False,False,False,False,0,0.0
official_taiwan,美珠,F,,17520,meɪ˧˩˧ ʈʂu˥,0.5,0.6,0.5,0.6,0.2,0.2,0.3,0.3,0.6,0.45,0.4,0.4,0.4,0.4,0.2,0.3,0.3,0.55,0.2,10.0,0.5,2,False,False,False,False,0,0.0
official_taiwan,美華,F,,20843,meɪ˧˩˧ xwa˧˥,0.5,0.6818181818181818,0.4090909090909091,0.6818181818181818,0.2272727272727272,0.2272727272727272,0.3181818181818182,0.2272727272727272,0.6818181818181818,0.4545454545454545,0.2272727272727272,0.5,0.4090909090909091,0.5,0.3181818181818182,0.5,0.3181818181818182,0.5454545454545454,0.2272727272727272,11.0,0.5,2,False,False,False,False,0,0.0
official_taiwan,美雲,F,,16424,meɪ˧˩˧ yn˧˥,0.55,0.75,0.45,0.55,0.25,0.25,0.45,0.25,0.75,0.6,0.35,0.45,0.45,0.45,0.25,0.25,0.35,0.55,0.25,10.0,0.55,2,False,False,False,False,0,0.0
official_taiwan,美麗,F,,14594,meɪ˧˩˧ li˥˩,0.55,0.75,0.45,0.65,0.25,0.35,0.35,0.25,0.75,0.6,0.35,0.45,0.35,0.45,0.25,0.25,0.25,0.55,0.25,10.0,0.55,2,False,False,False,False,0,0.0
official_taiwan,金龍,M,,8426,tɕin˥ lʊŋ˧˥,0.35,0.65,0.65,0.55,0.25,0.25,0.35,0.25,0.65,0.55,0.55,0.4,0.15,0.55,0.15,0.35,0.25,0.5,0.15,10.0,0.35,2,False,False,False,False,1,0.0
official_taiwan,雅婷,F,,23407,ja˧˩˧ tʰiŋ˧˥,0.45,0.65,0.45,0.55,0.25,0.25,0.35,0.25,0.65,0.45,0.35,0.45,0.25,0.55,0.35,0.45,0.25,0.6,0.25,10.0,0.45,2,False,False,False,False,0,0.0
official_taiwan,雅惠,F,,19012,ja˧˩˧ xweɪ˥˩,0.5,0.6818181818181818,0.3181818181818182,0.7727272727272727,0.2272727272727272,0.2272727272727272,0.2272727272727272,0.2272727272727272,0.6818181818181818,0.3636363636363636,0.2272727272727272,0.5,0.3181818181818182,0.5909090909090909,0.3181818181818182,0.5,0.3181818181818182,0.5454545454545454,0.2272727272727272,11.0,0.5,2,False,False,False,False,0,0.0
official_taiwan,雅玲,F,,15204,ja˧˩˧ liŋ˧˥,0.45,0.75,0.45,0.65,0.25,0.35,0.35,0.25,0.75,0.45,0.35,0.45,0.25,0.55,0.35,0.45,0.25,0.6,0.25,10.0,0.45,2,False,False,False,False,0,0.0
official_taiwan,雅雯,F,,16195,ja˧˩˧ wən˧˥,0.45,0.75,0.35,0.65,0.25,0.25,0.35,0.25,0.75,0.45,0.35,0.45,0.35,0.45,0.35,0.55,0.35,0.5,0.25,10.0,0.45,2,False,False,False,False,0,0.0
official_taiwan,麗卿,F,,13873,li˥˩ tɕʰiŋ˥,0.3888888888888889,0.6111111111111112,0.6111111111111112,0.6111111111111112,0.2777777777777778,0.2777777777777778,0.2777777777777778,0.2777777777777778,0.6111111111111112,0.5,0.5,0.4444444444444444,0.1666666666666666,0.6111111111111112,0.1666666666666666,0.2777777777777778,0.1666666666666666,0.6111111111111112,0.1666666666666666,9.0,0.3888888888888889,2,False,False,False,False,0,0.0
official_taiwan,麗娟,F,,16792,li˥˩ tɕɥœn˥,0.35,0.65,0.55,0.65,0.3,0.25,0.25,0.25,0.65,0.55,0.55,0.4,0.25,0.45,0.15,0.15,0.35,0.55,0.15,10.0,0.35,2,False,False,False,False,0,0.0
official_taiwan,麗珠,F,,17097,li˥˩ ʈʂu˥,0.4375,0.5625,0.5625,0.6875,0.1875,0.3125,0.1875,0.3125,0.5625,0.4375,0.5625,0.3125,0.3125,0.4375,0.1875,0.3125,0.3125,0.625,0.1875,8.0,0.4375,2,False,False,False,False,0,0.0
official_taiwan,麗華,F,,25624,li˥˩ xwa˧˥,0.4444444444444444,0.6666666666666666,0.4444444444444444,0.7777777777777778,0.2222222222222222,0.3333333333333333,0.2222222222222222,0.2222222222222222,0.6666666666666666,0.4444444444444444,0.3333333333333333,0.4444444444444444,0.3333333333333333,0.5555555555555556,0.3333333333333333,0.5555555555555556,0.3333333333333333,0.6111111111111112,0.2222222222222222,9.0,0.4444444444444444,2,False,False,False,False,0,0.0
official_turkey,Alparslan,M,,39044,aɫparsɫan,0.3333333333333333,0.7777777777777778,0.6666666666666666,0.7777777777777778,0.1666666666666666,0.2222222222222222,0.1111111111111111,0.1111111111111111,0.7777777777777778,0.8333333333333334,0.5555555555555556,0.2222222222222222,0.1111111111111111,0.0555555555555555,0.3888888888888889,0.3333333333333333,0.0,0.6666666666666666,0.0,9.0,0.3333333333333333,9,False,False,False,False,1,0.0
official_turkey,Alya,F,,8739,aɫja,0.5,1.0,0.25,1.0,0.125,0.25,0.0,0.0,1.0,0.5,0.25,0.375,0.0,0.25,0.5,0.5,0.0,0.75,0.0,4.0,0.5,4,False,False,False,False,0,0.0
official_turkey,Asel,F,,47335,asæl,0.5,0.75,0.5,1.0,0.0,0.25,0.0,0.25,0.75,0.75,0.5,0.25,0.0,0.0,0.5,0.25,0.0,0.75,0.0,4.0,0.5,4,False,False,False,False,0,0.0
official_turkey,Asya,F,,6294,asja,0.5,0.75,0.25,1.0,0.0,0.0,0.0,0.25,0.75,0.5,0.25,0.375,0.0,0.25,0.5,0.5,0.0,0.75,0.0,4.0,0.5,4,False,False,False,False,0,0.0
official_turkey,Azra,F,,5670,azra,0.5,0.75,0.5,1.0,0.125,0.0,0.0,0.25,1.0,0.75,0.5,0.25,0.0,0.125,0.625,0.5,0.0,0.75,0.0,4.0,0.5,4,False,False,False,False,0,0.0
official_turkey,Defne,F,,54335,dɛfnɛ,0.4,0.6,0.6,0.6,0.0,0.0,0.2,0.2,0.8,0.8,0.4,0.3,0.2,0.0,0.0,0.0,0.0,0.3,0.0,5.0,0.4,5,False,False,False,False,0,0.0
official_turkey,Ebrar,F,,6576,ɛbrar,0.4,0.8,0.6,0.8,0.2,0.0,0.0,0.0,1.0,0.8,0.4,0.3,0.2,0.2,0.4,0.2,0.0,0.5,0.0,5.0,0.4,5,False,False,False,False,0,0.0
official_turkey,Eylül,F,,5748,ɛjløl,0.4,1.0,0.4,1.0,0.0,0.4,0.0,0.0,1.0,0.6,0.4,0.3,0.0,0.2,0.0,0.0,0.2,0.5,0.0,5.0,0.4,5,False,False,False,False,0,0.0
official_turkey,Eymen,M,,27176,ɛjmæn,0.4,1.0,0.4,0.6,0.0,0.0,0.4,0.0,1.0,0.6,0.2,0.4,0.2,0.2,0.2,0.0,0.0,0.5,0.0,5.0,0.4,5,False,False,False,False,1,0.0
official_turkey,Göktuğ,M,,21995,ɟœktʊː,0.4,0.4,0.6,0.4,0.0,0.0,0.0,0.0,0.6,0.4,0.2,0.4,0.0,0.6,0.0,0.4,0.4,0.3,0.2,5.0,0.4,6,False,False,False,False,1,0.0
official_turkey,Gökçe,F,,7582,ɟœktʃɛ,0.3333333333333333,0.3333333333333333,0.6666666666666666,0.5,0.0,0.0,0.0,0.1666666666666666,0.5,0.3333333333333333,0.3333333333333333,0.5,0.0,0.3333333333333333,0.0,0.1666666666666666,0.1666666666666666,0.3333333333333333,0.0,6.0,0.3333333333333333,5,False,False,False,False,0,0.0
official_turkey,Metehan,M,,5379,metehan,0.4285714285714285,0.8571428571428571,0.5714285714285714,0.5714285714285714,0.0,0.0,0.2857142857142857,0.0,0.7142857142857143,0.6428571428571429,0.2857142857142857,0.3571428571428571,0.1428571428571428,0.0,0.1428571428571428,0.2857142857142857,0.0,0.7142857142857143,0.0,7.0,0.4285714285714285,7,False,False,False,False,1,0.0
official_turkey,Mustafa,M,,10668,mʊstafa,0.4285714285714285,0.5714285714285714,0.5714285714285714,0.7142857142857143,0.0,0.0,0.1428571428571428,0.2857142857142857,0.5714285714285714,0.7857142857142857,0.2857142857142857,0.3571428571428571,0.2857142857142857,0.1428571428571428,0.2857142857142857,0.4285714285714285,0.1428571428571428,0.5714285714285714,0.0,7.0,0.4285714285714285,7,False,False,False,False,1,0.0
official_turkey,Yusuf,M,,44837,jusʊf,0.4,0.6,0.4,1.0,0.0,0.0,0.0,0.4,0.6,0.6,0.2,0.4,0.4,0.6,0.0,0.4,0.4,0.5,0.0,5.0,0.4,5,False,False,False,False,1,0.0
official_turkey,Zeynep,F,,77893,zɛjnɛp,0.3333333333333333,0.6666666666666666,0.5,0.6666666666666666,0.0,0.0,0.1666666666666666,0.1666666666666666,0.8333333333333334,0.6666666666666666,0.3333333333333333,0.3333333333333333,0.1666666666666666,0.1666666666666666,0.0,0.0,0.0,0.3333333333333333,0.0,6.0,0.3333333333333333,6,False,False,False,False,0,0.0
official_turkey,Zümra,F,,6617,zømra,0.4,0.8,0.6,0.8,0.1,0.0,0.2,0.2,1.0,0.8,0.4,0.3,0.2,0.1,0.3,0.2,0.2,0.7,0.0,5.0,0.4,5,False,False,False,False,0,0.0
official_turkey,Ömer,M,,17416,œmɛr,0.5,1.0,0.5,0.75,0.125,0.0,0.25,0.0,1.0,0.75,0.25,0.375,0.25,0.125,0.125,0.0,0.25,0.25,0.0,4.0,0.5,4,False,False,False,False,1,0.0
official_turkey,Ömer Asaf,M,,29372,œmɛr asaf,0.5,0.75,0.5,0.875,0.0625,0.0,0.125,0.25,0.75,0.75,0.25,0.375,0.25,0.0625,0.3125,0.25,0.125,0.5,0.0,8.0,0.5,9,False,False,False,False,1,0.0
official_turkey_isimanlam_top500,Abdullah,M,,274084,abdʊɫɫah,0.375,0.75,0.625,0.75,0.125,0.25,0.0,0.0,0.875,0.6875,0.375,0.3125,0.125,0.125,0.25,0.5,0.125,0.5625,0.0,8.0,0.375,8,False,False,False,False,1,0.0
official_turkey_isimanlam_top500,Adem,M,,202334,adæm,0.5,0.75,0.5,0.5,0.0,0.0,0.25,0.0,1.0,0.75,0.25,0.375,0.25,0.0,0.5,0.25,0.0,0.75,0.0,4.0,0.5,4,False,False,False,False,1,0.0
official_turkey_isimanlam_top500,Ahmet,M,,857105,ahmɛt,0.4,0.8,0.6,0.6,0.0,0.0,0.2,0.0,0.6,0.6,0.2,0.4,0.2,0.0,0.2,0.4,0.0,0.5,0.0,5.0,0.4,5,False,False,False,False,1,0.0
official_turkey_isimanlam_top500,Aynur,F,,156377,ajnʊr,0.4,1.0,0.4,0.8,0.1,0.0,0.2,0.0,1.0,0.6,0.4,0.3,0.0,0.5,0.3,0.4,0.2,0.5,0.0,5.0,0.4,5,False,False,False,False,0,0.0
official_turkey_isimanlam_top500,Aysel,F,,165117,ajsæl,0.4,0.8,0.4,1.0,0.0,0.2,0.0,0.2,0.8,0.6,0.4,0.3,0.0,0.2,0.4,0.2,0.0,0.7,0.0,5.0,0.4,5,False,False,False,False,0,0.0
official_turkey_isimanlam_top500,Ayşe,F,,906873,ajʃɛ,0.5,0.75,0.25,1.0,0.0,0.0,0.0,0.25,0.75,0.25,0.25,0.625,0.0,0.25,0.25,0.25,0.0,0.5,0.0,4.0,0.5,4,False,False,False,False,0,0.0
official_turkey_isimanlam_top500,Ayşegül,F,,153693,ajʃeɟøl,0.4285714285714285,0.7142857142857143,0.4285714285714285,0.8571428571428571,0.0,0.1428571428571428,0.0,0.1428571428571428,0.8571428571428571,0.3571428571428571,0.2857142857142857,0.5,0.0,0.2857142857142857,0.1428571428571428,0.1428571428571428,0.1428571428571428,0.7142857142857143,0.0,7.0,0.4285714285714285,7,False,False,False,False,0,0.0
official_turkey_isimanlam_top500,Berat,M,,136162,beɾat,0.4,0.6,0.6,0.6,0.1,0.0,0.0,0.0,0.8,0.8,0.4,0.3,0.2,0.1,0.3,0.2,0.0,0.7,0.0,5.0,0.4,5,False,False,False,False,1,0.0
official_turkey_isimanlam_top500,Betül,F,,130410,betøl,0.4,0.6,0.6,0.6,0.0,0.2,0.0,0.0,0.8,0.8,0.4,0.3,0.2,0.0,0.0,0.0,0.2,0.7,0.0,5.0,0.4,5,False,False,False,False,0,0.0
official_turkey_isimanlam_top500,Burak,M,,184581,buɾak,0.4,0.6,0.6,0.6,0.1,0.0,0.0,0.0,0.8,0.6,0.2,0.4,0.4,0.5,0.3,0.6,0.2,0.7,0.0,5.0,0.4,5,False,False,False,False,1,0.0
official_turkey_isimanlam_top500,Büşra,F,,214516,bøʃra,0.4,0.6,0.6,0.8,0.1,0.0,0.0,0.2,0.8,0.6,0.4,0.5,0.2,0.1,0.3,0.2,0.2,0.7,0.0,5.0,0.4,5,False,False,False,False,0,0.0
official_turkey_isimanlam_top500,Derya,F,,149197,dɛrja,0.4,0.8,0.4,0.8,0.1,0.0,0.0,0.0,1.0,0.6,0.4,0.3,0.0,0.3,0.3,0.2,0.0,0.5,0.0,5.0,0.4,5,False,False,False,False,0,0.0
official_turkey_isimanlam_top500,Ebru,F,,143853,ɛbrʊ,0.5,0.75,0.5,0.75,0.125,0.0,0.0,0.0,1.0,0.75,0.25,0.375,0.25,0.375,0.125,0.25,0.25,0.25,0.0,4.0,0.5,4,False,False,False,False,0,0.0
official_turkey_isimanlam_top500,Emre,M,,246346,æmrɛ,0.5,1.0,0.5,0.75,0.125,0.0,0.25,0.0,1.0,0.75,0.25,0.375,0.25,0.125,0.375,0.0,0.0,0.5,0.0,4.0,0.5,4,False,False,False,False,1,0.0
official_turkey_isimanlam_top500,Enes,M,,167523,enɛs,0.5,0.75,0.5,0.75,0.0,0.0,0.25,0.25,0.75,0.75,0.5,0.25,0.0,0.0,0.0,0.0,0.0,0.5,0.0,4.0,0.5,4,False,False,False,False,1,0.0
official_turkey_isimanlam_top500,Esma,F,,145398,ɛsma,0.5,0.75,0.5,0.75,0.0,0.0,0.25,0.25,0.75,0.75,0.25,0.375,0.25,0.0,0.25,0.25,0.0,0.5,0.0,4.0,0.5,4,False,False,False,False,0,0.0
official_turkey_isimanlam_top500,Esra,F,,248211,ɛsra,0.5,0.75,0.5,1.0,0.125,0.0,0.0,0.25,0.75,0.75,0.5,0.25,0.0,0.125,0.375,0.25,0.0,0.5,0.0,4.0,0.5,4,False,False,False,False,0,0.0
official_turkey_isimanlam_top500,Fatma,F,,1152158,fatma,0.4,0.6,0.6,0.6,0.0,0.0,0.2,0.2,0.6,0.8,0.2,0.4,0.4,0.0,0.4,0.4,0.0,0.7,0.0,5.0,0.4,5,False,False,False,False,0,0.0
official_turkey_isimanlam_top500,Furkan,M,,191424,fʊrkan,0.3333333333333333,0.6666666666666666,0.6666666666666666,0.6666666666666666,0.0833333333333333,0.0,0.1666666666666666,0.1666666666666666,0.6666666666666666,0.6666666666666666,0.3333333333333333,0.3333333333333333,0.1666666666666666,0.4166666666666667,0.25,0.5,0.1666666666666666,0.5,0.0,6.0,0.3333333333333333,6,False,False,False,False,1,0.0
official_turkey_isimanlam_top500,Gamze,F,,137713,ɡamzɛ,0.4,0.6,0.6,0.6,0.0,0.0,0.2,0.2,1.0,0.6,0.2,0.4,0.2,0.2,0.2,0.4,0.0,0.5,0.0,5.0,0.4,5,False,False,False,False,0,0.0
official_turkey_isimanlam_top500,Gökhan,M,,161662,ɟœkhan,0.3333333333333333,0.6666666666666666,0.6666666666666666,0.5,0.0,0.0,0.1666666666666666,0.0,0.6666666666666666,0.3333333333333333,0.1666666666666666,0.4166666666666667,0.0,0.3333333333333333,0.1666666666666666,0.5,0.1666666666666666,0.5,0.0,6.0,0.3333333333333333,6,False,False,False,False,1,0.0
official_turkey_isimanlam_top500,Hacer,F,,159558,hadʒɛr,0.3333333333333333,0.6666666666666666,0.6666666666666666,0.8333333333333334,0.0833333333333333,0.0,0.0,0.1666666666666666,0.8333333333333334,0.5,0.5,0.4166666666666667,0.0,0.0833333333333333,0.25,0.3333333333333333,0.0,0.5,0.0,6.0,0.3333333333333333,5,False,False,False,False,0,0.0
official_turkey_isimanlam_top500,Hakan,M,,219990,hakan,0.4,0.8,0.6,0.6,0.0,0.0,0.2,0.0,0.6,0.4,0.2,0.4,0.0,0.2,0.4,0.8,0.0,0.7,0.0,5.0,0.4,5,False,False,False,False,1,0.0
official_turkey_isimanlam_top500,Hasan,M,,531386,hasan,0.4,0.8,0.6,0.8,0.0,0.0,0.2,0.2,0.6,0.6,0.4,0.3,0.0,0.0,0.4,0.6,0.0,0.7,0.0,5.0,0.4,5,False,False,False,False,1,0.0
official_turkey_isimanlam_top500,Havva,F,,153922,havva,0.4,0.6,0.6,1.0,0.0,0.0,0.0,0.4,0.8,0.6,0.0,0.5,0.4,0.0,0.4,0.6,0.0,0.7,0.0,5.0,0.4,5,False,False,False,False,0,0.0
official_turkey_isimanlam_top500,Hülya,F,,196762,hølja,0.4,1.0,0.4,1.0,0.0,0.2,0.0,0.0,0.8,0.4,0.2,0.4,0.0,0.2,0.2,0.4,0.2,0.7,0.0,5.0,0.4,5,False,False,False,False,0,0.0
official_turkey_isimanlam_top500,Kemal,M,,150537,kemaɫ,0.4,0.8,0.6,0.6,0.1,0.2,0.2,0.0,0.8,0.6,0.2,0.4,0.2,0.2,0.2,0.4,0.0,0.7,0.0,5.0,0.4,5,False,False,False,False,1,0.0
official_turkey_isimanlam_top500,Kübra,F,,192160,købra,0.4,0.6,0.6,0.6,0.1,0.0,0.0,0.0,0.8,0.6,0.2,0.4,0.2,0.3,0.3,0.4,0.2,0.7,0.0,5.0,0.4,5,False,False,False,False,0,0.0
official_turkey_isimanlam_top500,Leyla,F,,185230,lɛjɫa,0.4,1.0,0.4,1.0,0.1,0.4,0.0,0.0,1.0,0.6,0.4,0.3,0.0,0.2,0.2,0.2,0.0,0.5,0.0,5.0,0.4,5,False,False,False,False,0,0.0
official_turkey_isimanlam_top500,Mahmut,M,,183991,mahmʊt,0.3333333333333333,0.8333333333333334,0.6666666666666666,0.5,0.0,0.0,0.3333333333333333,0.0,0.6666666666666666,0.6666666666666666,0.1666666666666666,0.4166666666666667,0.3333333333333333,0.1666666666666666,0.1666666666666666,0.5,0.1666666666666666,0.5,0.0,6.0,0.3333333333333333,6,False,False,False,False,1,0.0
official_turkey_isimanlam_top500,Mehmet,M,,1271896,mɛhmɛt,0.3333333333333333,0.8333333333333334,0.6666666666666666,0.5,0.0,0.0,0.3333333333333333,0.0,0.6666666666666666,0.6666666666666666,0.1666666666666666,0.4166666666666667,0.3333333333333333,0.0,0.0,0.1666666666666666,0.0,0.3333333333333333,0.0,6.0,0.3333333333333333,6,False,False,False,False,1,0.0
official_turkey_isimanlam_top500,Melek,F,,197476,melɛk,0.4,0.8,0.6,0.6,0.0,0.2,0.2,0.0,0.8,0.6,0.2,0.4,0.2,0.2,0.0,0.2,0.0,0.5,0.0,5.0,0.4,5,False,False,False,False,0,0.0
official_turkey_isimanlam_top500,Mert,M,,143410,mɛrt,0.25,0.75,0.75,0.5,0.125,0.0,0.25,0.0,0.75,0.875,0.5,0.25,0.25,0.125,0.125,0.0,0.0,0.375,0.0,4.0,0.25,4,False,False,False,False,1,0.0
official_turkey_isimanlam_top500,Merve,F,,293380,mɛrvɛ,0.4,0.8,0.6,0.8,0.1,0.0,0.2,0.2,1.0,0.8,0.2,0.4,0.4,0.1,0.1,0.0,0.0,0.3,0.0,5.0,0.4,5,False,False,False,False,0,0.0
official_turkey_isimanlam_top500,Meryem,F,,320576,mɛrjæm,0.3333333333333333,1.0,0.5,0.6666666666666666,0.0833333333333333,0.0,0.3333333333333333,0.0,1.0,0.6666666666666666,0.1666666666666666,0.4166666666666667,0.3333333333333333,0.25,0.25,0.0,0.0,0.5,0.0,6.0,0.3333333333333333,6,False,False,False,False,0,0.0
official_turkey_isimanlam_top500,Muhammed,M,,202172,muhammɛd,0.375,0.875,0.625,0.5,0.0,0.0,0.375,0.0,0.875,0.6875,0.125,0.4375,0.5,0.125,0.125,0.375,0.125,0.5625,0.0,8.0,0.375,8,False,False,False,False,1,0.0
official_turkey_isimanlam_top500,Muhammet,M,,145353,muhammɛt,0.375,0.875,0.625,0.5,0.0,0.0,0.375,0.0,0.75,0.6875,0.125,0.4375,0.5,0.125,0.125,0.375,0.125,0.5625,0.0,8.0,0.375,8,False,False,False,False,1,0.0
official_turkey_isimanlam_top500,Murat,M,,527648,muɾat,0.4,0.8,0.6,0.6,0.1,0.0,0.2,0.0,0.8,0.8,0.4,0.3,0.4,0.3,0.3,0.4,0.2,0.7,0.0,5.0,0.4,5,False,False,False,False,1,0.0
official_turkey_isimanlam_top500,Mustafa,M,,1057634,mʊstafa,0.4285714285714285,0.5714285714285714,0.5714285714285714,0.7142857142857143,0.0,0.0,0.1428571428571428,0.2857142857142857,0.5714285714285714,0.7857142857142857,0.2857142857142857,0.3571428571428571,0.2857142857142857,0.1428571428571428,0.2857142857142857,0.4285714285714285,0.1428571428571428,0.5714285714285714,0.0,7.0,0.4285714285714285,7,False,False,False,False,1,0.0
official_turkey_isimanlam_top500,Onur,M,,141515,onʊr,0.5,1.0,0.5,0.75,0.125,0.0,0.25,0.0,1.0,0.75,0.5,0.25,0.0,0.375,0.125,0.5,0.5,0.5,0.0,4.0,0.5,4,False,False,False,False,1,0.0
official_turkey_isimanlam_top500,Orhan,M,,146067,ɔrhan,0.4,1.0,0.6,0.8,0.1,0.0,0.2,0.0,0.8,0.6,0.4,0.3,0.0,0.1,0.3,0.6,0.2,0.5,0.0,5.0,0.4,5,False,False,False,False,1,0.0
official_turkey_isimanlam_top500,Osman,M,,310387,ɔsman,0.4,0.8,0.6,0.6,0.0,0.0,0.4,0.2,0.8,0.8,0.4,0.3,0.2,0.0,0.2,0.4,0.2,0.5,0.0,5.0,0.4,5,False,False,False,False,1,0.0
official_turkey_isimanlam_top500,Pinar,F,,128215,pinar,0.4,0.8,0.6,0.6,0.1,0.0,0.2,0.0,0.8,0.8,0.4,0.3,0.2,0.3,0.3,0.2,0.0,0.7,0.0,5.0,0.4,5,False,False,False,False,0,0.0
official_turkey_isimanlam_top500,Ramazan,M,,359638,ramazan,0.4285714285714285,0.8571428571428571,0.5714285714285714,0.7142857142857143,0.0714285714285714,0.0,0.2857142857142857,0.1428571428571428,1.0,0.7857142857142857,0.4285714285714285,0.2857142857142857,0.1428571428571428,0.0714285714285714,0.5,0.4285714285714285,0.0,0.7142857142857143,0.0,7.0,0.4285714285714285,7,False,False,False,False,1,0.0
official_turkey_isimanlam_top500,Recep,M,,180277,redʒɛp,0.3333333333333333,0.5,0.6666666666666666,0.6666666666666666,0.0833333333333333,0.0,0.0,0.1666666666666666,0.8333333333333334,0.6666666666666666,0.5,0.4166666666666667,0.1666666666666666,0.0833333333333333,0.0833333333333333,0.0,0.0,0.5,0.0,6.0,0.3333333333333333,5,False,False,False,False,1,0.0
official_turkey_isimanlam_top500,Selma,F,,128175,sælma,0.4,0.8,0.6,0.8,0.0,0.2,0.2,0.2,0.8,0.8,0.4,0.3,0.2,0.0,0.4,0.2,0.0,0.7,0.0,5.0,0.4,5,False,False,False,False,0,0.0
official_turkey_isimanlam_top500,Serkan,M,,175750,sɛrkan,0.3333333333333333,0.6666666666666666,0.6666666666666666,0.6666666666666666,0.0833333333333333,0.0,0.1666666666666666,0.1666666666666666,0.6666666666666666,0.6666666666666666,0.5,0.25,0.0,0.25,0.25,0.3333333333333333,0.0,0.5,0.0,6.0,0.3333333333333333,6,False,False,False,False,1,0.0
official_turkey_isimanlam_top500,Songül,F,,179557,sɔnɟøl,0.3333333333333333,0.6666666666666666,0.6666666666666666,0.6666666666666666,0.0,0.1666666666666666,0.1666666666666666,0.1666666666666666,0.8333333333333334,0.6666666666666666,0.5,0.25,0.0,0.1666666666666666,0.0,0.1666666666666666,0.3333333333333333,0.5,0.0,6.0,0.3333333333333333,6,False,False,False,False,0,0.0
official_turkey_isimanlam_top500,Sultan,F,,191066,sʊɫtan,0.3333333333333333,0.6666666666666666,0.6666666666666666,0.6666666666666666,0.0833333333333333,0.1666666666666666,0.1666666666666666,0.1666666666666666,0.6666666666666666,0.8333333333333334,0.6666666666666666,0.1666666666666666,0.0,0.1666666666666666,0.1666666666666666,0.3333333333333333,0.1666666666666666,0.5,0.0,6.0,0.3333333333333333,6,False,False,False,False,0,0.0
official_turkey_isimanlam_top500,Süleyman,M,,219082,sylɛjman,0.375,0.875,0.5,0.75,0.0,0.125,0.25,0.125,0.875,0.6875,0.375,0.3125,0.25,0.25,0.125,0.125,0.125,0.5625,0.0,8.0,0.375,8,False,False,False,False,1,0.0
official_turkey_isimanlam_top500,Tuğba,F,,161170,tuːba,0.5,0.5,0.5,0.5,0.0,0.0,0.0,0.0,0.75,0.75,0.25,0.375,0.5,0.25,0.25,0.5,0.25,0.75,0.25,4.0,0.5,5,False,False,False,False,0,0.0
official_turkey_isimanlam_top500,Uğur,M,,150924,ʊːr,0.5,1.0,0.5,1.0,0.25,0.0,0.0,0.0,1.0,0.75,0.5,0.25,0.0,0.75,0.25,0.5,0.5,0.25,0.5,2.0,0.5,4,False,False,False,False,1,0.0
official_turkey_isimanlam_top500,Yağmur,F,,158085,jaːmʊr,0.4,1.0,0.4,0.8,0.1,0.0,0.2,0.0,1.0,0.6,0.2,0.4,0.2,0.5,0.3,0.4,0.2,0.5,0.2,5.0,0.4,6,False,False,False,False,0,0.0
official_turkey_isimanlam_top500,Yunus,M,,133141,junʊs,0.4,0.8,0.4,0.8,0.0,0.0,0.2,0.2,0.8,0.6,0.4,0.3,0.2,0.6,0.0,0.4,0.4,0.5,0.0,5.0,0.4,5,False,False,False,False,1,0.0
official_turkey_isimanlam_top500,Yusuf,M,,526127,jusʊf,0.4,0.6,0.4,1.0,0.0,0.0,0.0,0.4,0.6,0.6,0.2,0.4,0.4,0.6,0.0,0.4,0.4,0.5,0.0,5.0,0.4,5,False,False,False,False,1,0.0
official_turkey_isimanlam_top500,Zehra,F,,268716,zɛhra,0.4,0.8,0.6,1.0,0.1,0.0,0.0,0.2,0.8,0.6,0.4,0.3,0.0,0.1,0.3,0.4,0.0,0.5,0.0,5.0,0.4,5,False,False,False,False,0,0.0
official_turkey_isimanlam_top500,Zeynep,F,,707953,zɛjnɛp,0.3333333333333333,0.6666666666666666,0.5,0.6666666666666666,0.0,0.0,0.1666666666666666,0.1666666666666666,0.8333333333333334,0.6666666666666666,0.3333333333333333,0.3333333333333333,0.1666666666666666,0.1666666666666666,0.0,0.0,0.0,0.3333333333333333,0.0,6.0,0.3333333333333333,6,False,False,False,False,0,0.0
official_turkey_isimanlam_top500,Ömer,M,,422803,œmɛr,0.5,1.0,0.5,0.75,0.125,0.0,0.25,0.0,1.0,0.75,0.25,0.375,0.25,0.125,0.125,0.0,0.25,0.25,0.0,4.0,0.5,4,False,False,False,False,1,0.0
official_turkey_isimanlam_top500,Özlem,F,,233876,œzlæm,0.4,0.8,0.6,0.8,0.0,0.2,0.2,0.2,1.0,0.8,0.4,0.3,0.2,0.0,0.2,0.0,0.2,0.5,0.0,5.0,0.4,5,False,False,False,False,0,0.0
official_turkey_isimanlam_top500,İrem,F,,132380,iɾæm,0.5,1.0,0.5,0.75,0.125,0.0,0.25,0.0,1.0,0.75,0.25,0.375,0.25,0.375,0.375,0.0,0.0,0.75,0.0,4.0,0.5,4,False,False,False,False,0,0.0
official_uruguay,Alfonsina,F,,196,alfonsina,0.4444444444444444,0.7777777777777778,0.5555555555555556,0.7777777777777778,0.0,0.1111111111111111,0.2222222222222222,0.2222222222222222,0.7777777777777778,0.7777777777777778,0.4444444444444444,0.2777777777777778,0.1111111111111111,0.1111111111111111,0.2222222222222222,0.3333333333333333,0.1111111111111111,0.7222222222222222,0.0,9.0,0.4444444444444444,9,False,False,False,False,0,0.0
official_uruguay,Alma,F,,209,alma,0.5,1.0,0.5,0.75,0.0,0.25,0.25,0.0,1.0,0.75,0.25,0.375,0.25,0.0,0.5,0.5,0.0,0.75,0.0,4.0,0.5,4,False,False,False,False,0,0.0
official_uruguay,Ambar,F,,216,ambaɾ,0.4,0.8,0.6,0.6,0.1,0.0,0.2,0.0,1.0,0.8,0.2,0.4,0.4,0.1,0.5,0.4,0.0,0.7,0.0,5.0,0.4,5,False,False,False,False,0,0.0
official_uruguay,Bastian,M,,236,bastjan,0.2857142857142857,0.5714285714285714,0.5714285714285714,0.5714285714285714,0.0,0.0,0.1428571428571428,0.1428571428571428,0.7142857142857143,0.7142857142857143,0.4285714285714285,0.2857142857142857,0.1428571428571428,0.1428571428571428,0.2857142857142857,0.2857142857142857,0.0,0.6428571428571429,0.0,7.0,0.2857142857142857,7,False,False,False,False,1,0.0
official_uruguay,Bautista,M,,293,baʊtista,0.5,0.5,0.5,0.625,0.0,0.0,0.0,0.125,0.625,0.75,0.375,0.3125,0.125,0.25,0.25,0.375,0.125,0.625,0.0,8.0,0.5,8,False,False,False,False,1,0.0
official_uruguay,Benjamin,M,,363,beŋxamin,0.375,0.75,0.625,0.5,0.0,0.0,0.375,0.0,0.875,0.5625,0.125,0.4375,0.25,0.375,0.125,0.375,0.0,0.6875,0.0,8.0,0.375,8,False,False,False,False,1,0.0
official_uruguay,Bruno,M,,257,bɾuno,0.4,0.8,0.6,0.6,0.1,0.0,0.2,0.0,1.0,0.8,0.4,0.3,0.4,0.3,0.1,0.4,0.4,0.7,0.0,5.0,0.4,5,False,False,False,False,1,0.0
official_uruguay,Catalina,F,,283,katalina,0.5,0.75,0.5,0.625,0.0,0.125,0.125,0.0,0.75,0.625,0.375,0.3125,0.0,0.25,0.375,0.5,0.0,0.75,0.0,8.0,0.5,8,False,False,False,False,0,0.0
official_uruguay,Ciro,M,,228,θiɾo,0.5,0.75,0.5,1.0,0.125,0.0,0.0,0.0,0.75,0.75,0.5,0.5,0.0,0.375,0.125,0.25,0.25,0.75,0.0,4.0,0.5,4,False,False,False,False,1,0.0
official_uruguay,Clara,F,,194,klaɾa,0.4,0.8,0.6,0.8,0.1,0.2,0.0,0.0,0.8,0.6,0.4,0.3,0.0,0.3,0.5,0.6,0.0,0.7,0.0,5.0,0.4,5,False,False,False,False,0,0.0
official_uruguay,Dante,M,,309,dante,0.4,0.6,0.6,0.4,0.0,0.0,0.2,0.0,0.8,0.8,0.6,0.2,0.0,0.0,0.2,0.2,0.0,0.7,0.0,5.0,0.4,5,False,False,False,False,1,0.0
official_uruguay,Delfina,F,,285,delfina,0.4285714285714285,0.7142857142857143,0.5714285714285714,0.7142857142857143,0.0,0.1428571428571428,0.1428571428571428,0.1428571428571428,0.8571428571428571,0.7857142857142857,0.4285714285714285,0.2857142857142857,0.1428571428571428,0.1428571428571428,0.1428571428571428,0.1428571428571428,0.0,0.7142857142857143,0.0,7.0,0.4285714285714285,7,False,False,False,False,0,0.0
official_uruguay,Emilia,F,,456,emilja,0.5,1.0,0.3333333333333333,0.8333333333333334,0.0,0.1666666666666666,0.1666666666666666,0.0,1.0,0.5833333333333334,0.1666666666666666,0.4166666666666667,0.1666666666666666,0.3333333333333333,0.1666666666666666,0.1666666666666666,0.0,0.75,0.0,6.0,0.5,6,False,False,False,False,0,0.0
official_uruguay,Emily,F,,265,emili,0.6,1.0,0.4,0.8,0.0,0.2,0.2,0.0,1.0,0.7,0.2,0.4,0.2,0.4,0.0,0.0,0.0,0.8,0.0,5.0,0.6,5,False,False,False,False,0,0.0
official_uruguay,Emma,F,,649,emma,0.5,1.0,0.5,0.5,0.0,0.0,0.5,0.0,1.0,0.75,0.0,0.5,0.5,0.0,0.25,0.25,0.0,0.75,0.0,4.0,0.5,4,False,False,False,False,0,0.0
official_uruguay,Enzo,M,,254,ɛnθo,0.5,0.75,0.5,0.75,0.0,0.0,0.25,0.0,0.75,0.75,0.5,0.5,0.0,0.0,0.0,0.25,0.25,0.5,0.0,4.0,0.5,4,False,False,False,False,1,0.0
official_uruguay,Felipe,M,,485,felipe,0.5,0.6666666666666666,0.5,0.8333333333333334,0.0,0.1666666666666666,0.0,0.1666666666666666,0.6666666666666666,0.75,0.1666666666666666,0.4166666666666667,0.3333333333333333,0.1666666666666666,0.0,0.0,0.0,0.75,0.0,6.0,0.5,6,False,False,False,False,1,0.0
official_uruguay,Isabella,F,,406,isaβeʎa,0.5714285714285714,0.7142857142857143,0.4285714285714285,1.0,0.0714285714285714,0.1428571428571428,0.0,0.1428571428571428,0.8571428571428571,0.5714285714285714,0.2857142857142857,0.5,0.1428571428571428,0.2857142857142857,0.2857142857142857,0.2857142857142857,0.0,0.7857142857142857,0.0,7.0,0.5714285714285714,8,False,False,False,False,0,0.0
official_uruguay,Joaquin,M,,292,xoakin,0.5,0.6666666666666666,0.5,0.6666666666666666,0.0,0.0,0.1666666666666666,0.0,0.6666666666666666,0.4166666666666667,0.1666666666666666,0.4166666666666667,0.0,0.5,0.1666666666666666,0.6666666666666666,0.1666666666666666,0.75,0.0,6.0,0.5,7,False,False,False,False,1,0.0
official_uruguay,Josefina,F,,226,xosefina,0.5,0.625,0.5,0.875,0.0,0.0,0.125,0.25,0.625,0.625,0.25,0.375,0.125,0.25,0.125,0.375,0.125,0.75,0.0,8.0,0.5,8,False,False,False,False,0,0.0
official_uruguay,Juan,M,,779,xwan,0.25,0.75,0.5,0.75,0.0,0.0,0.25,0.0,0.75,0.375,0.25,0.375,0.25,0.5,0.25,0.75,0.25,0.625,0.0,4.0,0.25,4,False,False,False,False,1,0.0
official_uruguay,Julieta,F,,437,xuljeta,0.4285714285714285,0.7142857142857143,0.4285714285714285,0.8571428571428571,0.0,0.1428571428571428,0.0,0.0,0.7142857142857143,0.5,0.2857142857142857,0.3571428571428571,0.1428571428571428,0.4285714285714285,0.1428571428571428,0.4285714285714285,0.1428571428571428,0.7142857142857143,0.0,7.0,0.4285714285714285,7,False,False,False,False,0,0.0
official_uruguay,Lautaro,M,,323,laʊtaɾo,0.5714285714285714,0.8571428571428571,0.4285714285714285,0.8571428571428571,0.0714285714285714,0.1428571428571428,0.0,0.0,0.8571428571428571,0.7142857142857143,0.4285714285714285,0.2857142857142857,0.0,0.2142857142857142,0.3571428571428571,0.5714285714285714,0.2857142857142857,0.6428571428571429,0.0,7.0,0.5714285714285714,7,False,False,False,False,1,0.0
official_uruguay,Liam,M,,358,liam,0.5,1.0,0.5,0.75,0.0,0.25,0.25,0.0,1.0,0.75,0.25,0.375,0.25,0.25,0.25,0.25,0.0,0.75,0.0,4.0,0.5,4,False,False,False,False,1,0.0
official_uruguay,Lorenzo,M,,379,loɾɛnθo,0.4285714285714285,0.8571428571428571,0.5714285714285714,0.8571428571428571,0.0714285714285714,0.1428571428571428,0.1428571428571428,0.0,0.8571428571428571,0.7857142857142857,0.5714285714285714,0.3571428571428571,0.0,0.0714285714285714,0.0714285714285714,0.2857142857142857,0.2857142857142857,0.5714285714285714,0.0,7.0,0.4285714285714285,7,False,False,False,False,1,0.0
official_uruguay,Lucas,M,,352,lukas,0.4,0.6,0.6,0.8,0.0,0.2,0.0,0.2,0.6,0.6,0.4,0.3,0.2,0.4,0.2,0.6,0.2,0.7,0.0,5.0,0.4,5,False,False,False,False,1,0.0
official_uruguay,Maria,F,,1037,maɾja,0.4,1.0,0.4,0.8,0.1,0.0,0.2,0.0,1.0,0.6,0.2,0.4,0.2,0.3,0.5,0.4,0.0,0.7,0.0,5.0,0.4,5,False,False,False,False,0,0.0
official_uruguay,Martina,F,,465,maɾtina,0.4285714285714285,0.8571428571428571,0.5714285714285714,0.5714285714285714,0.0714285714285714,0.0,0.2857142857142857,0.0,0.8571428571428571,0.7857142857142857,0.4285714285714285,0.2857142857142857,0.1428571428571428,0.2142857142857142,0.3571428571428571,0.2857142857142857,0.0,0.7142857142857143,0.0,7.0,0.4285714285714285,7,False,False,False,False,0,0.0
official_uruguay,Mateo,M,,524,mateo,0.6,0.8,0.4,0.6,0.0,0.0,0.2,0.0,0.8,0.7,0.2,0.4,0.2,0.0,0.2,0.4,0.2,0.8,0.0,5.0,0.6,5,False,False,False,False,1,0.0
official_uruguay,Mia,F,,340,mja,0.3333333333333333,1.0,0.3333333333333333,0.6666666666666666,0.0,0.0,0.3333333333333333,0.0,1.0,0.5,0.0,0.5,0.3333333333333333,0.3333333333333333,0.3333333333333333,0.3333333333333333,0.0,0.6666666666666666,0.0,3.0,0.3333333333333333,3,False,False,False,False,0,0.0
official_uruguay,Olivia,F,,380,oliβja,0.5,0.8333333333333334,0.3333333333333333,1.0,0.0,0.1666666666666666,0.0,0.0,1.0,0.5833333333333334,0.1666666666666666,0.4166666666666667,0.1666666666666666,0.3333333333333333,0.1666666666666666,0.3333333333333333,0.1666666666666666,0.75,0.0,6.0,0.5,6,False,False,False,False,0,0.0
official_uruguay,Paulina,F,,217,paʊlina,0.5714285714285714,0.8571428571428571,0.4285714285714285,0.7142857142857143,0.0,0.1428571428571428,0.1428571428571428,0.0,0.8571428571428571,0.7142857142857143,0.2857142857142857,0.3571428571428571,0.1428571428571428,0.2857142857142857,0.2857142857142857,0.4285714285714285,0.1428571428571428,0.6428571428571429,0.0,7.0,0.5714285714285714,7,False,False,False,False,0,0.0
official_uruguay,Renata,F,,216,renata,0.5,0.8333333333333334,0.5,0.6666666666666666,0.0833333333333333,0.0,0.1666666666666666,0.0,0.8333333333333334,0.75,0.5,0.25,0.0,0.0833333333333333,0.4166666666666667,0.3333333333333333,0.0,0.75,0.0,6.0,0.5,6,False,False,False,False,0,0.0
official_uruguay,Santiago,M,,286,santjaɣo,0.375,0.625,0.5,0.75,0.0,0.0,0.125,0.125,0.75,0.5625,0.375,0.3125,0.0,0.25,0.25,0.5,0.125,0.6875,0.0,8.0,0.375,8,False,False,False,False,1,0.0
official_uruguay,Santino,M,,247,santino,0.4285714285714285,0.7142857142857143,0.5714285714285714,0.5714285714285714,0.0,0.0,0.2857142857142857,0.1428571428571428,0.7142857142857143,0.7857142857142857,0.5714285714285714,0.2142857142857142,0.0,0.1428571428571428,0.1428571428571428,0.2857142857142857,0.1428571428571428,0.7142857142857143,0.0,7.0,0.4285714285714285,7,False,False,False,False,1,0.0
official_uruguay,Sofia,F,,420,sofja,0.4,0.6,0.4,1.0,0.0,0.0,0.0,0.4,0.6,0.6,0.2,0.4,0.2,0.2,0.2,0.4,0.2,0.7,0.0,5.0,0.4,5,False,False,False,False,0,0.0
official_uruguay,Thiago,M,,351,tjaɣo,0.4,0.6,0.4,0.8,0.0,0.0,0.0,0.0,0.8,0.4,0.2,0.4,0.0,0.4,0.2,0.6,0.2,0.7,0.0,5.0,0.4,6,False,False,False,False,1,0.0
official_uruguay,Tomas,M,,263,tomas,0.4,0.6,0.6,0.6,0.0,0.0,0.2,0.2,0.6,0.8,0.4,0.3,0.2,0.0,0.2,0.4,0.2,0.7,0.0,5.0,0.4,5,False,False,False,False,1,0.0
official_uruguay,Valentino,M,,262,balentino,0.4444444444444444,0.7777777777777778,0.5555555555555556,0.5555555555555556,0.0,0.1111111111111111,0.2222222222222222,0.0,0.8888888888888888,0.7777777777777778,0.4444444444444444,0.2777777777777778,0.1111111111111111,0.1111111111111111,0.1111111111111111,0.2222222222222222,0.1111111111111111,0.7222222222222222,0.0,9.0,0.4444444444444444,9,False,False,False,False,1,0.0
official_uruguay,Zoe,F,,290,θoe,0.6666666666666666,0.6666666666666666,0.3333333333333333,1.0,0.0,0.0,0.0,0.0,0.6666666666666666,0.6666666666666666,0.3333333333333333,0.6666666666666666,0.0,0.0,0.0,0.3333333333333333,0.3333333333333333,0.8333333333333334,0.0,3.0,0.6666666666666666,3,False,False,False,False,0,0.0
official_uruguay_montevideo,Camila,F,,1419,kamila,0.5,0.8333333333333334,0.5,0.6666666666666666,0.0,0.1666666666666666,0.1666666666666666,0.0,0.8333333333333334,0.5833333333333334,0.1666666666666666,0.4166666666666667,0.1666666666666666,0.3333333333333333,0.3333333333333333,0.5,0.0,0.75,0.0,6.0,0.5,6,False,False,False,False,0,0.0
official_uruguay_montevideo,Facundo,M,,4408,fakundo,0.4285714285714285,0.5714285714285714,0.5714285714285714,0.5714285714285714,0.0,0.0,0.1428571428571428,0.1428571428571428,0.7142857142857143,0.6428571428571429,0.2857142857142857,0.3571428571428571,0.2857142857142857,0.2857142857142857,0.1428571428571428,0.5714285714285714,0.2857142857142857,0.7142857142857143,0.0,7.0,0.4285714285714285,7,False,False,False,False,1,0.0
official_uruguay_montevideo,Florencia,F,,508,floɾɛnθja,0.3333333333333333,0.7777777777777778,0.5555555555555556,0.8888888888888888,0.0555555555555555,0.1111111111111111,0.1111111111111111,0.1111111111111111,0.7777777777777778,0.7222222222222222,0.4444444444444444,0.3888888888888889,0.1111111111111111,0.1666666666666666,0.1666666666666666,0.2222222222222222,0.1111111111111111,0.5555555555555556,0.0,9.0,0.3333333333333333,9,False,False,False,False,0,0.0
official_uruguay_montevideo,Juan,M,,1594,xwan,0.25,0.75,0.5,0.75,0.0,0.0,0.25,0.0,0.75,0.375,0.25,0.375,0.25,0.5,0.25,0.75,0.25,0.625,0.0,4.0,0.25,4,False,False,False,False,1,0.0
official_uruguay_montevideo,Julieta,F,,459,xuljeta,0.4285714285714285,0.7142857142857143,0.4285714285714285,0.8571428571428571,0.0,0.1428571428571428,0.0,0.0,0.7142857142857143,0.5,0.2857142857142857,0.3571428571428571,0.1428571428571428,0.4285714285714285,0.1428571428571428,0.4285714285714285,0.1428571428571428,0.7142857142857143,0.0,7.0,0.4285714285714285,7,False,False,False,False,0,0.0
official_uruguay_montevideo,Lautaro,M,,532,laʊtaɾo,0.5714285714285714,0.8571428571428571,0.4285714285714285,0.8571428571428571,0.0714285714285714,0.1428571428571428,0.0,0.0,0.8571428571428571,0.7142857142857143,0.4285714285714285,0.2857142857142857,0.0,0.2142857142857142,0.3571428571428571,0.5714285714285714,0.2857142857142857,0.6428571428571429,0.0,7.0,0.5714285714285714,7,False,False,False,False,1,0.0
official_uruguay_montevideo,Lucas,M,,1660,lukas,0.4,0.6,0.6,0.8,0.0,0.2,0.0,0.2,0.6,0.6,0.4,0.3,0.2,0.4,0.2,0.6,0.2,0.7,0.0,5.0,0.4,5,False,False,False,False,1,0.0
official_uruguay_montevideo,Lucia,F,,3755,luθja,0.4,0.8,0.4,1.0,0.0,0.2,0.0,0.0,0.8,0.6,0.4,0.5,0.2,0.4,0.2,0.4,0.2,0.7,0.0,5.0,0.4,5,False,False,False,False,0,0.0
official_uruguay_montevideo,Maria,F,,7293,maɾja,0.4,1.0,0.4,0.8,0.1,0.0,0.2,0.0,1.0,0.6,0.2,0.4,0.2,0.3,0.5,0.4,0.0,0.7,0.0,5.0,0.4,5,False,False,False,False,0,0.0
official_uruguay_montevideo,Santiago,M,,6581,santjaɣo,0.375,0.625,0.5,0.75,0.0,0.0,0.125,0.125,0.75,0.5625,0.375,0.3125,0.0,0.25,0.25,0.5,0.125,0.6875,0.0,8.0,0.375,8,False,False,False,False,1,0.0
official_uruguay_montevideo,Sofia,F,,3764,sofja,0.4,0.6,0.4,1.0,0.0,0.0,0.0,0.4,0.6,0.6,0.2,0.4,0.2,0.2,0.2,0.4,0.2,0.7,0.0,5.0,0.4,5,False,False,False,False,0,0.0
official_uruguay_montevideo,Thiago,M,,2741,tjaɣo,0.4,0.6,0.4,0.8,0.0,0.0,0.0,0.0,0.8,0.4,0.2,0.4,0.0,0.4,0.2,0.6,0.2,0.7,0.0,5.0,0.4,6,False,False,False,False,1,0.0
official_us_california,Ashley,F,,9845,aʃli,0.5,0.75,0.5,1.0,0.0,0.25,0.0,0.25,0.75,0.5,0.5,0.5,0.0,0.25,0.25,0.25,0.0,0.75,0.0,4.0,0.5,6,False,False,False,False,0,0.0
official_us_california,David,M,,39632,deɪvɪd,0.5,0.5,0.5,0.6666666666666666,0.0,0.0,0.0,0.1666666666666666,1.0,0.75,0.3333333333333333,0.3333333333333333,0.1666666666666666,0.3333333333333333,0.0,0.0,0.0,0.4166666666666667,0.0,6.0,0.5,5,False,False,False,False,1,0.0
official_us_california,Jennifer,F,,44114,dʒɛnɪfə,0.4285714285714285,0.5714285714285714,0.5714285714285714,0.7142857142857143,0.0,0.0,0.1428571428571428,0.2857142857142857,0.8571428571428571,0.6428571428571429,0.4285714285714285,0.4285714285714285,0.1428571428571428,0.1428571428571428,0.0,0.1428571428571428,0.0,0.2857142857142857,0.0,7.0,0.4285714285714285,8,False,False,False,False,0,0.0
official_us_california,Jennifer*,F,,43899,dʒɛnɪfəɹ astəɹɪsk,0.375,0.5625,0.5,0.75,0.0,0.0,0.0625,0.25,0.6875,0.6875,0.5,0.3125,0.0625,0.3125,0.0625,0.25,0.125,0.375,0.0,16.0,0.375,9,False,False,False,False,0,0.0
official_us_california,Jessica,F,,66566,dʒɛsɪkə,0.4285714285714285,0.4285714285714285,0.5714285714285714,0.7142857142857143,0.0,0.0,0.0,0.2857142857142857,0.7142857142857143,0.5,0.4285714285714285,0.4285714285714285,0.0,0.2857142857142857,0.0,0.2857142857142857,0.0,0.2857142857142857,0.0,7.0,0.4285714285714285,7,False,False,False,False,0,0.0
official_us_california,John,M,,7195,dʒɒn,0.25,0.5,0.75,0.5,0.0,0.0,0.25,0.25,1.0,0.625,0.75,0.375,0.0,0.0,0.25,0.25,0.25,0.625,0.0,4.0,0.25,4,False,False,False,False,1,0.0
official_us_california,Lisa,F,,4672,liːsə,0.5,0.75,0.5,1.0,0.0,0.25,0.0,0.25,0.75,0.75,0.5,0.25,0.0,0.25,0.0,0.25,0.0,0.5,0.25,4.0,0.5,4,False,False,False,False,0,0.0
official_us_california,Michael,M,,178794,maɪkəl,0.5,0.8333333333333334,0.5,0.6666666666666666,0.0,0.1666666666666666,0.1666666666666666,0.0,0.8333333333333334,0.5833333333333334,0.1666666666666666,0.4166666666666667,0.1666666666666666,0.3333333333333333,0.1666666666666666,0.5,0.0,0.4166666666666667,0.0,6.0,0.5,7,False,False,False,False,1,0.0
official_us_california,Robert,M,,14240,ɹɒbət,0.4,0.6,0.4,0.6,0.0,0.0,0.0,0.0,0.8,0.8,0.4,0.3,0.2,0.2,0.2,0.4,0.4,0.5,0.0,5.0,0.4,6,False,False,False,False,1,0.0
official_us_newyork_city,Daniel,M,,627,danjəl,0.3333333333333333,0.8333333333333334,0.5,0.6666666666666666,0.0,0.1666666666666666,0.1666666666666666,0.0,1.0,0.6666666666666666,0.5,0.25,0.0,0.1666666666666666,0.1666666666666666,0.3333333333333333,0.0,0.5,0.0,6.0,0.3333333333333333,6,False,False,False,False,1,0.0
official_us_newyork_city,Emily,F,,468,ɛmɪli,0.6,1.0,0.4,0.8,0.0,0.2,0.2,0.0,1.0,0.7,0.2,0.4,0.2,0.4,0.0,0.0,0.0,0.4,0.0,5.0,0.6,5,False,False,False,False,0,0.0
official_us_newyork_city,Emma,F,,4060,ɛmə,0.6666666666666666,1.0,0.3333333333333333,0.6666666666666666,0.0,0.0,0.3333333333333333,0.0,1.0,0.6666666666666666,0.0,0.5,0.3333333333333333,0.0,0.0,0.3333333333333333,0.0,0.1666666666666666,0.0,3.0,0.6666666666666666,4,False,False,False,False,0,0.0
official_us_newyork_city,Ethan,M,,4245,iːθən,0.5,0.75,0.5,0.75,0.0,0.0,0.25,0.0,0.75,0.75,0.5,0.5,0.0,0.25,0.0,0.25,0.0,0.5,0.25,4.0,0.5,5,False,False,False,False,1,0.0
official_us_newyork_city,Isabella,F,,3262,ɪseɪbɛlə,0.625,0.75,0.375,0.875,0.0,0.125,0.0,0.125,0.875,0.6875,0.25,0.375,0.125,0.25,0.0,0.125,0.0,0.3125,0.0,8.0,0.625,8,False,False,False,False,0,0.0
official_us_newyork_city,Jacob,M,,4627,dʒeɪkəb,0.4285714285714285,0.4285714285714285,0.5714285714285714,0.5714285714285714,0.0,0.0,0.0,0.1428571428571428,0.8571428571428571,0.5,0.2857142857142857,0.5,0.1428571428571428,0.2857142857142857,0.0,0.2857142857142857,0.0,0.4285714285714285,0.0,7.0,0.4285714285714285,5,False,False,False,False,1,0.0
official_us_newyork_city,Jayden,M,,2316,dʒeɪdən,0.4285714285714285,0.5714285714285714,0.5714285714285714,0.5714285714285714,0.0,0.0,0.1428571428571428,0.1428571428571428,1.0,0.6428571428571429,0.5714285714285714,0.3571428571428571,0.0,0.1428571428571428,0.0,0.1428571428571428,0.0,0.4285714285714285,0.0,7.0,0.4285714285714285,6,False,False,False,False,1,0.0
official_us_newyork_city,Liam,M,,5612,liːəm,0.5,1.0,0.5,0.75,0.0,0.25,0.25,0.0,1.0,0.75,0.25,0.375,0.25,0.25,0.0,0.25,0.0,0.5,0.25,4.0,0.5,4,False,False,False,False,1,0.0
official_us_newyork_city,Mia,F,,1533,miə,0.6666666666666666,1.0,0.3333333333333333,0.6666666666666666,0.0,0.0,0.3333333333333333,0.0,1.0,0.6666666666666666,0.0,0.5,0.3333333333333333,0.3333333333333333,0.0,0.3333333333333333,0.0,0.5,0.0,3.0,0.6666666666666666,3,False,False,False,False,0,0.0
official_us_newyork_city,Noah,M,,3265,nəʊʌ,0.75,1.0,0.25,0.75,0.0,0.0,0.25,0.0,1.0,0.625,0.25,0.375,0.0,0.25,0.0,0.75,0.25,0.375,0.0,4.0,0.75,4,False,False,False,False,1,0.0
official_us_newyork_city,Olivia,F,,2686,ɒlɪviə,0.6666666666666666,0.8333333333333334,0.3333333333333333,1.0,0.0,0.1666666666666666,0.0,0.1666666666666666,1.0,0.6666666666666666,0.1666666666666666,0.4166666666666667,0.1666666666666666,0.3333333333333333,0.1666666666666666,0.3333333333333333,0.1666666666666666,0.5,0.0,6.0,0.6666666666666666,6,False,False,False,False,0,0.0
official_us_newyork_city,Sophia,F,,3913,səʊfiə,0.6666666666666666,0.6666666666666666,0.3333333333333333,1.0,0.0,0.0,0.0,0.3333333333333333,0.6666666666666666,0.6666666666666666,0.1666666666666666,0.4166666666666667,0.1666666666666666,0.3333333333333333,0.0,0.5,0.1666666666666666,0.3333333333333333,0.0,6.0,0.6666666666666666,6,False,False,False,False,0,0.0
official_us_newyork_state,Anthony,M,,2934,antəni,0.5,0.8333333333333334,0.5,0.5,0.0,0.0,0.3333333333333333,0.0,0.8333333333333334,0.75,0.5,0.25,0.0,0.1666666666666666,0.1666666666666666,0.3333333333333333,0.0,0.5833333333333334,0.0,6.0,0.5,7,False,False,False,False,1,0.0
official_us_newyork_state,Christopher,M,,1322,kɹɪstəfə,0.375,0.5,0.5,0.75,0.0,0.0,0.0,0.25,0.5,0.6875,0.375,0.3125,0.125,0.375,0.0,0.375,0.125,0.3125,0.0,8.0,0.375,11,False,False,False,False,1,0.0
official_us_newyork_state,Daniel,M,,2814,danjəl,0.3333333333333333,0.8333333333333334,0.5,0.6666666666666666,0.0,0.1666666666666666,0.1666666666666666,0.0,1.0,0.6666666666666666,0.5,0.25,0.0,0.1666666666666666,0.1666666666666666,0.3333333333333333,0.0,0.5,0.0,6.0,0.3333333333333333,6,False,False,False,False,1,0.0
official_us_newyork_state,Emily,F,,1120,ɛmɪli,0.6,1.0,0.4,0.8,0.0,0.2,0.2,0.0,1.0,0.7,0.2,0.4,0.2,0.4,0.0,0.0,0.0,0.4,0.0,5.0,0.6,5,False,False,False,False,0,0.0
official_us_newyork_state,Emma,F,,6954,ɛmə,0.6666666666666666,1.0,0.3333333333333333,0.6666666666666666,0.0,0.0,0.3333333333333333,0.0,1.0,0.6666666666666666,0.0,0.5,0.3333333333333333,0.0,0.0,0.3333333333333333,0.0,0.1666666666666666,0.0,3.0,0.6666666666666666,4,False,False,False,False,0,0.0
official_us_newyork_state,Isabella,F,,9106,ɪseɪbɛlə,0.625,0.75,0.375,0.875,0.0,0.125,0.0,0.125,0.875,0.6875,0.25,0.375,0.125,0.25,0.0,0.125,0.0,0.3125,0.0,8.0,0.625,8,False,False,False,False,0,0.0
official_us_newyork_state,Jacob,M,,2733,dʒeɪkəb,0.4285714285714285,0.4285714285714285,0.5714285714285714,0.5714285714285714,0.0,0.0,0.0,0.1428571428571428,0.8571428571428571,0.5,0.2857142857142857,0.5,0.1428571428571428,0.2857142857142857,0.0,0.2857142857142857,0.0,0.4285714285714285,0.0,7.0,0.4285714285714285,5,False,False,False,False,1,0.0
official_us_newyork_state,Jayden,M,,4125,dʒeɪdən,0.4285714285714285,0.5714285714285714,0.5714285714285714,0.5714285714285714,0.0,0.0,0.1428571428571428,0.1428571428571428,1.0,0.6428571428571429,0.5714285714285714,0.3571428571428571,0.0,0.1428571428571428,0.0,0.1428571428571428,0.0,0.4285714285714285,0.0,7.0,0.4285714285714285,6,False,False,False,False,1,0.0
official_us_newyork_state,Joseph,M,,2836,dʒəʊsəf,0.4285714285714285,0.4285714285714285,0.5714285714285714,0.8571428571428571,0.0,0.0,0.0,0.4285714285714285,0.7142857142857143,0.6428571428571429,0.4285714285714285,0.4285714285714285,0.1428571428571428,0.1428571428571428,0.0,0.4285714285714285,0.1428571428571428,0.2857142857142857,0.0,7.0,0.4285714285714285,6,False,False,False,False,1,0.0
official_us_newyork_state,Liam,M,,9788,liːəm,0.5,1.0,0.5,0.75,0.0,0.25,0.25,0.0,1.0,0.75,0.25,0.375,0.25,0.25,0.0,0.25,0.0,0.5,0.25,4.0,0.5,4,False,False,False,False,1,0.0
official_us_newyork_state,Matthew,M,,4444,maθjuː,0.4,0.8,0.4,0.8,0.0,0.0,0.2,0.0,0.8,0.6,0.2,0.6,0.4,0.4,0.2,0.4,0.2,0.7,0.2,5.0,0.4,7,False,False,False,False,1,0.0
official_us_newyork_state,Michael,M,,9246,maɪkəl,0.5,0.8333333333333334,0.5,0.6666666666666666,0.0,0.1666666666666666,0.1666666666666666,0.0,0.8333333333333334,0.5833333333333334,0.1666666666666666,0.4166666666666667,0.1666666666666666,0.3333333333333333,0.1666666666666666,0.5,0.0,0.4166666666666667,0.0,6.0,0.5,7,False,False,False,False,1,0.0
official_us_newyork_state,Olivia,F,,10298,ɒlɪviə,0.6666666666666666,0.8333333333333334,0.3333333333333333,1.0,0.0,0.1666666666666666,0.0,0.1666666666666666,1.0,0.6666666666666666,0.1666666666666666,0.4166666666666667,0.1666666666666666,0.3333333333333333,0.1666666666666666,0.3333333333333333,0.1666666666666666,0.5,0.0,6.0,0.6666666666666666,6,False,False,False,False,0,0.0
official_us_newyork_state,Ryan,M,,2695,ɹaɪən,0.6,1.0,0.2,0.8,0.0,0.0,0.2,0.0,1.0,0.7,0.4,0.3,0.0,0.4,0.2,0.4,0.2,0.4,0.0,5.0,0.6,4,False,False,False,False,1,0.0
official_us_newyork_state,Sophia,F,,8799,səʊfiə,0.6666666666666666,0.6666666666666666,0.3333333333333333,1.0,0.0,0.0,0.0,0.3333333333333333,0.6666666666666666,0.6666666666666666,0.1666666666666666,0.4166666666666667,0.1666666666666666,0.3333333333333333,0.0,0.5,0.1666666666666666,0.3333333333333333,0.0,6.0,0.6666666666666666,6,False,False,False,False,0,0.0
official_usa,Abigail,F,,40261,abɪɡeɪl,0.5714285714285714,0.7142857142857143,0.4285714285714285,0.7142857142857143,0.0,0.1428571428571428,0.0,0.0,1.0,0.5714285714285714,0.1428571428571428,0.4285714285714285,0.1428571428571428,0.4285714285714285,0.1428571428571428,0.2857142857142857,0.0,0.5,0.0,7.0,0.5714285714285714,7,False,False,False,False,0,0.0
official_usa,Aiden,M,,44209,eɪdən,0.6,0.8,0.4,0.6,0.0,0.0,0.2,0.0,1.0,0.7,0.4,0.3,0.0,0.2,0.0,0.2,0.0,0.4,0.0,5.0,0.6,5,False,False,False,False,1,0.0
official_usa,Alexander,M,,51858,alɪɡzandə,0.4444444444444444,0.6666666666666666,0.5555555555555556,0.6666666666666666,0.0,0.1111111111111111,0.1111111111111111,0.1111111111111111,1.0,0.6666666666666666,0.4444444444444444,0.2777777777777778,0.0,0.2222222222222222,0.2222222222222222,0.4444444444444444,0.0,0.5,0.0,9.0,0.4444444444444444,9,False,False,False,False,1,0.0
official_usa,Amelia,F,,63582,ɐmiːliə,0.6666666666666666,1.0,0.3333333333333333,0.8333333333333334,0.0,0.1666666666666666,0.1666666666666666,0.0,1.0,0.6666666666666666,0.1666666666666666,0.4166666666666667,0.1666666666666666,0.3333333333333333,0.0,0.1666666666666666,0.0,0.6666666666666666,0.1666666666666666,6.0,0.6666666666666666,6,False,False,False,False,0,0.0
official_usa,Aria,F,,33489,eəɹiə,0.8,1.0,0.0,1.0,0.0,0.0,0.0,0.0,1.0,0.6,0.2,0.4,0.0,0.4,0.0,0.4,0.2,0.5,0.0,5.0,0.8,4,False,False,False,False,0,0.0
official_usa,Ava,F,,66741,ɑːvə,0.6666666666666666,0.6666666666666666,0.3333333333333333,1.0,0.1666666666666666,0.0,0.0,0.3333333333333333,1.0,0.6666666666666666,0.0,0.5,0.3333333333333333,0.0,0.3333333333333333,0.6666666666666666,0.0,0.5,0.3333333333333333,3.0,0.6666666666666666,3,False,False,False,False,0,0.0
official_usa,Avery,F,,35246,eɪvəɹi,0.6666666666666666,0.8333333333333334,0.1666666666666666,1.0,0.0,0.0,0.0,0.1666666666666666,1.0,0.6666666666666666,0.1666666666666666,0.4166666666666667,0.1666666666666666,0.5,0.0,0.1666666666666666,0.1666666666666666,0.5,0.0,6.0,0.6666666666666666,5,False,False,False,False,0,0.0
official_usa,Benjamin,M,,61566,bɛndʒəmɪn,0.3333333333333333,0.6666666666666666,0.6666666666666666,0.4444444444444444,0.0,0.0,0.3333333333333333,0.1111111111111111,1.0,0.7222222222222222,0.4444444444444444,0.3888888888888889,0.2222222222222222,0.1111111111111111,0.0,0.1111111111111111,0.0,0.3333333333333333,0.0,9.0,0.3333333333333333,8,False,False,False,False,1,0.0
official_usa,Camila,F,,39551,kamɪlə,0.5,0.8333333333333334,0.5,0.6666666666666666,0.0,0.1666666666666666,0.1666666666666666,0.0,0.8333333333333334,0.5833333333333334,0.1666666666666666,0.4166666666666667,0.1666666666666666,0.3333333333333333,0.1666666666666666,0.5,0.0,0.4166666666666667,0.0,6.0,0.5,6,False,False,False,False,0,0.0
official_usa,Charlotte,F,,65675,ʃɑːlət,0.4,0.6,0.6,0.8,0.1,0.2,0.0,0.2,0.6,0.6,0.6,0.4,0.0,0.0,0.2,0.4,0.0,0.5,0.2,5.0,0.4,9,False,False,False,False,0,0.0
official_usa,Chloe,F,,32052,kləʊi,0.6,0.8,0.4,0.8,0.0,0.2,0.0,0.0,0.8,0.5,0.2,0.4,0.0,0.6,0.0,0.6,0.2,0.4,0.0,5.0,0.6,5,False,False,False,False,0,0.0
official_usa,Daniel,M,,49657,danjəl,0.3333333333333333,0.8333333333333334,0.5,0.6666666666666666,0.0,0.1666666666666666,0.1666666666666666,0.0,1.0,0.6666666666666666,0.5,0.25,0.0,0.1666666666666666,0.1666666666666666,0.3333333333333333,0.0,0.5,0.0,6.0,0.3333333333333333,6,False,False,False,False,1,0.0
official_usa,David,M,,42799,deɪvɪd,0.5,0.5,0.5,0.6666666666666666,0.0,0.0,0.0,0.1666666666666666,1.0,0.75,0.3333333333333333,0.3333333333333333,0.1666666666666666,0.3333333333333333,0.0,0.0,0.0,0.4166666666666667,0.0,6.0,0.5,5,False,False,False,False,1,0.0
official_usa,Eleanor,F,,32325,ɪliːnə,0.6,1.0,0.4,0.8,0.0,0.2,0.2,0.0,1.0,0.7,0.4,0.3,0.0,0.4,0.0,0.2,0.0,0.4,0.2,5.0,0.6,7,False,False,False,False,0,0.0
official_usa,Elijah,M,,64564,ɪlaɪdʒə,0.5714285714285714,0.7142857142857143,0.4285714285714285,0.8571428571428571,0.0,0.1428571428571428,0.0,0.1428571428571428,1.0,0.5714285714285714,0.4285714285714285,0.4285714285714285,0.0,0.2857142857142857,0.1428571428571428,0.2857142857142857,0.0,0.3571428571428571,0.0,7.0,0.5714285714285714,6,False,False,False,False,1,0.0
official_usa,Elizabeth,F,,38089,ɪlɪzəbəθ,0.5,0.625,0.5,0.875,0.0,0.125,0.0,0.125,0.875,0.75,0.375,0.4375,0.125,0.25,0.0,0.25,0.0,0.25,0.0,8.0,0.5,9,False,False,False,False,0,0.0
official_usa,Ella,F,,36941,ɛlə,0.6666666666666666,1.0,0.3333333333333333,1.0,0.0,0.3333333333333333,0.0,0.0,1.0,0.6666666666666666,0.3333333333333333,0.3333333333333333,0.0,0.0,0.0,0.3333333333333333,0.0,0.1666666666666666,0.0,3.0,0.6666666666666666,4,False,False,False,False,0,0.0
official_usa,Emily,F,,36972,ɛmɪli,0.6,1.0,0.4,0.8,0.0,0.2,0.2,0.0,1.0,0.7,0.2,0.4,0.2,0.4,0.0,0.0,0.0,0.4,0.0,5.0,0.6,5,False,False,False,False,0,0.0
official_usa,Emma,F,,81794,ɛmə,0.6666666666666666,1.0,0.3333333333333333,0.6666666666666666,0.0,0.0,0.3333333333333333,0.0,1.0,0.6666666666666666,0.0,0.5,0.3333333333333333,0.0,0.0,0.3333333333333333,0.0,0.1666666666666666,0.0,3.0,0.6666666666666666,4,False,False,False,False,0,0.0
official_usa,Ethan,M,,49954,iːθən,0.5,0.75,0.5,0.75,0.0,0.0,0.25,0.0,0.75,0.75,0.5,0.5,0.0,0.25,0.0,0.25,0.0,0.5,0.25,4.0,0.5,5,False,False,False,False,1,0.0
official_usa,Evelyn,F,,49208,iːvlɪn,0.4,0.8,0.6,0.8,0.0,0.2,0.2,0.2,1.0,0.8,0.4,0.3,0.2,0.4,0.0,0.0,0.0,0.5,0.2,5.0,0.4,6,False,False,False,False,0,0.0
official_usa,Gianna,F,,28662,dʒaɪənə,0.5714285714285714,0.7142857142857143,0.4285714285714285,0.7142857142857143,0.0,0.0,0.1428571428571428,0.1428571428571428,1.0,0.5714285714285714,0.4285714285714285,0.4285714285714285,0.0,0.1428571428571428,0.1428571428571428,0.4285714285714285,0.0,0.3571428571428571,0.0,7.0,0.5714285714285714,6,False,False,False,False,0,0.0
official_usa,Grace,F,,29341,ɡɹeɪs,0.4,0.6,0.4,0.8,0.0,0.0,0.0,0.2,0.8,0.6,0.4,0.3,0.0,0.6,0.0,0.2,0.2,0.5,0.0,5.0,0.4,5,False,False,False,False,0,0.0
official_usa,Harper,F,,46650,hɑːpə,0.5,0.75,0.5,0.75,0.125,0.0,0.0,0.0,0.5,0.5,0.0,0.5,0.25,0.0,0.25,0.75,0.0,0.5,0.25,4.0,0.5,6,False,False,False,False,0,0.0
official_usa,Henry,M,,54904,hɛnɹi,0.4,1.0,0.4,0.8,0.0,0.0,0.2,0.0,0.8,0.6,0.4,0.3,0.0,0.4,0.0,0.2,0.2,0.5,0.0,5.0,0.4,5,False,False,False,False,1,0.0
official_usa,Isabella,F,,63233,ɪseɪbɛlə,0.625,0.75,0.375,0.875,0.0,0.125,0.0,0.125,0.875,0.6875,0.25,0.375,0.125,0.25,0.0,0.125,0.0,0.3125,0.0,8.0,0.625,8,False,False,False,False,0,0.0
official_usa,Jack,M,,45729,dʒak,0.25,0.25,0.75,0.5,0.0,0.0,0.0,0.25,0.75,0.375,0.5,0.5,0.0,0.25,0.25,0.5,0.0,0.625,0.0,4.0,0.25,4,False,False,False,False,1,0.0
official_usa,Jackson,M,,47116,dʒaksən,0.2857142857142857,0.4285714285714285,0.7142857142857143,0.5714285714285714,0.0,0.0,0.1428571428571428,0.2857142857142857,0.7142857142857143,0.5714285714285714,0.5714285714285714,0.3571428571428571,0.0,0.1428571428571428,0.1428571428571428,0.4285714285714285,0.0,0.5,0.0,7.0,0.2857142857142857,7,False,False,False,False,1,0.0
official_usa,Jacob,M,,48122,dʒeɪkəb,0.4285714285714285,0.4285714285714285,0.5714285714285714,0.5714285714285714,0.0,0.0,0.0,0.1428571428571428,0.8571428571428571,0.5,0.2857142857142857,0.5,0.1428571428571428,0.2857142857142857,0.0,0.2857142857142857,0.0,0.4285714285714285,0.0,7.0,0.4285714285714285,5,False,False,False,False,1,0.0
official_usa,James,M,,63789,dʒeɪmz,0.3333333333333333,0.5,0.6666666666666666,0.6666666666666666,0.0,0.0,0.1666666666666666,0.3333333333333333,1.0,0.6666666666666666,0.5,0.4166666666666667,0.1666666666666666,0.1666666666666666,0.0,0.0,0.0,0.5,0.0,6.0,0.3333333333333333,5,False,False,False,False,1,0.0
official_usa,John,M,,42492,dʒɒn,0.25,0.5,0.75,0.5,0.0,0.0,0.25,0.25,1.0,0.625,0.75,0.375,0.0,0.0,0.25,0.25,0.25,0.625,0.0,4.0,0.25,4,False,False,False,False,1,0.0
official_usa,Joseph,M,,43313,dʒəʊsəf,0.4285714285714285,0.4285714285714285,0.5714285714285714,0.8571428571428571,0.0,0.0,0.0,0.4285714285714285,0.7142857142857143,0.6428571428571429,0.4285714285714285,0.4285714285714285,0.1428571428571428,0.1428571428571428,0.0,0.4285714285714285,0.1428571428571428,0.2857142857142857,0.0,7.0,0.4285714285714285,6,False,False,False,False,1,0.0
official_usa,Layla,F,,31686,leɪlə,0.6,1.0,0.4,1.0,0.0,0.4,0.0,0.0,1.0,0.7,0.4,0.3,0.0,0.2,0.0,0.2,0.0,0.4,0.0,5.0,0.6,5,False,False,False,False,0,0.0
official_usa,Levi,M,,46104,lɛvi,0.5,0.75,0.5,1.0,0.0,0.25,0.0,0.25,1.0,0.75,0.25,0.375,0.25,0.25,0.0,0.0,0.0,0.5,0.0,4.0,0.5,4,False,False,False,False,1,0.0
official_usa,Liam,M,,101424,liːəm,0.5,1.0,0.5,0.75,0.0,0.25,0.25,0.0,1.0,0.75,0.25,0.375,0.25,0.25,0.0,0.25,0.0,0.5,0.25,4.0,0.5,4,False,False,False,False,1,0.0
official_usa,Logan,M,,48606,ləʊɡən,0.5,0.8333333333333334,0.5,0.6666666666666666,0.0,0.1666666666666666,0.1666666666666666,0.0,1.0,0.5833333333333334,0.3333333333333333,0.3333333333333333,0.0,0.3333333333333333,0.0,0.6666666666666666,0.1666666666666666,0.25,0.0,6.0,0.5,5,False,False,False,False,1,0.0
official_usa,Lucas,M,,59062,luːkəz,0.4,0.6,0.6,0.8,0.0,0.2,0.0,0.2,0.8,0.6,0.4,0.3,0.2,0.4,0.0,0.6,0.2,0.5,0.2,5.0,0.4,5,False,False,False,False,1,0.0
official_usa,Luna,F,,39779,luːnə,0.5,1.0,0.5,0.75,0.0,0.25,0.25,0.0,1.0,0.75,0.5,0.25,0.25,0.25,0.0,0.5,0.25,0.5,0.25,4.0,0.5,4,False,False,False,False,0,0.0
official_usa,Madison,F,,31116,madɪsən,0.4285714285714285,0.7142857142857143,0.5714285714285714,0.5714285714285714,0.0,0.0,0.2857142857142857,0.1428571428571428,0.8571428571428571,0.7857142857142857,0.4285714285714285,0.2857142857142857,0.1428571428571428,0.1428571428571428,0.1428571428571428,0.2857142857142857,0.0,0.4285714285714285,0.0,7.0,0.4285714285714285,7,False,False,False,False,0,0.0
official_usa,Mason,M,,51248,meɪsən,0.5,0.8333333333333334,0.5,0.6666666666666666,0.0,0.0,0.3333333333333333,0.1666666666666666,0.8333333333333334,0.75,0.3333333333333333,0.3333333333333333,0.1666666666666666,0.1666666666666666,0.0,0.1666666666666666,0.0,0.4166666666666667,0.0,6.0,0.5,5,False,False,False,False,1,0.0
official_usa,Mateo,M,,45810,mɐteɪəʊ,0.7142857142857143,0.8571428571428571,0.2857142857142857,0.7142857142857143,0.0,0.0,0.1428571428571428,0.0,0.8571428571428571,0.6428571428571429,0.1428571428571428,0.4285714285714285,0.1428571428571428,0.2857142857142857,0.0,0.2857142857142857,0.1428571428571428,0.4285714285714285,0.0,7.0,0.7142857142857143,5,False,False,False,False,1,0.0
official_usa,Matthew,M,,41960,maθjuː,0.4,0.8,0.4,0.8,0.0,0.0,0.2,0.0,0.8,0.6,0.2,0.6,0.4,0.4,0.2,0.4,0.2,0.7,0.2,5.0,0.4,7,False,False,False,False,1,0.0
official_usa,Mia,F,,58740,miə,0.6666666666666666,1.0,0.3333333333333333,0.6666666666666666,0.0,0.0,0.3333333333333333,0.0,1.0,0.6666666666666666,0.0,0.5,0.3333333333333333,0.3333333333333333,0.0,0.3333333333333333,0.0,0.5,0.0,3.0,0.6666666666666666,3,False,False,False,False,0,0.0
official_usa,Michael,M,,50212,maɪkəl,0.5,0.8333333333333334,0.5,0.6666666666666666,0.0,0.1666666666666666,0.1666666666666666,0.0,0.8333333333333334,0.5833333333333334,0.1666666666666666,0.4166666666666667,0.1666666666666666,0.3333333333333333,0.1666666666666666,0.5,0.0,0.4166666666666667,0.0,6.0,0.5,7,False,False,False,False,1,0.0
official_usa,Mila,F,,34971,miːlə,0.5,1.0,0.5,0.75,0.0,0.25,0.25,0.0,1.0,0.75,0.25,0.375,0.25,0.25,0.0,0.25,0.0,0.5,0.25,4.0,0.5,4,False,False,False,False,0,0.0
official_usa,Noah,M,,93693,nəʊʌ,0.75,1.0,0.25,0.75,0.0,0.0,0.25,0.0,1.0,0.625,0.25,0.375,0.0,0.25,0.0,0.75,0.25,0.375,0.0,4.0,0.75,4,False,False,False,False,1,0.0
official_usa,Nora,F,,29775,nɔːɹə,0.5,1.0,0.25,0.75,0.0,0.0,0.25,0.0,1.0,0.75,0.5,0.25,0.0,0.25,0.0,0.5,0.5,0.25,0.25,4.0,0.5,4,False,False,False,False,0,0.0
official_usa,Oliver,M,,71606,ɒlɪvə,0.6,0.8,0.4,1.0,0.0,0.2,0.0,0.2,1.0,0.7,0.2,0.4,0.2,0.2,0.2,0.4,0.2,0.4,0.0,5.0,0.6,6,False,False,False,False,1,0.0
official_usa,Olivia,F,,88801,ɒlɪviə,0.6666666666666666,0.8333333333333334,0.3333333333333333,1.0,0.0,0.1666666666666666,0.0,0.1666666666666666,1.0,0.6666666666666666,0.1666666666666666,0.4166666666666667,0.1666666666666666,0.3333333333333333,0.1666666666666666,0.3333333333333333,0.1666666666666666,0.5,0.0,6.0,0.6666666666666666,6,False,False,False,False,0,0.0
official_usa,Owen,M,,44700,əʊɪn,0.75,1.0,0.25,0.75,0.0,0.0,0.25,0.0,1.0,0.625,0.25,0.375,0.0,0.5,0.0,0.5,0.25,0.125,0.0,4.0,0.75,4,False,False,False,False,1,0.0
official_usa,Penelope,F,,32193,pənɛləpi,0.5,0.75,0.5,0.625,0.0,0.125,0.125,0.0,0.75,0.75,0.25,0.375,0.25,0.125,0.0,0.25,0.0,0.375,0.0,8.0,0.5,8,False,False,False,False,0,0.0
official_usa,Samuel,M,,44743,samjuːl,0.3333333333333333,0.8333333333333334,0.5,0.8333333333333334,0.0,0.1666666666666666,0.1666666666666666,0.1666666666666666,0.8333333333333334,0.6666666666666666,0.3333333333333333,0.3333333333333333,0.3333333333333333,0.3333333333333333,0.1666666666666666,0.3333333333333333,0.1666666666666666,0.6666666666666666,0.1666666666666666,6.0,0.3333333333333333,6,False,False,False,False,1,0.0
official_usa,Scarlett,F,,34708,skɑːlɪt,0.3333333333333333,0.5,0.6666666666666666,0.6666666666666666,0.0833333333333333,0.1666666666666666,0.0,0.1666666666666666,0.5,0.6666666666666666,0.5,0.25,0.0,0.3333333333333333,0.1666666666666666,0.3333333333333333,0.0,0.5,0.1666666666666666,6.0,0.3333333333333333,8,False,False,False,False,0,0.0
official_usa,Sebastian,M,,47360,səbastʃən,0.3333333333333333,0.4444444444444444,0.6666666666666666,0.6666666666666666,0.0,0.0,0.1111111111111111,0.3333333333333333,0.5555555555555556,0.7222222222222222,0.5555555555555556,0.3333333333333333,0.1111111111111111,0.0,0.1111111111111111,0.3333333333333333,0.0,0.4444444444444444,0.0,9.0,0.3333333333333333,9,False,False,False,False,1,0.0
official_usa,Sofia,F,,36311,səʊfiə,0.6666666666666666,0.6666666666666666,0.3333333333333333,1.0,0.0,0.0,0.0,0.3333333333333333,0.6666666666666666,0.6666666666666666,0.1666666666666666,0.4166666666666667,0.1666666666666666,0.3333333333333333,0.0,0.5,0.1666666666666666,0.3333333333333333,0.0,6.0,0.6666666666666666,5,False,False,False,False,0,0.0
official_usa,Sophia,F,,65865,səʊfiə,0.6666666666666666,0.6666666666666666,0.3333333333333333,1.0,0.0,0.0,0.0,0.3333333333333333,0.6666666666666666,0.6666666666666666,0.1666666666666666,0.4166666666666667,0.1666666666666666,0.3333333333333333,0.0,0.5,0.1666666666666666,0.3333333333333333,0.0,6.0,0.6666666666666666,6,False,False,False,False,0,0.0
official_usa,Theodore,M,,44030,θiːədɔː,0.6,0.6,0.4,0.8,0.0,0.0,0.0,0.0,0.8,0.7,0.4,0.5,0.0,0.2,0.0,0.4,0.2,0.4,0.4,5.0,0.6,8,False,False,False,False,1,0.0
official_usa,Victoria,F,,28302,vɪktɔːɹiə,0.5,0.625,0.375,0.75,0.0,0.0,0.0,0.125,0.75,0.625,0.25,0.375,0.125,0.5,0.0,0.375,0.25,0.375,0.125,8.0,0.5,8,False,False,False,False,0,0.0
official_usa,William,M,,64482,wɪliəm,0.5,1.0,0.3333333333333333,0.8333333333333334,0.0,0.1666666666666666,0.1666666666666666,0.0,1.0,0.5833333333333334,0.1666666666666666,0.4166666666666667,0.3333333333333333,0.5,0.0,0.3333333333333333,0.1666666666666666,0.4166666666666667,0.0,6.0,0.5,7,False,False,False,False,1,0.0
official_usa,Wyatt,M,,41457,waɪət,0.6,0.8,0.2,0.8,0.0,0.0,0.0,0.0,0.8,0.5,0.2,0.4,0.2,0.4,0.2,0.6,0.2,0.4,0.0,5.0,0.6,5,False,False,False,False,1,0.0
official_uzbekistan,Abdulloh,M,,18116,æbdʊɫɫɑh,0.375,0.75,0.625,0.75,0.1875,0.25,0.0,0.0,0.875,0.6875,0.375,0.3125,0.125,0.125,0.25,0.375,0.125,0.5625,0.0,8.0,0.375,8,False,False,False,False,1,0.0
official_uzbekistan,Hadicha,F,,10759,hædytSæ,0.5,0.6666666666666666,0.5,0.6666666666666666,0.0,0.0,0.0,0.0,0.6666666666666666,0.5833333333333334,0.3333333333333333,0.3333333333333333,0.1666666666666666,0.1666666666666666,0.3333333333333333,0.1666666666666666,0.1666666666666666,0.75,0.0,6.0,0.5,7,False,False,False,False,0,0.0
official_uzbekistan,Ifora,F,,7586,yfɑɾæ,0.6,0.8,0.4,1.0,0.2,0.0,0.0,0.2,0.8,0.7,0.2,0.4,0.4,0.3,0.5,0.2,0.2,0.8,0.0,5.0,0.6,5,False,False,False,False,0,0.0
official_uzbekistan,Imona,F,,10310,ymɑnæ,0.6,1.0,0.4,0.6,0.1,0.0,0.4,0.0,1.0,0.7,0.2,0.4,0.4,0.2,0.4,0.2,0.2,0.8,0.0,5.0,0.6,5,False,False,False,False,0,0.0
official_uzbekistan,Imronbek,M,,8591,ymɾɑnbek,0.375,0.75,0.625,0.5,0.125,0.0,0.25,0.0,0.875,0.6875,0.25,0.375,0.375,0.3125,0.1875,0.25,0.125,0.6875,0.0,8.0,0.375,8,False,False,False,False,1,0.0
official_uzbekistan,Mubina,F,,6585,mʊbynæ,0.5,0.8333333333333334,0.5,0.5,0.0,0.0,0.3333333333333333,0.0,1.0,0.75,0.1666666666666666,0.4166666666666667,0.5,0.3333333333333333,0.1666666666666666,0.1666666666666666,0.3333333333333333,0.5833333333333334,0.0,6.0,0.5,6,False,False,False,False,0,0.0
official_uzbekistan,Muhammad,M,,17025,mʊhæmmæd,0.375,0.875,0.625,0.5,0.0,0.0,0.375,0.0,0.875,0.6875,0.125,0.4375,0.375,0.125,0.25,0.25,0.125,0.5625,0.0,8.0,0.375,8,False,False,False,False,1,0.0
official_uzbekistan,Muhammadali,M,,27431,mʊhæmmædæɫy,0.4545454545454545,0.9090909090909092,0.5454545454545454,0.6363636363636364,0.0454545454545454,0.0909090909090909,0.2727272727272727,0.0,0.9090909090909092,0.6818181818181818,0.1818181818181818,0.4090909090909091,0.3636363636363636,0.1818181818181818,0.2727272727272727,0.1818181818181818,0.1818181818181818,0.6363636363636364,0.0,11.0,0.4545454545454545,11,False,False,False,False,1,0.0
official_uzbekistan,Muhammadjon,M,,8843,mʊhæmmæddʒɑn,0.3333333333333333,0.75,0.6666666666666666,0.5,0.0416666666666666,0.0,0.3333333333333333,0.0833333333333333,0.9166666666666666,0.6666666666666666,0.3333333333333333,0.4166666666666667,0.25,0.0833333333333333,0.25,0.25,0.0833333333333333,0.5833333333333334,0.0,12.0,0.3333333333333333,11,False,False,False,False,1,0.0
official_uzbekistan,Muhammadmin,M,,12450,mʊhæmmædmyn,0.3636363636363636,0.9090909090909092,0.6363636363636364,0.4545454545454545,0.0,0.0,0.4545454545454545,0.0,0.9090909090909092,0.7272727272727273,0.1818181818181818,0.4090909090909091,0.4545454545454545,0.1818181818181818,0.1818181818181818,0.1818181818181818,0.1818181818181818,0.5909090909090909,0.0,11.0,0.3636363636363636,11,False,False,False,False,1,0.0
official_uzbekistan,Muhammadyusuf,M,,13774,mʊhæmmædjʊsʊf,0.3846153846153846,0.7692307692307693,0.5384615384615384,0.6923076923076923,0.0,0.0,0.2307692307692307,0.1538461538461538,0.7692307692307693,0.6538461538461539,0.1538461538461538,0.4230769230769231,0.3076923076923077,0.3076923076923077,0.1538461538461538,0.3076923076923077,0.2307692307692307,0.4615384615384615,0.0,13.0,0.3846153846153846,13,False,False,False,False,1,0.0
official_uzbekistan,Muhammadziyo,M,,8135,mʊhæmmædzyjɑ,0.4166666666666667,0.8333333333333334,0.5,0.6666666666666666,0.0416666666666666,0.0,0.25,0.0833333333333333,0.9166666666666666,0.625,0.1666666666666666,0.4166666666666667,0.3333333333333333,0.25,0.25,0.25,0.1666666666666666,0.625,0.0,12.0,0.4166666666666667,12,False,False,False,False,1,0.0
official_uzbekistan,Muslima,F,,15918,mʊsɫymæ,0.4285714285714285,0.8571428571428571,0.5714285714285714,0.7142857142857143,0.0714285714285714,0.1428571428571428,0.2857142857142857,0.1428571428571428,0.8571428571428571,0.7857142857142857,0.2857142857142857,0.3571428571428571,0.4285714285714285,0.2857142857142857,0.1428571428571428,0.1428571428571428,0.2857142857142857,0.5714285714285714,0.0,7.0,0.4285714285714285,7,False,False,False,False,0,0.0
official_uzbekistan,Mustafo,M,,22880,mʊstæfɑ,0.4285714285714285,0.5714285714285714,0.5714285714285714,0.7142857142857143,0.0714285714285714,0.0,0.1428571428571428,0.2857142857142857,0.5714285714285714,0.7857142857142857,0.2857142857142857,0.3571428571428571,0.2857142857142857,0.1428571428571428,0.2857142857142857,0.2857142857142857,0.1428571428571428,0.5714285714285714,0.0,7.0,0.4285714285714285,7,False,False,False,False,1,0.0
official_uzbekistan,Nurmuhammed,M,,9017,nʊɾmʊhæmmed,0.3636363636363636,0.9090909090909092,0.6363636363636364,0.5454545454545454,0.0454545454545454,0.0,0.3636363636363636,0.0,0.9090909090909092,0.7272727272727273,0.2727272727272727,0.3636363636363636,0.2727272727272727,0.2272727272727272,0.1363636363636363,0.2727272727272727,0.1818181818181818,0.5,0.0,11.0,0.3636363636363636,11,False,False,False,False,1,0.0
official_uzbekistan,Sa'Diya,F,,6639,sæʔdyjæ,0.4285714285714285,0.7142857142857143,0.2857142857142857,0.7142857142857143,0.0,0.0,0.0,0.1428571428571428,0.7142857142857143,0.5,0.2857142857142857,0.3571428571428571,0.1428571428571428,0.2857142857142857,0.2857142857142857,0.1428571428571428,0.1428571428571428,0.7142857142857143,0.0,7.0,0.4285714285714285,7,False,False,False,False,0,0.0
official_uzbekistan,Shukrona,F,,9330,ʃʊkɾɑnæ,0.4285714285714285,0.7142857142857143,0.5714285714285714,0.7142857142857143,0.1428571428571428,0.0,0.1428571428571428,0.1428571428571428,0.7142857142857143,0.5,0.4285714285714285,0.4285714285714285,0.0,0.3571428571428571,0.3571428571428571,0.4285714285714285,0.1428571428571428,0.5714285714285714,0.0,7.0,0.4285714285714285,8,False,False,False,False,0,0.0
official_uzbekistan,Soliha,F,,24365,sɑɫyhæ,0.5,0.8333333333333334,0.5,1.0,0.1666666666666666,0.1666666666666666,0.0,0.1666666666666666,0.6666666666666666,0.5833333333333334,0.3333333333333333,0.3333333333333333,0.1666666666666666,0.1666666666666666,0.3333333333333333,0.3333333333333333,0.1666666666666666,0.75,0.0,6.0,0.5,6,False,False,False,False,0,0.0
official_uzbekistan,Sumayya,F,,9279,sʊmæjjæ,0.4285714285714285,0.8571428571428571,0.2857142857142857,0.8571428571428571,0.0,0.0,0.1428571428571428,0.1428571428571428,0.8571428571428571,0.5,0.1428571428571428,0.4285714285714285,0.1428571428571428,0.4285714285714285,0.2857142857142857,0.1428571428571428,0.1428571428571428,0.5714285714285714,0.0,7.0,0.4285714285714285,7,False,False,False,False,0,0.0
official_uzbekistan,Yasmina,F,,19911,jæsmynæ,0.4285714285714285,0.8571428571428571,0.4285714285714285,0.7142857142857143,0.0,0.0,0.2857142857142857,0.1428571428571428,0.8571428571428571,0.6428571428571429,0.2857142857142857,0.3571428571428571,0.2857142857142857,0.2857142857142857,0.2857142857142857,0.0,0.1428571428571428,0.7142857142857143,0.0,7.0,0.4285714285714285,7,False,False,False,False,0,0.0
